<?xml version='1.0' encoding='UTF-8' standalone='no'?>
<sbml xmlns="http://www.sbml.org/sbml/level2/version4" layout:required="false" level="2" metaid="ea555a43-a3cc-408f-88c0-c05040e6cfb4" version="4" xmlns:layout="http://www.w3.org/2001/XMLSchema-instance" xmlns:xhtml="http://www.w3.org/1999/xhtml" xmlns:xsi="http://www.w3.org/2001/XMLSchema-instance">
  <model id="Nag2011_ChloroplasticStarchDegradation" metaid="NREL_starchdegradation_001" name="Nag2011_ChloroplasticStarchDegradation">
    <notes>
      <body xmlns="http://www.w3.org/1999/xhtml">
        <p>
      This model is from the article:
      <br/>
        <strong> Kinetic modeling and exploratory numerical simulation of chloroplastic starch degradation.
</strong>
        <br/>
Nag A, Lunacek M, Graf PA, Chang CH.
      <em>BMC Syst Biol.</em>2011 Jun 18;5:94. 
      <a href="http://www.ncbi.nlm.nih.gov/pubmed/21682905">21682905</a>,
      <br/>
        <strong>Abstract:</strong>
        <br/>
BACKGROUND:

Higher plants and algae are able to fix atmospheric carbon dioxide through photosynthesis and store this fixed carbon in large quantities as starch, which can be hydrolyzed into sugars serving as feedstock for fermentation to biofuels and precursors. Rational engineering of carbon flow in plant cells requires a greater understanding of how starch breakdown fluxes respond to variations in enzyme concentrations, kinetic parameters, and metabolite concentrations. We have therefore developed and simulated a detailed kinetic ordinary differential equation model of the degradation pathways for starch synthesized in plants and green algae, which to our knowledge is the most complete such model reported to date.
RESULTS:

Simulation with 9 internal metabolites and 8 external metabolites, the concentrations of the latter fixed at reasonable biochemical values, leads to a single reference solution showing β-amylase activity to be the rate-limiting step in carbon flow from starch degradation. Additionally, the response coefficients for stromal glucose to the glucose transporter kcat and KM are substantial, whereas those for cytosolic glucose are not, consistent with a kinetic bottleneck due to transport. Response coefficient norms show stromal maltopentaose and cytosolic glucosylated arabinogalactan to be the most and least globally sensitive metabolites, respectively, and β-amylase kcat and KM for starch to be the kinetic parameters with the largest aggregate effect on metabolite concentrations as a whole. The latter kinetic parameters, together with those for glucose transport, have the greatest effect on stromal glucose, which is a precursor for biofuel synthetic pathways. Exploration of the steady-state solution space with respect to concentrations of 6 external metabolites and 8 dynamic metabolite concentrations show that stromal metabolism is strongly coupled to starch levels, and that transport between compartments serves to lower coupling between metabolic subsystems in different compartments.
CONCLUSIONS:

We find that in the reference steady state, starch cleavage is the most significant determinant of carbon flux, with turnover of oligosaccharides playing a secondary role. Independence of stationary point with respect to initial dynamic variable values confirms a unique stationary point in the phase space of dynamically varying concentrations of the model network. Stromal maltooligosaccharide metabolism was highly coupled to the available starch concentration. From the most highly converged trajectories, distances between unique fixed points of phase spaces show that cytosolic maltose levels depend on the total concentrations of arabinogalactan and glucose present in the cytosol. In addition, cellular compartmentalization serves to dampen much, but not all, of the effects of one subnetwork on another, such that kinetic modeling of single compartments would likely capture most dynamics that are fast on the timescale of the transport reactions.
   </p>
      <p>This model originates from BioModels Database: A Database of Annotated Published Models (http://www.ebi.ac.uk/biomodels/). It is copyright (c) 2005-2011 The BioModels.net Team.<br/>
For more information see the <a href="http://www.ebi.ac.uk/biomodels/legal.html" target="_blank">terms of use</a>.<br/>
To cite BioModels Database, please use: <a href="http://www.ncbi.nlm.nih.gov/pubmed/20587024" target="_blank">Li C, Donizelli M, Rodriguez N, Dharuri H, Endler L, Chelliah V, Li L, He E, Henry A, Stefan MI, Snoep JL, Hucka M, Le Novère N, Laibe C (2010) BioModels Database: An enhanced, curated and annotated resource for published quantitative kinetic models. BMC Syst Biol., 4:92.</a>
  </p>
</body>
</notes>
    <annotation>
  <rdf:RDF xmlns:rdf="http://www.w3.org/1999/02/22-rdf-syntax-ns#" xmlns:dc="http://purl.org/dc/elements/1.1/" xmlns:vCard="http://www.w3.org/2001/vcard-rdf/3.0#" xmlns:dcterms="http://purl.org/dc/terms/" xmlns:bqmodel="http://biomodels.net/model-qualifiers/" xmlns:bqbiol="http://biomodels.net/biology-qualifiers/">
        <rdf:Description rdf:about="#NREL_starchdegradation_001">
	<dc:creator>
	<rdf:Bag>
	<rdf:li rdf:parseType="Resource">
	<vCard:N rdf:parseType="Resource">
	<vCard:Family>Chelliah</vCard:Family>
	<vCard:Given>Vijayalakshmi</vCard:Given>
	</vCard:N>
	<vCard:EMAIL>viji@ebi.ac.uk</vCard:EMAIL>
	<vCard:ORG rdf:parseType="Resource">
	<vCard:Orgname>EMBL-EBI</vCard:Orgname>
	</vCard:ORG>
	</rdf:li>
	<rdf:li rdf:parseType="Resource">
	<vCard:N rdf:parseType="Resource">
	<vCard:Family>Nag</vCard:Family>
	<vCard:Given>Ambarish</vCard:Given>
	</vCard:N>
	<vCard:EMAIL>ambarish.nag@nrel.gov</vCard:EMAIL>
	<vCard:ORG rdf:parseType="Resource">
	<vCard:Orgname>National Renewable Energy Laboratory</vCard:Orgname>
	</vCard:ORG>
	</rdf:li>
	</rdf:Bag>
	</dc:creator>
	<dcterms:created rdf:parseType="Resource">
	<dcterms:W3CDTF>2010-11-01T00:00:00Z</dcterms:W3CDTF>
	</dcterms:created>
	<dcterms:modified rdf:parseType="Resource">
	<dcterms:W3CDTF>2014-04-01T13:29:14Z</dcterms:W3CDTF>
	</dcterms:modified>
	<bqmodel:is>
	<rdf:Bag>
	<rdf:li rdf:resource="http://identifiers.org/biomodels.db/MODEL1106030000"/>
	</rdf:Bag>
	</bqmodel:is>
	<bqmodel:is>
	<rdf:Bag>
	<rdf:li rdf:resource="http://identifiers.org/biomodels.db/BIOMD0000000353"/>
	</rdf:Bag>
	</bqmodel:is>
	<bqmodel:isDescribedBy>
	<rdf:Bag>
	<rdf:li rdf:resource="http://identifiers.org/pubmed/21682905"/>
	</rdf:Bag>
	</bqmodel:isDescribedBy>
	<bqmodel:isDerivedFrom>
	<rdf:Bag>
	<rdf:li rdf:resource="http://identifiers.org/pubmed/18581371"/>
	</rdf:Bag>
	</bqmodel:isDerivedFrom>
	<bqbiol:hasTaxon>
	<rdf:Bag>
	<rdf:li rdf:resource="http://identifiers.org/taxonomy/3701"/>
	</rdf:Bag>
	</bqbiol:hasTaxon>
	<bqbiol:isVersionOf>
	<rdf:Bag>
	<rdf:li rdf:resource="http://identifiers.org/go/GO:0005983"/>
	</rdf:Bag>
	</bqbiol:isVersionOf>
	<bqbiol:hasProperty>
	<rdf:Bag>
	<rdf:li rdf:resource="http://identifiers.org/mamo/MAMO_0000046"/>
	</rdf:Bag>
	</bqbiol:hasProperty>
	</rdf:Description>
	
  </rdf:RDF>
</annotation>
      <listOfUnitDefinitions>
      <unitDefinition id="per_s" metaid="b0d1718d-81d2-43d4-9c89-7e123bbf6a43">
        <listOfUnits>
          <unit exponent="-1" kind="second" metaid="_176ede2f-78e7-4946-bff8-136218a7b3d9"/>
        </listOfUnits>
      </unitDefinition>
      <unitDefinition id="volume" metaid="c62599e8-70ad-4bc2-ab91-f7c023ee7de5">
        <listOfUnits>
          <unit kind="litre" metaid="_8af8787c-2534-4ebb-af65-37236da10e5b"/>
        </listOfUnits>
      </unitDefinition>
      <unitDefinition id="area" metaid="_066b1185-7d73-4241-8cc2-ddd217bc17da">
        <listOfUnits>
          <unit exponent="2" kind="metre" metaid="a5508aff-81ef-450d-8a91-31001f77df8c" scale="-6"/>
        </listOfUnits>
      </unitDefinition>
      <unitDefinition id="umole" metaid="_4325f6dd-399a-4693-bf28-abe39efd48f0">
        <listOfUnits>
          <unit kind="mole" metaid="_33936e02-aa4e-4ca5-a871-c7a218a32623" scale="-6"/>
        </listOfUnits>
      </unitDefinition>
      <unitDefinition id="uM" metaid="_95ab9425-1523-45b3-8aa9-3a1aa64937a4">
        <listOfUnits>
          <unit kind="mole" metaid="_841ef97b-faba-4501-8f4a-e78e546b60e0" scale="-6"/>
          <unit exponent="-1" kind="litre" metaid="f1aae93b-41ce-4643-96c0-337eaaade892"/>
        </listOfUnits>
      </unitDefinition>
      <unitDefinition id="uM_per_s" metaid="_6573b7d6-cc8b-4127-ba63-6b492701fa15">
        <listOfUnits>
          <unit kind="mole" metaid="_3be43553-8057-4786-b13b-9b8fdb86d63e" scale="-6"/>
          <unit exponent="-1" kind="litre" metaid="e8bf97e4-3332-4b66-993b-0c27965fbb5e"/>
          <unit exponent="-1" kind="second" metaid="ba38c8cf-01bc-4803-a24c-ada95b092be9"/>
        </listOfUnits>
      </unitDefinition>
      <unitDefinition id="per_uM_per_s" metaid="c4abe0d0-22d9-4cf3-ac9b-8388f06df83f">
        <listOfUnits>
          <unit exponent="-1" kind="mole" metaid="_609351da-0766-425d-9d44-f3fbb496c79e" scale="-6"/>
          <unit kind="litre" metaid="b833bb55-77ab-4385-8e71-46d2fc993fee"/>
          <unit exponent="-1" kind="second" metaid="_56cb0837-022e-46bb-97df-45e57e8c26dd"/>
        </listOfUnits>
      </unitDefinition>
      <unitDefinition id="gm_per_L" metaid="fc4d6a2a-26c3-416e-a349-8bb5093466c5">
        <listOfUnits>
          <unit kind="gram" metaid="_32674dad-27f1-42c6-b504-cae9c18c3d24"/>
          <unit exponent="-1" kind="litre" metaid="c9e3eaf2-2826-4b8c-900b-cec6d852742c"/>
        </listOfUnits>
      </unitDefinition>
      <unitDefinition id="gm_per_L_2" metaid="c964eae1-33b8-4e0b-a5af-81823af97434">
        <listOfUnits>
          <unit exponent="2" kind="gram" metaid="_308160ba-3273-4895-b581-34becb6b35b0"/>
          <unit exponent="-2" kind="litre" metaid="dde589d2-584f-4e05-bbbe-c1253a162c2f"/>
        </listOfUnits>
      </unitDefinition>
      <unitDefinition id="gm_per_umole" metaid="_99f5b6aa-e1bb-4c75-9e0d-b04fd8c3c944">
        <listOfUnits>
          <unit kind="gram" metaid="_63305be6-4484-4cd4-a91b-3f69cf9b4e2f"/>
          <unit exponent="-1" kind="mole" metaid="_6f967f83-727b-48ad-a755-c11388c4070a" scale="-6"/>
        </listOfUnits>
      </unitDefinition>
    </listOfUnitDefinitions>
    <listOfCompartments>
      <compartment id="Cell" metaid="_032804" name="Cell" sboTerm="SBO:0000290" size="3.534E-12" units="volume">
        <annotation>
      <rdf:RDF xmlns:rdf="http://www.w3.org/1999/02/22-rdf-syntax-ns#" xmlns:bqmodel="http://biomodels.net/model-qualifiers/" xmlns:bqbiol="http://biomodels.net/biology-qualifiers/">
            <rdf:Description rdf:about="#_032804">
	<bqbiol:isVersionOf>
	<rdf:Bag>
	<rdf:li rdf:resource="http://identifiers.org/go/GO:0005623"/>
	</rdf:Bag>
	</bqbiol:isVersionOf>
	</rdf:Description>
	
      </rdf:RDF>
    </annotation>
            </compartment>
      <compartment constant="false" id="Cytosol" metaid="_032805" name="Cytosol" outside="Cell" sboTerm="SBO:0000290" size="1" units="volume">
        <annotation>
      <rdf:RDF xmlns:rdf="http://www.w3.org/1999/02/22-rdf-syntax-ns#" xmlns:bqmodel="http://biomodels.net/model-qualifiers/" xmlns:bqbiol="http://biomodels.net/biology-qualifiers/">
            <rdf:Description rdf:about="#_032805">
	<bqbiol:isVersionOf>
	<rdf:Bag>
	<rdf:li rdf:resource="http://identifiers.org/go/GO:0005829"/>
	</rdf:Bag>
	</bqbiol:isVersionOf>
	</rdf:Description>
	
      </rdf:RDF>
    </annotation>
            </compartment>
      <compartment constant="false" id="Chloroplast" metaid="_032806" name="Chloroplast" outside="Cytosol" sboTerm="SBO:0000290" size="1" units="volume">
        <annotation>
      <rdf:RDF xmlns:rdf="http://www.w3.org/1999/02/22-rdf-syntax-ns#" xmlns:bqmodel="http://biomodels.net/model-qualifiers/" xmlns:bqbiol="http://biomodels.net/biology-qualifiers/">
            <rdf:Description rdf:about="#_032806">
	<bqbiol:isVersionOf>
	<rdf:Bag>
	<rdf:li rdf:resource="http://identifiers.org/go/GO:0009507"/>
	</rdf:Bag>
	</bqbiol:isVersionOf>
	</rdf:Description>
	
      </rdf:RDF>
    </annotation>
            </compartment>
      <compartment id="ChloroplastOuterMembrane" metaid="_032807" name="Chloroplast Outer Membrane" outside="Cytosol" sboTerm="SBO:0000290" size="1000" spatialDimensions="2" units="area">
        <annotation>
      <rdf:RDF xmlns:rdf="http://www.w3.org/1999/02/22-rdf-syntax-ns#" xmlns:bqmodel="http://biomodels.net/model-qualifiers/" xmlns:bqbiol="http://biomodels.net/biology-qualifiers/">
            <rdf:Description rdf:about="#_032807">
	<bqbiol:isVersionOf>
	<rdf:Bag>
	<rdf:li rdf:resource="http://identifiers.org/go/GO:0009707"/>
	</rdf:Bag>
	</bqbiol:isVersionOf>
	</rdf:Description>
	
      </rdf:RDF>
    </annotation>
            </compartment>
      <compartment id="ChloroplastIntermembraneSpace" metaid="_032810" name="Chloroplast Intermembrane Space" outside="ChloroplastOuterMembrane" sboTerm="SBO:0000290" size="1" units="volume">
        <annotation>
      <rdf:RDF xmlns:rdf="http://www.w3.org/1999/02/22-rdf-syntax-ns#" xmlns:bqmodel="http://biomodels.net/model-qualifiers/" xmlns:bqbiol="http://biomodels.net/biology-qualifiers/">
            <rdf:Description rdf:about="#_032810">
	<bqbiol:isVersionOf>
	<rdf:Bag>
	<rdf:li rdf:resource="http://identifiers.org/go/GO:0031972"/>
	</rdf:Bag>
	</bqbiol:isVersionOf>
	</rdf:Description>
	
      </rdf:RDF>
    </annotation>
            </compartment>
      <compartment id="ChloroplastInnerMembrane" metaid="_032811" name="Chloroplast Inner Membrane" outside="ChloroplastIntermembraneSpace" sboTerm="SBO:0000290" size="1000" spatialDimensions="2" units="area">
        <annotation>
      <rdf:RDF xmlns:rdf="http://www.w3.org/1999/02/22-rdf-syntax-ns#" xmlns:bqmodel="http://biomodels.net/model-qualifiers/" xmlns:bqbiol="http://biomodels.net/biology-qualifiers/">
            <rdf:Description rdf:about="#_032811">
	<bqbiol:isVersionOf>
	<rdf:Bag>
	<rdf:li rdf:resource="http://identifiers.org/go/GO:0009706"/>
	</rdf:Bag>
	</bqbiol:isVersionOf>
	</rdf:Description>
	
      </rdf:RDF>
    </annotation>
            </compartment>
      <compartment id="ChloroplastStroma" metaid="_032814" name="Chloroplast Stroma" outside="ChloroplastInnerMembrane" sboTerm="SBO:0000290" size="1" units="volume">
        <annotation>
      <rdf:RDF xmlns:rdf="http://www.w3.org/1999/02/22-rdf-syntax-ns#" xmlns:bqmodel="http://biomodels.net/model-qualifiers/" xmlns:bqbiol="http://biomodels.net/biology-qualifiers/">
            <rdf:Description rdf:about="#_032814">
	<bqbiol:isVersionOf>
	<rdf:Bag>
	<rdf:li rdf:resource="http://identifiers.org/go/GO:0009570"/>
	</rdf:Bag>
	</bqbiol:isVersionOf>
	</rdf:Description>
	
      </rdf:RDF>
    </annotation>
            </compartment>
    </listOfCompartments>
    <listOfSpecies>
      <species boundaryCondition="true" compartment="Cytosol" id="cpd_C00080_CY" initialConcentration="0.1" metaid="_032815" name="H+" sboTerm="SBO:0000327" substanceUnits="umole">
        <annotation>
      <rdf:RDF xmlns:rdf="http://www.w3.org/1999/02/22-rdf-syntax-ns#" xmlns:bqmodel="http://biomodels.net/model-qualifiers/" xmlns:bqbiol="http://biomodels.net/biology-qualifiers/">
            <rdf:Description rdf:about="#_032815">
	<bqbiol:isVersionOf>
	<rdf:Bag>
	<rdf:li rdf:resource="http://identifiers.org/chebi/CHEBI:24636"/>
	<rdf:li rdf:resource="http://identifiers.org/kegg.compound/C00080"/>
	</rdf:Bag>
	</bqbiol:isVersionOf>
	</rdf:Description>
	
      </rdf:RDF>
    </annotation>
            </species>
      <species compartment="ChloroplastStroma" id="cpd_C00369_CS" metaid="_032816" name="Starch" sboTerm="SBO:0000247" substanceUnits="gram">
        <annotation>
      <rdf:RDF xmlns:rdf="http://www.w3.org/1999/02/22-rdf-syntax-ns#" xmlns:bqmodel="http://biomodels.net/model-qualifiers/" xmlns:bqbiol="http://biomodels.net/biology-qualifiers/">
            <rdf:Description rdf:about="#_032816">
	<bqbiol:isVersionOf>
	<rdf:Bag>
	<rdf:li rdf:resource="http://identifiers.org/chebi/CHEBI:28017"/>
	<rdf:li rdf:resource="http://identifiers.org/kegg.compound/C00369"/>
	</rdf:Bag>
	</bqbiol:isVersionOf>
	</rdf:Description>
	
      </rdf:RDF>
    </annotation>
            </species>
      <species boundaryCondition="true" compartment="ChloroplastStroma" id="cpd_C00369Glc_CS" initialConcentration="1000" metaid="_032817" name="Starch Glucosyl unit" sboTerm="SBO:0000247" substanceUnits="umole">
        <annotation>
      <rdf:RDF xmlns:rdf="http://www.w3.org/1999/02/22-rdf-syntax-ns#" xmlns:bqmodel="http://biomodels.net/model-qualifiers/" xmlns:bqbiol="http://biomodels.net/biology-qualifiers/">
            <rdf:Description rdf:about="#_032817">
	<bqbiol:isVersionOf>
	<rdf:Bag>
	<rdf:li rdf:resource="http://identifiers.org/chebi/CHEBI:28017"/>
	<rdf:li rdf:resource="http://identifiers.org/kegg.compound/C00369"/>
	<rdf:li rdf:resource="http://identifiers.org/psimod/MOD:00726"/>
	</rdf:Bag>
	</bqbiol:isVersionOf>
	</rdf:Description>
	
      </rdf:RDF>
    </annotation>
            </species>
      <species compartment="ChloroplastStroma" id="cpd_C00369db_CS" initialConcentration="0" metaid="_032818" name="Starch exposed to Beta Amylase due to action of Isoamylase (Starch DB)" sboTerm="SBO:0000247" substanceUnits="gram">
        <annotation>
      <rdf:RDF xmlns:rdf="http://www.w3.org/1999/02/22-rdf-syntax-ns#" xmlns:bqmodel="http://biomodels.net/model-qualifiers/" xmlns:bqbiol="http://biomodels.net/biology-qualifiers/">
            <rdf:Description rdf:about="#_032818">
	<bqbiol:isVersionOf>
	<rdf:Bag>
	<rdf:li rdf:resource="http://identifiers.org/chebi/CHEBI:28017"/>
	<rdf:li rdf:resource="http://identifiers.org/kegg.compound/C00369"/>
	<rdf:li rdf:resource="http://identifiers.org/psimod/MOD:00726"/>
	</rdf:Bag>
	</bqbiol:isVersionOf>
	</rdf:Description>
	
      </rdf:RDF>
    </annotation>
            </species>
      <species compartment="Cytosol" id="cpd_C00208_CY" initialConcentration="10" metaid="_032819" name="Maltose" sboTerm="SBO:0000247" substanceUnits="umole">
        <annotation>
      <rdf:RDF xmlns:rdf="http://www.w3.org/1999/02/22-rdf-syntax-ns#" xmlns:bqmodel="http://biomodels.net/model-qualifiers/" xmlns:bqbiol="http://biomodels.net/biology-qualifiers/">
            <rdf:Description rdf:about="#_032819">
	<bqbiol:isVersionOf>
	<rdf:Bag>
	<rdf:li rdf:resource="http://identifiers.org/chebi/CHEBI:17306"/>
	<rdf:li rdf:resource="http://identifiers.org/kegg.compound/C00208"/>
	</rdf:Bag>
	</bqbiol:isVersionOf>
	</rdf:Description>
	
      </rdf:RDF>
    </annotation>
            </species>
      <species compartment="ChloroplastStroma" id="cpd_C00208_CS" initialConcentration="10" metaid="_032822" name="Maltose" sboTerm="SBO:0000247" substanceUnits="umole">
        <annotation>
      <rdf:RDF xmlns:rdf="http://www.w3.org/1999/02/22-rdf-syntax-ns#" xmlns:bqmodel="http://biomodels.net/model-qualifiers/" xmlns:bqbiol="http://biomodels.net/biology-qualifiers/">
            <rdf:Description rdf:about="#_032822">
	<bqbiol:isVersionOf>
	<rdf:Bag>
	<rdf:li rdf:resource="http://identifiers.org/chebi/CHEBI:17306"/>
	<rdf:li rdf:resource="http://identifiers.org/kegg.compound/C00208"/>
	</rdf:Bag>
	</bqbiol:isVersionOf>
	</rdf:Description>
	
      </rdf:RDF>
    </annotation>
            </species>
      <species compartment="ChloroplastStroma" id="cpd_C01835_CS" initialConcentration="100" metaid="_032823" name="Maltotriose" sboTerm="SBO:0000247" substanceUnits="umole">
        <annotation>
      <rdf:RDF xmlns:rdf="http://www.w3.org/1999/02/22-rdf-syntax-ns#" xmlns:bqmodel="http://biomodels.net/model-qualifiers/" xmlns:bqbiol="http://biomodels.net/biology-qualifiers/">
            <rdf:Description rdf:about="#_032823">
	<bqbiol:isPartOf>
	<rdf:Bag>
	<rdf:li rdf:resource="http://identifiers.org/chebi/CHEBI:61993"/>
	<rdf:li rdf:resource="http://identifiers.org/kegg.compound/C01835"/>
	</rdf:Bag>
	</bqbiol:isPartOf>
	</rdf:Description>
	
      </rdf:RDF>
    </annotation>
            </species>
      <species compartment="ChloroplastStroma" id="cpd_G00343_CS" initialConcentration="1000" metaid="_032826" name="Maltopentaose" sboTerm="SBO:0000247" substanceUnits="umole">
        <annotation>
      <rdf:RDF xmlns:rdf="http://www.w3.org/1999/02/22-rdf-syntax-ns#" xmlns:bqmodel="http://biomodels.net/model-qualifiers/" xmlns:bqbiol="http://biomodels.net/biology-qualifiers/">
            <rdf:Description rdf:about="#_032826">
	<bqbiol:isVersionOf>
	<rdf:Bag>
	<rdf:li rdf:resource="http://identifiers.org/chebi/CHEBI:62006"/>
	</rdf:Bag>
	</bqbiol:isVersionOf>
	</rdf:Description>
	
      </rdf:RDF>
    </annotation>
            </species>
      <species compartment="ChloroplastStroma" id="cpd_C00031_CS" initialConcentration="10" metaid="_032827" name="(D)-Glucose" sboTerm="SBO:0000247" substanceUnits="umole">
        <annotation>
      <rdf:RDF xmlns:rdf="http://www.w3.org/1999/02/22-rdf-syntax-ns#" xmlns:bqmodel="http://biomodels.net/model-qualifiers/" xmlns:bqbiol="http://biomodels.net/biology-qualifiers/">
            <rdf:Description rdf:about="#_032827">
	<bqbiol:isVersionOf>
	<rdf:Bag>
	<rdf:li rdf:resource="http://identifiers.org/chebi/CHEBI:17634"/>
	</rdf:Bag>
	</bqbiol:isVersionOf>
	</rdf:Description>
	
      </rdf:RDF>
    </annotation>
            </species>
      <species compartment="Cytosol" id="cpd_C00031_CY" initialConcentration="10" metaid="_032830" name="(D)-Glucose" sboTerm="SBO:0000247" substanceUnits="umole">
        <annotation>
      <rdf:RDF xmlns:rdf="http://www.w3.org/1999/02/22-rdf-syntax-ns#" xmlns:bqmodel="http://biomodels.net/model-qualifiers/" xmlns:bqbiol="http://biomodels.net/biology-qualifiers/">
            <rdf:Description rdf:about="#_032830">
	<bqbiol:isVersionOf>
	<rdf:Bag>
	<rdf:li rdf:resource="http://identifiers.org/chebi/CHEBI:17634"/>
	<rdf:li rdf:resource="http://identifiers.org/kegg.compound/C00031"/>
	</rdf:Bag>
	</bqbiol:isVersionOf>
	</rdf:Description>
	
      </rdf:RDF>
    </annotation>
            </species>
      <species compartment="Cytosol" id="cpd_C00569_CY" initialConcentration="10000" metaid="_032831" name="Arabinogalactan (AG)" sboTerm="SBO:0000247" substanceUnits="umole">
        <annotation>
      <rdf:RDF xmlns:rdf="http://www.w3.org/1999/02/22-rdf-syntax-ns#" xmlns:bqmodel="http://biomodels.net/model-qualifiers/" xmlns:bqbiol="http://biomodels.net/biology-qualifiers/">
            <rdf:Description rdf:about="#_032831">
	<bqbiol:isVersionOf>
	<rdf:Bag>
	<rdf:li rdf:resource="http://identifiers.org/chebi/CHEBI:27569"/>
	<rdf:li rdf:resource="http://identifiers.org/kegg.compound/C00569"/>
	</rdf:Bag>
	</bqbiol:isVersionOf>
	</rdf:Description>
	
      </rdf:RDF>
    </annotation>
            </species>
      <species compartment="Cytosol" id="cpd_C00569Glc_CY" initialConcentration="10000" metaid="_032834" name="Glucosyl Arabinogalactan (GlcAG)" sboTerm="SBO:0000247" substanceUnits="umole">
        <annotation>
      <rdf:RDF xmlns:rdf="http://www.w3.org/1999/02/22-rdf-syntax-ns#" xmlns:bqmodel="http://biomodels.net/model-qualifiers/" xmlns:bqbiol="http://biomodels.net/biology-qualifiers/">
            <rdf:Description rdf:about="#_032834">
	<bqbiol:isVersionOf>
	<rdf:Bag>
	<rdf:li rdf:resource="http://identifiers.org/chebi/CHEBI:27569"/>
	<rdf:li rdf:resource="http://identifiers.org/kegg.compound/C00569"/>
	<rdf:li rdf:resource="http://identifiers.org/psimod/MOD:00726"/>
	</rdf:Bag>
	</bqbiol:isVersionOf>
	</rdf:Description>
	
      </rdf:RDF>
    </annotation>
            </species>
      <species boundaryCondition="true" compartment="Cytosol" id="cpd_C00002tot_CY" initialConcentration="10000" metaid="_032835" name="ATP pool" sboTerm="SBO:0000247" substanceUnits="umole">
        <annotation>
      <rdf:RDF xmlns:rdf="http://www.w3.org/1999/02/22-rdf-syntax-ns#" xmlns:bqmodel="http://biomodels.net/model-qualifiers/" xmlns:bqbiol="http://biomodels.net/biology-qualifiers/">
            <rdf:Description rdf:about="#_032835">
	<bqbiol:isVersionOf>
	<rdf:Bag>
	<rdf:li rdf:resource="http://identifiers.org/chebi/CHEBI:15422"/>
	<rdf:li rdf:resource="http://identifiers.org/kegg.compound/C00002"/>
	</rdf:Bag>
	</bqbiol:isVersionOf>
	</rdf:Description>
	
      </rdf:RDF>
    </annotation>
            </species>
      <species boundaryCondition="true" compartment="Cytosol" id="cpd_C00008tot_CY" initialConcentration="10000" metaid="_032838" name="ADP pool" sboTerm="SBO:0000247" substanceUnits="umole">
        <annotation>
      <rdf:RDF xmlns:rdf="http://www.w3.org/1999/02/22-rdf-syntax-ns#" xmlns:bqmodel="http://biomodels.net/model-qualifiers/" xmlns:bqbiol="http://biomodels.net/biology-qualifiers/">
            <rdf:Description rdf:about="#_032838">
	<bqbiol:isVersionOf>
	<rdf:Bag>
	<rdf:li rdf:resource="http://identifiers.org/chebi/CHEBI:16761"/>
	<rdf:li rdf:resource="http://identifiers.org/kegg.compound/C00008"/>
	</rdf:Bag>
	</bqbiol:isVersionOf>
	</rdf:Description>
	
      </rdf:RDF>
    </annotation>
            </species>
      <species boundaryCondition="true" compartment="Cytosol" id="cpd_C00009tot_CY" initialConcentration="10000" metaid="_032839" name="Orthophosphate(HPi) pool" sboTerm="SBO:0000247" substanceUnits="umole">
        <annotation>
      <rdf:RDF xmlns:rdf="http://www.w3.org/1999/02/22-rdf-syntax-ns#" xmlns:bqmodel="http://biomodels.net/model-qualifiers/" xmlns:bqbiol="http://biomodels.net/biology-qualifiers/">
            <rdf:Description rdf:about="#_032839">
	<bqbiol:isVersionOf>
	<rdf:Bag>
	<rdf:li rdf:resource="http://identifiers.org/chebi/CHEBI:18367"/>
	<rdf:li rdf:resource="http://identifiers.org/kegg.compound/C00009"/>
	</rdf:Bag>
	</bqbiol:isVersionOf>
	</rdf:Description>
	
      </rdf:RDF>
    </annotation>
            </species>
      <species compartment="Cytosol" id="cpd_C00051_CY" initialConcentration="1000" metaid="_032842" name="Glutathione (reduced)" sboTerm="SBO:0000247" substanceUnits="umole">
        <annotation>
      <rdf:RDF xmlns:rdf="http://www.w3.org/1999/02/22-rdf-syntax-ns#" xmlns:bqmodel="http://biomodels.net/model-qualifiers/" xmlns:bqbiol="http://biomodels.net/biology-qualifiers/">
            <rdf:Description rdf:about="#_032842">
	<bqbiol:isVersionOf>
	<rdf:Bag>
	<rdf:li rdf:resource="http://identifiers.org/chebi/CHEBI:16856"/>
	<rdf:li rdf:resource="http://identifiers.org/kegg.compound/C00051"/>
	</rdf:Bag>
	</bqbiol:isVersionOf>
	</rdf:Description>
	
      </rdf:RDF>
    </annotation>
            </species>
      <species compartment="Cytosol" id="cpd_C00660tot_CY" initialConcentration="10000" metaid="_032843" name="(D)-Glucose-1,6-bisphosphate pool" sboTerm="SBO:0000247" substanceUnits="umole">
        <annotation>
      <rdf:RDF xmlns:rdf="http://www.w3.org/1999/02/22-rdf-syntax-ns#" xmlns:bqmodel="http://biomodels.net/model-qualifiers/" xmlns:bqbiol="http://biomodels.net/biology-qualifiers/">
            <rdf:Description rdf:about="#_032843">
	<bqbiol:isVersionOf>
	<rdf:Bag>
	<rdf:li rdf:resource="http://identifiers.org/chebi/CHEBI:17680"/>
	<rdf:li rdf:resource="http://identifiers.org/kegg.compound/C00660"/>
	</rdf:Bag>
	</bqbiol:isVersionOf>
	</rdf:Description>
	
      </rdf:RDF>
    </annotation>
            </species>
      <species compartment="Cytosol" id="cpd_C03339tot_CY" initialConcentration="10000" metaid="_032846" name="2,3-Bisphosphoglycerate pool" sboTerm="SBO:0000247" substanceUnits="umole">
        <annotation>
      <rdf:RDF xmlns:rdf="http://www.w3.org/1999/02/22-rdf-syntax-ns#" xmlns:bqmodel="http://biomodels.net/model-qualifiers/" xmlns:bqbiol="http://biomodels.net/biology-qualifiers/">
            <rdf:Description rdf:about="#_032846">
	<bqbiol:isVersionOf>
	<rdf:Bag>
	<rdf:li rdf:resource="http://identifiers.org/chebi/CHEBI:19324"/>
	<rdf:li rdf:resource="http://identifiers.org/kegg.compound/C03339"/>
	</rdf:Bag>
	</bqbiol:isVersionOf>
	</rdf:Description>
	
      </rdf:RDF>
    </annotation>
            </species>
      <species boundaryCondition="true" compartment="Cytosol" id="cpd_C00103tot_CY" initialConcentration="10000" metaid="_032847" name="G1P pool" sboTerm="SBO:0000247" substanceUnits="umole">
        <annotation>
      <rdf:RDF xmlns:rdf="http://www.w3.org/1999/02/22-rdf-syntax-ns#" xmlns:bqmodel="http://biomodels.net/model-qualifiers/" xmlns:bqbiol="http://biomodels.net/biology-qualifiers/">
            <rdf:Description rdf:about="#_032847">
	<bqbiol:isVersionOf>
	<rdf:Bag>
	<rdf:li rdf:resource="http://identifiers.org/chebi/CHEBI:29042"/>
	<rdf:li rdf:resource="http://identifiers.org/kegg.compound/C11450"/>
	</rdf:Bag>
	</bqbiol:isVersionOf>
	</rdf:Description>
	
      </rdf:RDF>
    </annotation>
            </species>
      <species boundaryCondition="true" compartment="Cytosol" id="cpd_C00092tot_CY" initialConcentration="10000" metaid="_032850" name="G6P pool" sboTerm="SBO:0000247" substanceUnits="umole">
        <annotation>
      <rdf:RDF xmlns:rdf="http://www.w3.org/1999/02/22-rdf-syntax-ns#" xmlns:bqmodel="http://biomodels.net/model-qualifiers/" xmlns:bqbiol="http://biomodels.net/biology-qualifiers/">
            <rdf:Description rdf:about="#_032850">
	<bqbiol:isVersionOf>
	<rdf:Bag>
	<rdf:li rdf:resource="http://identifiers.org/chebi/CHEBI:17665"/>
	<rdf:li rdf:resource="http://identifiers.org/kegg.compound/C00668"/>
	</rdf:Bag>
	</bqbiol:isVersionOf>
	</rdf:Description>
	
      </rdf:RDF>
    </annotation>
            </species>
      <species compartment="ChloroplastStroma" id="ec_3_2_1_2_CS" initialConcentration="0.00783" metaid="beta_amylase" name="Beta amylase" sboTerm="SBO:0000014" substanceUnits="gram">
        <annotation>
      <rdf:RDF xmlns:rdf="http://www.w3.org/1999/02/22-rdf-syntax-ns#" xmlns:bqmodel="http://biomodels.net/model-qualifiers/" xmlns:bqbiol="http://biomodels.net/biology-qualifiers/">
            <rdf:Description rdf:about="#beta_amylase">
	<bqbiol:is>
	<rdf:Bag>
	<rdf:li rdf:resource="http://identifiers.org/ec-code/3.2.1.2"/>
	</rdf:Bag>
	</bqbiol:is>
	</rdf:Description>
	
      </rdf:RDF>
    </annotation>
            </species>
      <species compartment="ChloroplastStroma" id="ec_3_2_1_68_CS" initialConcentration="0.0118" metaid="iso_amylase" name="Isoamylase" sboTerm="SBO:0000014" substanceUnits="gram">
        <annotation>
      <rdf:RDF xmlns:rdf="http://www.w3.org/1999/02/22-rdf-syntax-ns#" xmlns:bqmodel="http://biomodels.net/model-qualifiers/" xmlns:bqbiol="http://biomodels.net/biology-qualifiers/">
            <rdf:Description rdf:about="#iso_amylase">
	<bqbiol:is>
	<rdf:Bag>
	<rdf:li rdf:resource="http://identifiers.org/ec-code/3.2.1.68"/>
	</rdf:Bag>
	</bqbiol:is>
	</rdf:Description>
	
      </rdf:RDF>
    </annotation>
            </species>
      <species compartment="ChloroplastStroma" id="ec_2_4_1_25_CS" initialConcentration="2" metaid="DPE1" name="Disproportionating enzyme 1(DPE1)" sboTerm="SBO:0000014" substanceUnits="umole">
        <annotation>
      <rdf:RDF xmlns:rdf="http://www.w3.org/1999/02/22-rdf-syntax-ns#" xmlns:bqmodel="http://biomodels.net/model-qualifiers/" xmlns:bqbiol="http://biomodels.net/biology-qualifiers/">
            <rdf:Description rdf:about="#DPE1">
	<bqbiol:is>
	<rdf:Bag>
	<rdf:li rdf:resource="http://identifiers.org/ec-code/2.4.1.25"/>
	</rdf:Bag>
	</bqbiol:is>
	</rdf:Description>
	
      </rdf:RDF>
    </annotation>
            </species>
      <species compartment="Cytosol" id="ec_2_4_1_25_CY" initialConcentration="2" metaid="DPE2" name="Disproportionating enzyme 2(DPE2)" sboTerm="SBO:0000014" substanceUnits="umole">
        <annotation>
      <rdf:RDF xmlns:rdf="http://www.w3.org/1999/02/22-rdf-syntax-ns#" xmlns:bqmodel="http://biomodels.net/model-qualifiers/" xmlns:bqbiol="http://biomodels.net/biology-qualifiers/">
            <rdf:Description rdf:about="#DPE2">
	<bqbiol:is>
	<rdf:Bag>
	<rdf:li rdf:resource="http://identifiers.org/ec-code/2.4.1.25"/>
	</rdf:Bag>
	</bqbiol:is>
	</rdf:Description>
	
      </rdf:RDF>
    </annotation>
            </species>
      <species compartment="Cytosol" id="ec_2_4_1_1_CY" initialConcentration="2" metaid="CGP" name="Cytosolic Glucan phosphorylase" sboTerm="SBO:0000014" substanceUnits="umole">
        <annotation>
      <rdf:RDF xmlns:rdf="http://www.w3.org/1999/02/22-rdf-syntax-ns#" xmlns:bqmodel="http://biomodels.net/model-qualifiers/" xmlns:bqbiol="http://biomodels.net/biology-qualifiers/">
            <rdf:Description rdf:about="#CGP">
	<bqbiol:is>
	<rdf:Bag>
	<rdf:li rdf:resource="http://identifiers.org/ec-code/2.4.1.1"/>
	</rdf:Bag>
	</bqbiol:is>
	</rdf:Description>
	
      </rdf:RDF>
    </annotation>
            </species>
      <species compartment="Cytosol" id="ec_2_7_1_1_CY" initialConcentration="10" metaid="CHK" name="Hexokinase" sboTerm="SBO:0000014" substanceUnits="umole">
        <annotation>
      <rdf:RDF xmlns:rdf="http://www.w3.org/1999/02/22-rdf-syntax-ns#" xmlns:bqmodel="http://biomodels.net/model-qualifiers/" xmlns:bqbiol="http://biomodels.net/biology-qualifiers/">
            <rdf:Description rdf:about="#CHK">
	<bqbiol:is>
	<rdf:Bag>
	<rdf:li rdf:resource="http://identifiers.org/ec-code/2.7.1.1"/>
	</rdf:Bag>
	</bqbiol:is>
	</rdf:Description>
	
      </rdf:RDF>
    </annotation>
            </species>
      <species compartment="ChloroplastIntermembraneSpace" id="tc_2_A_84_1_2_CIMS" initialConcentration="2" metaid="MEX" name="Maltose exporter (MEX)" sboTerm="SBO:0000284" substanceUnits="umole">
        <annotation>
      <rdf:RDF xmlns:rdf="http://www.w3.org/1999/02/22-rdf-syntax-ns#" xmlns:bqmodel="http://biomodels.net/model-qualifiers/" xmlns:bqbiol="http://biomodels.net/biology-qualifiers/">
            <rdf:Description rdf:about="#MEX">
	<bqbiol:is>
	<rdf:Bag>
	<rdf:li rdf:resource="http://identifiers.org/tcdb/2.A.84.1.2"/>
	</rdf:Bag>
	</bqbiol:is>
	</rdf:Description>
	
      </rdf:RDF>
    </annotation>
            </species>
      <species compartment="ChloroplastIntermembraneSpace" id="tc_2_A_1_1_17_CIMS" initialConcentration="20" metaid="pGlcT" name="Glucose transporter (pGlcT)" sboTerm="SBO:0000284" substanceUnits="umole">
        <annotation>
      <rdf:RDF xmlns:rdf="http://www.w3.org/1999/02/22-rdf-syntax-ns#" xmlns:bqmodel="http://biomodels.net/model-qualifiers/" xmlns:bqbiol="http://biomodels.net/biology-qualifiers/">
            <rdf:Description rdf:about="#pGlcT">
	<bqbiol:is>
	<rdf:Bag>
	<rdf:li rdf:resource="http://identifiers.org/tcdb/2.A.1.1.17"/>
	</rdf:Bag>
	</bqbiol:is>
	</rdf:Description>
	
      </rdf:RDF>
    </annotation>
            </species>
    </listOfSpecies>
    <listOfParameters>
      <parameter id="C00369_MW" metaid="_032929" name="Starch Mol. Wt." sboTerm="SBO:0000504" units="gm_per_umole" value="0.27"/>
      <parameter id="N_Glc_Starch" metaid="_032930" name="Number of Glucosyl units in a Starch molecule" sboTerm="SBO:0000503" units="dimensionless" value="1667"/>
      <parameter id="f_bamylase" metaid="_032931" name="Fraction of Starch amenable to degradation by Beta Amylase only" sboTerm="SBO:0000540" units="dimensionless" value="0.582"/>
      <parameter id="f_G2" metaid="_032932" name="Fraction of starch degraded to Maltose" sboTerm="SBO:0000540" units="dimensionless" value="0.87"/>
      <parameter id="f_G3" metaid="_032935" name="Fraction of starch degraded to Maltotriose" sboTerm="SBO:0000540" units="dimensionless" value="0.13"/>
      <parameter id="conv_gm_umole" metaid="_032936" name="Unit conversion factor to meet SBML standards" sboTerm="SBO:0000565" units="gm_per_umole" value="1"/>
      <parameter id="ec_3_2_1_2_MW" metaid="_032939" name="Beta amylase molecular weight" sboTerm="SBO:0000504" units="gm_per_umole" value="0.206"/>
      <parameter id="G00343_MW" metaid="_032940" name="Maltopentaose Mol. Wt." sboTerm="SBO:0000504" units="gm_per_umole" value="0.000828"/>
      <parameter id="C01835_MW" metaid="_032943" name="Maltotriose Mol. Wt." sboTerm="SBO:0000504" units="gm_per_umole" value="0.000504"/>
      <parameter id="C00208_MW" metaid="_032944" name="Maltose Mol. Wt." sboTerm="SBO:0000504" units="gm_per_umole" value="0.000342"/>
      <parameter id="R05196CS_kcat" metaid="_032947" name="DPE1 kcat" sboTerm="SBO:0000025" units="per_s" value="50"/>
      <parameter id="R05196CS_Keq" metaid="DPE1_Keq" name="DPE1 Keq" sboTerm="SBO:0000281" units="dimensionless" value="1"/>
      <parameter id="R05196CS_G3_KM" metaid="DPE1_KMA" name="DPE1 G3 KM" sboTerm="SBO:0000027" units="uM" value="3300"/>
      <parameter id="R05196CS_Glc_KM" metaid="DPE1_KMP" name="DPE1 Glc KM" sboTerm="SBO:0000027" units="uM" value="11700"/>
      <parameter id="R05196CS_G5_KM" metaid="DPE1_KMQ" name="DPE1 G5 KM" sboTerm="SBO:0000027" units="uM" value="210"/>
      <parameter id="R05196CS_G3_Ki" metaid="DPE1_KiA" name="DPE1 G3 Ki" sboTerm="SBO:0000009" units="uM" value="746.42"/>
      <parameter id="R05196CS_Glc_Ki" metaid="DPE1_KiP" name="DPE1 Glc Ki" sboTerm="SBO:0000009" units="uM" value="5571.429"/>
      <parameter id="R05196CS_G5_Ki" metaid="DPE1_KiQ" name="DPE1 G5 Ki" sboTerm="SBO:0000009" units="uM" value="100"/>
      <parameter id="AT2G40840CY_kcat" metaid="_032973" name="DPE2 kcat" sboTerm="SBO:0000025" units="per_s" value="50"/>
      <parameter id="AT2G40840CY_Keq" metaid="DPE2_Keq" name="DPE2 Keq" sboTerm="SBO:0000281" units="dimensionless" value="1"/>
      <parameter id="AT2G40840CY_Glc_KM" metaid="DPE2_KMP" name="DPE2 Glc KM" sboTerm="SBO:0000027" units="uM" value="11700"/>
      <parameter id="AT2G40840CY_G2_KM" metaid="DPE2_KMA" name="DPE2 Maltose KM" sboTerm="SBO:0000027" units="uM" value="4600"/>
      <parameter id="AT2G40840CY_AG_KM" metaid="DPE2_KMB" name="DPE2 AG KM" sboTerm="SBO:0000027" units="uM" value="1100"/>
      <parameter id="AT2G40840CY_GlcAG_KM" metaid="DPE2_KMQ" name="DPE2 GlcAG KM" sboTerm="SBO:0000027" units="uM" value="1100"/>
      <parameter id="AT2G40840CY_Glc_Ki" metaid="DPE2_KiP" name="DPE2 Glc Ki" sboTerm="SBO:0000009" units="uM" value="5571.429"/>
      <parameter id="AT2G40840CY_G2_Ki" metaid="DPE2_KiA" name="DPE2 Maltose Ki" sboTerm="SBO:0000009" units="uM" value="2190.476"/>
      <parameter id="AT2G40840CY_AG_Ki" metaid="DPE2_KiB" name="DPE2 AG Ki" sboTerm="SBO:0000009" units="uM" value="1000"/>
      <parameter id="AT2G40840CY_GlcAG_Ki" metaid="DPE2_KiQ" name="DPE2 GlcAG Ki" sboTerm="SBO:0000009" units="uM" value="1000"/>
      <parameter id="R06050CY_kcat" metaid="_033008" name="Cytosolic glucan phosphorylase kcat" sboTerm="SBO:0000025" units="per_s" value="50"/>
      <parameter id="R06050CY_GlcAG_KM" metaid="CGP_KMA" name="Cytosolic glucan phosphorylase Glucosyl Arabinogalactan KM" sboTerm="SBO:0000027" units="uM" value="2100"/>
      <parameter id="R06050CY_GlcAG_Ki" metaid="CGP_KiA" name="Cytosolic glucan phosphorylase Glucosyl Arabinogalactan Ki" sboTerm="SBO:0000009" units="uM" value="3800"/>
      <parameter id="R06050CY_AG_KM" metaid="CGP_KMQ" name="Cytosolic glucan phosphorylase Arabinogalactan KM" sboTerm="SBO:0000027" units="uM" value="3800"/>
      <parameter id="R06050CY_Pi_KM" metaid="CGP_KMB" name="Cytosolic glucan phosphorylase Pi KM" sboTerm="SBO:0000027" units="uM" value="5900"/>
      <parameter id="R06050CY_G1P_KM" metaid="CGP_KMP" name="Cytosolic glucan phosphorylase G1P KM" sboTerm="SBO:0000027" units="uM" value="2000"/>
      <parameter id="R06050CY_G1P_Ki" metaid="CGP_KiP" name="Cytosolic glucan phosphorylase G1P Ki" sboTerm="SBO:0000009" units="uM" value="3100"/>
      <parameter id="R06050CY_Keq" metaid="CGP_Keq" name="Cytosolic glucan phosphorylase Keq" sboTerm="SBO:0000281" units="dimensionless" value="0.000615"/>
      <parameter id="TC_2_A_84_1_2_kcat" metaid="_033034" name="Maltose exporter (MEX) kcat" sboTerm="SBO:0000025" units="per_s" value="5.963"/>
      <parameter id="TC_2_A_84_1_2_KM" metaid="MEX_KM" name="Maltose exporter (MEX) KM" sboTerm="SBO:0000027" units="uM" value="4000"/>
      <parameter id="TC_2_A_1_1_17_kcat" metaid="_033039" name="Glucose transporter (pGlcT) kcat" sboTerm="SBO:0000025" units="per_s" value="240.278"/>
      <parameter id="TC_2_A_1_1_17_KM" metaid="_033040" name="Glucose transporter (pGlcT) KM" sboTerm="SBO:0000027" units="uM" value="19300"/>
      <parameter id="R02112CS_Gn_KM" metaid="_033043" name="Beta Amylase KM for Starch" sboTerm="SBO:0000027" units="gm_per_L" value="0.5"/>
      <parameter id="R02112CS_G5_KM" metaid="_033044" name="Beta Amylase KM for Maltopentaose" sboTerm="SBO:0000027" units="gm_per_L" value="1.46"/>
      <parameter id="R02112CS_G2C_KM" metaid="_033047" name="Beta Amylase KM for Maltose condensation" sboTerm="SBO:0000027" units="gm_per_L_2" value="4.19"/>
      <parameter id="R02112CS_Keq" metaid="_033048" name="Keq for Maltotetraose degradation" sboTerm="SBO:0000281" units="gm_per_L" value="18800"/>
      <parameter id="R02112CS_Gn_kcat" metaid="_033051" name="kcat_betaamylase_Starch" sboTerm="SBO:0000025" units="per_s" value="0.073"/>
      <parameter id="R02112CS_G5_kcat" metaid="_033052" name="kcat_betaamylase_Maltopentaose" sboTerm="SBO:0000025" units="per_s" value="0.0913"/>
      <parameter id="ec_3_2_1_68_CS_kcat" metaid="_033055" name="Isoamylase kcat" sboTerm="SBO:0000025" units="per_s" value="0.0198"/>
      <parameter id="R00299CY_kfor" metaid="_033056" name="Hexokinase kcat,forward" sboTerm="SBO:0000320" units="per_s" value="180"/>
      <parameter constant="false" id="R00299CY_krev" metaid="_033059" name="Hexokinase kcat,reverse" sboTerm="SBO:0000321" units="per_s"/>
      <parameter id="R00299CY_Keq" metaid="_033060" name="Hexokinase Keq" sboTerm="SBO:0000281" units="dimensionless" value="155"/>
      <parameter id="R00299CY_MgATP_KM" metaid="_033063" name="Hexokinase KM(MgATP)" sboTerm="SBO:0000027" units="uM" value="1000"/>
      <parameter id="R00299CY_MgATP_Ki" metaid="_033064" name="Hexokinase Ki(MgATP)" sboTerm="SBO:0000009" units="uM" value="1000"/>
      <parameter id="R00299CY_Glc_KM" metaid="_033067" name="Hexokinase KM(glucose)" sboTerm="SBO:0000027" units="uM" value="47"/>
      <parameter id="R00299CY_Glc_Ki" metaid="_033068" name="Hexokinase Ki(glucose)" sboTerm="SBO:0000009" units="uM" value="47"/>
      <parameter id="R00299CY_G6P_KM" metaid="_033071" name="Hexokinase KM(G6P)" sboTerm="SBO:0000027" units="uM" value="47"/>
      <parameter id="R00299CY_G6P_Ki" metaid="_033072" name="Hexokinase Ki(G6P)" sboTerm="SBO:0000009" units="uM" value="47"/>
      <parameter id="R00299CY_MgADP_KM" metaid="_033075" name="Hexokinase KM(MgADP)" sboTerm="SBO:0000027" units="uM" value="1000"/>
      <parameter id="R00299CY_MgADP_Ki" metaid="_033076" name="Hexokinase Ki(MgADP)" sboTerm="SBO:0000009" units="uM" value="1000"/>
      <parameter id="R00299CY_G6P_Kip" metaid="_033079" name="Hexokinase Ki(G6P),2" sboTerm="SBO:0000009" units="uM" value="10"/>
      <parameter id="R00299CY_BPG_Kip" metaid="_033082" name="Hexokinase Ki(2,3-bisphosphoglycerate)" sboTerm="SBO:0000009" units="uM" value="4000"/>
      <parameter id="R00299CY_G16P_Kip" metaid="_033083" name="Hexokinase Ki(glucose 1,6-bisphosphate" sboTerm="SBO:0000009" units="uM" value="30"/>
      <parameter id="R00299CY_GSH_Kip" metaid="_033086" name="Hexokinase Ki(glutathione)" sboTerm="SBO:0000009" units="uM" value="3000"/>
    </listOfParameters>
    <listOfInitialAssignments>
      <initialAssignment metaid="_5c7930c5-0fdc-4350-ad92-4e4adc61dcd4" symbol="Cytosol">
        <math xmlns="http://www.w3.org/1998/Math/MathML">        
          <apply>
            <times/>
            <cn> 0.447 </cn>
            <ci> Cell </ci>
          </apply>
        </math>
            </initialAssignment>
      <initialAssignment metaid="e7aeaa1e-d73f-455d-9f92-72f28be59578" symbol="ChloroplastIntermembraneSpace">
        <math xmlns="http://www.w3.org/1998/Math/MathML">        
          <apply>
            <times/>
            <cn> 0.01 </cn>
            <ci> Chloroplast </ci>
          </apply>
        </math>
            </initialAssignment>
      <initialAssignment metaid="_39add26a-c3cd-4167-83de-9e8d68d17adf" symbol="Chloroplast">
        <math xmlns="http://www.w3.org/1998/Math/MathML">        
          <apply>
            <times/>
            <cn> 0.2 </cn>
            <ci> Cell </ci>
          </apply>
        </math>
            </initialAssignment>
      <initialAssignment metaid="_8680cc47-aa25-4269-bf4a-bddd571a5798" symbol="ChloroplastStroma">
        <math xmlns="http://www.w3.org/1998/Math/MathML">        
          <apply>
            <times/>
            <cn> 0.5 </cn>
            <ci> Chloroplast </ci>
          </apply>
        </math>
            </initialAssignment>
    </listOfInitialAssignments>
    <listOfRules>
      <assignmentRule metaid="_032925" variable="R00299CY_krev">
        <math xmlns="http://www.w3.org/1998/Math/MathML">        
          <apply>
            <divide/>
            <apply>
              <times/>
              <ci> R00299CY_kfor </ci>
              <ci> R00299CY_MgADP_Ki </ci>
              <ci> R00299CY_G6P_KM </ci>
            </apply>
            <apply>
              <times/>
              <ci> R00299CY_Keq </ci>
              <ci> R00299CY_Glc_Ki </ci>
              <ci> R00299CY_MgATP_KM </ci>
            </apply>
          </apply>
        </math>
            </assignmentRule>
      <assignmentRule metaid="_032926" variable="cpd_C00369_CS">
        <math xmlns="http://www.w3.org/1998/Math/MathML">        
          <apply>
            <divide/>
            <apply>
              <times/>
              <ci> cpd_C00369Glc_CS </ci>
              <ci> C00369_MW </ci>
            </apply>
            <ci> N_Glc_Starch </ci>
          </apply>
        </math>
            </assignmentRule>
      <rateRule metaid="_032927" variable="cpd_C00369db_CS">
        <math xmlns="http://www.w3.org/1998/Math/MathML">        
          <apply>
            <times/>
            <ci> ec_3_2_1_68_CS </ci>
            <ci> ec_3_2_1_68_CS_kcat </ci>
            <apply>
              <plus/>
              <apply>
                <minus/>
                <cn type="integer"> 1 </cn>
                <apply>
                  <divide/>
                  <cn type="integer"> 1 </cn>
                  <apply>
                    <plus/>
                    <cn type="integer"> 1 </cn>
                    <apply>
                      <exp/>
                      <apply>
                        <times/>
                        <cn type="integer"> -100 </cn>
                        <apply>
                          <minus/>
                          <apply>
                            <divide/>
                            <ci> cpd_C00369db_CS </ci>
                            <apply>
                              <times/>
                              <ci> cpd_C00369_CS </ci>
                              <apply>
                                <minus/>
                                <cn type="integer"> 1 </cn>
                                <ci> f_bamylase </ci>
                              </apply>
                            </apply>
                          </apply>
                          <cn> 0.3 </cn>
                        </apply>
                      </apply>
                    </apply>
                  </apply>
                </apply>
              </apply>
              <apply>
                <times/>
                <apply>
                  <divide/>
                  <cn type="integer"> 1 </cn>
                  <apply>
                    <plus/>
                    <cn type="integer"> 1 </cn>
                    <apply>
                      <exp/>
                      <apply>
                        <times/>
                        <cn type="integer"> -100 </cn>
                        <apply>
                          <minus/>
                          <apply>
                            <divide/>
                            <ci> cpd_C00369db_CS </ci>
                            <apply>
                              <times/>
                              <ci> cpd_C00369_CS </ci>
                              <apply>
                                <minus/>
                                <cn type="integer"> 1 </cn>
                                <ci> f_bamylase </ci>
                              </apply>
                            </apply>
                          </apply>
                          <cn> 0.3 </cn>
                        </apply>
                      </apply>
                    </apply>
                  </apply>
                </apply>
                <apply>
                  <minus/>
                  <cn type="integer"> 1 </cn>
                  <apply>
                    <times/>
                    <cn> 1.429 </cn>
                    <apply>
                      <minus/>
                      <apply>
                        <divide/>
                        <ci> cpd_C00369db_CS </ci>
                        <apply>
                          <times/>
                          <ci> cpd_C00369_CS </ci>
                          <apply>
                            <minus/>
                            <cn type="integer"> 1 </cn>
                            <ci> f_bamylase </ci>
                          </apply>
                        </apply>
                      </apply>
                      <cn> 0.3 </cn>
                    </apply>
                  </apply>
                </apply>
              </apply>
            </apply>
          </apply>
        </math>
            </rateRule>
    </listOfRules>
    <listOfReactions>
      <reaction fast="false" id="rn_R02112CS_G2" metaid="G2_formation" name="Maltose formation from Starch" sboTerm="SBO:0000393">
        <listOfReactants>
          <speciesReference metaid="ba63a2db-b2c2-45b4-84d1-c6ddadb6fccd" name="Starch Glucosyl unit" species="cpd_C00369Glc_CS" stoichiometry="1.23457E4"/>
        </listOfReactants>
        <listOfProducts>
          <speciesReference metaid="c7bdce2e-1c66-4e73-820c-1b57ded9ef0e" name="Maltose" species="cpd_C00208_CS" stoichiometry="2923.98"/>
        </listOfProducts>
        <listOfModifiers>
          <modifierSpeciesReference metaid="_0a915371-2a3f-4b82-8b9c-c0524c80bdfb" name="beta amylase" species="ec_3_2_1_2_CS"/>
          <modifierSpeciesReference metaid="_0bbd1f83-b573-4419-a4f3-eb0d9b684016" name="Starch" species="cpd_C00369_CS"/>
          <modifierSpeciesReference metaid="ce44e0f7-9f67-4c8b-93a9-ea9c984048de" name="Starch DB" species="cpd_C00369db_CS"/>
        </listOfModifiers>
        <kineticLaw metaid="_935649cc-4318-4a94-9d7c-96e7a80a94eb">
          <math xmlns="http://www.w3.org/1998/Math/MathML">          
            <apply>
              <divide/>
              <apply>
                <times/>
                <ci> ChloroplastStroma </ci>
                <ci> R02112CS_Gn_kcat </ci>
                <ci> ec_3_2_1_2_CS </ci>
                <apply>
                  <minus/>
                  <apply>
                    <times/>
                    <ci> f_G2 </ci>
                    <apply>
                      <plus/>
                      <apply>
                        <times/>
                        <ci> f_bamylase </ci>
                        <ci> cpd_C00369_CS </ci>
                      </apply>
                      <ci> cpd_C00369db_CS </ci>
                    </apply>
                  </apply>
                  <apply>
                    <divide/>
                    <apply>
                      <power/>
                      <apply>
                        <times/>
                        <ci> cpd_C00208_CS </ci>
                        <ci> C00208_MW </ci>
                      </apply>
                      <cn type="integer"> 2 </cn>
                    </apply>
                    <ci> R02112CS_Keq </ci>
                  </apply>
                </apply>
              </apply>
              <apply>
                <times/>
                <ci> conv_gm_umole </ci>
                <apply>
                  <plus/>
                  <apply>
                    <times/>
                    <ci> f_G2 </ci>
                    <apply>
                      <plus/>
                      <apply>
                        <times/>
                        <ci> f_bamylase </ci>
                        <ci> cpd_C00369_CS </ci>
                      </apply>
                      <ci> cpd_C00369db_CS </ci>
                    </apply>
                  </apply>
                  <apply>
                    <times/>
                    <ci> R02112CS_Gn_KM </ci>
                    <apply>
                      <plus/>
                      <cn type="integer"> 1 </cn>
                      <apply>
                        <divide/>
                        <apply>
                          <power/>
                          <apply>
                            <times/>
                            <ci> cpd_C00208_CS </ci>
                            <ci> C00208_MW </ci>
                          </apply>
                          <cn type="integer"> 2 </cn>
                        </apply>
                        <ci> R02112CS_G2C_KM </ci>
                      </apply>
                    </apply>
                  </apply>
                </apply>
              </apply>
            </apply>
          </math>
                </kineticLaw>
      </reaction>
      <reaction fast="false" id="rn_R02112CS_G3" metaid="G3_formation" name="Maltotriose formation from Starch" reversible="false" sboTerm="SBO:0000393">
        <listOfReactants>
          <speciesReference metaid="_80bc3984-b440-49dd-9473-2a9c111ac5ba" name="Starch Glucosyl unit" species="cpd_C00369Glc_CS" stoichiometry="1.85185E4"/>
        </listOfReactants>
        <listOfProducts>
          <speciesReference metaid="d44ecfd6-14c2-465f-a375-caca62788558" name="Maltotriose" species="cpd_C01835_CS" stoichiometry="1984.13"/>
        </listOfProducts>
        <listOfModifiers>
          <modifierSpeciesReference metaid="a94770a1-e5f9-47fd-af77-08ce787eb278" name="beta amylase" species="ec_3_2_1_2_CS"/>
          <modifierSpeciesReference metaid="_0f2414e4-c9a0-400a-b47f-0045fec892f4" name="Starch" species="cpd_C00369_CS"/>
          <modifierSpeciesReference metaid="_14dc8162-36b2-4d6b-ad33-de81117da115" name="Starch DB" species="cpd_C00369db_CS"/>
        </listOfModifiers>
        <kineticLaw metaid="c6af154b-9c7d-4df5-ba01-5864c622bde4">
          <math xmlns="http://www.w3.org/1998/Math/MathML">          
            <apply>
              <divide/>
              <apply>
                <times/>
                <ci> ChloroplastStroma </ci>
                <ci> R02112CS_Gn_kcat </ci>
                <ci> ec_3_2_1_2_CS </ci>
                <ci> f_G3 </ci>
                <apply>
                  <plus/>
                  <apply>
                    <times/>
                    <ci> f_bamylase </ci>
                    <ci> cpd_C00369_CS </ci>
                  </apply>
                  <ci> cpd_C00369db_CS </ci>
                </apply>
              </apply>
              <apply>
                <times/>
                <ci> conv_gm_umole </ci>
                <apply>
                  <plus/>
                  <apply>
                    <times/>
                    <ci> f_G3 </ci>
                    <apply>
                      <plus/>
                      <apply>
                        <times/>
                        <ci> f_bamylase </ci>
                        <ci> cpd_C00369_CS </ci>
                      </apply>
                      <ci> cpd_C00369db_CS </ci>
                    </apply>
                  </apply>
                  <ci> R02112CS_Gn_KM </ci>
                </apply>
              </apply>
            </apply>
          </math>
                </kineticLaw>
      </reaction>
      <reaction fast="false" id="rn_R02112CS_G5" metaid="G5_degradation" name="Maltopentaose degradation" reversible="false" sboTerm="SBO:0000179">
        <listOfReactants>
          <speciesReference metaid="aa158649-2340-4400-8fae-b49cd143f436" name="Maltopentaose" species="cpd_G00343_CS" stoichiometry="1207.73"/>
        </listOfReactants>
        <listOfProducts>
          <speciesReference metaid="e7752c7c-6395-4b27-9d01-796d64ef8f83" name="Maltose" species="cpd_C00208_CS" stoichiometry="2923.98"/>
          <speciesReference metaid="_99e20e2a-bb05-4be3-b995-ee136a5e4c10" name="Maltotriose" species="cpd_C01835_CS" stoichiometry="1984.13"/>
        </listOfProducts>
        <listOfModifiers>
          <modifierSpeciesReference metaid="e8364899-ddd2-4482-9432-3b6c0701fde6" name="beta amylase" species="ec_3_2_1_2_CS"/>
        </listOfModifiers>
        <kineticLaw metaid="fdbb0b70-a6be-4d87-b569-9fed867f4963">
          <math xmlns="http://www.w3.org/1998/Math/MathML">          
            <apply>
              <divide/>
              <apply>
                <times/>
                <ci> ChloroplastStroma </ci>
                <ci> R02112CS_G5_kcat </ci>
                <ci> ec_3_2_1_2_CS </ci>
                <ci> cpd_G00343_CS </ci>
                <ci> G00343_MW </ci>
              </apply>
              <apply>
                <times/>
                <ci> conv_gm_umole </ci>
                <apply>
                  <plus/>
                  <apply>
                    <times/>
                    <ci> cpd_G00343_CS </ci>
                    <ci> G00343_MW </ci>
                  </apply>
                  <ci> R02112CS_G5_KM </ci>
                </apply>
              </apply>
            </apply>
          </math>
                </kineticLaw>
      </reaction>
      <reaction fast="false" id="tr_TC_2_A_84_1_2" metaid="G2_transport" name="Maltose exporter" reversible="false" sboTerm="SBO:0000185">
        <listOfReactants>
          <speciesReference metaid="_0316d385-5ceb-49eb-84ce-8efa7c479a27" name="Maltose" species="cpd_C00208_CS"/>
        </listOfReactants>
        <listOfProducts>
          <speciesReference metaid="_08c69982-a200-46f7-8db4-e66aa0ed2de4" name="Maltose" species="cpd_C00208_CY"/>
        </listOfProducts>
        <listOfModifiers>
          <modifierSpeciesReference metaid="_8e6d7c24-523c-4477-9801-a5a84fc7b122" name="Maltose exporter(MEX)" species="tc_2_A_84_1_2_CIMS"/>
        </listOfModifiers>
        <kineticLaw metaid="_5b90428b-fac8-4b12-80a9-f4c96aba5d37">
          <math xmlns="http://www.w3.org/1998/Math/MathML">          
            <apply>
              <divide/>
              <apply>
                <times/>
                <ci> ChloroplastStroma </ci>
                <ci> TC_2_A_84_1_2_kcat </ci>
                <ci> tc_2_A_84_1_2_CIMS </ci>
                <ci> cpd_C00208_CS </ci>
              </apply>
              <apply>
                <plus/>
                <ci> TC_2_A_84_1_2_KM </ci>
                <ci> cpd_C00208_CS </ci>
              </apply>
            </apply>
          </math>
                </kineticLaw>
      </reaction>
      <reaction fast="false" id="tr_TC_2_A_1_1_17" metaid="G_transport" name="Plastidic Glucose transporter" reversible="false" sboTerm="SBO:0000185">
        <listOfReactants>
          <speciesReference metaid="b7286e83-c22f-49b2-b363-51d5f715e77f" name="Glucose" species="cpd_C00031_CS"/>
        </listOfReactants>
        <listOfProducts>
          <speciesReference metaid="e602866f-346f-4d9d-9cb1-42280c111e1a" name="Glucose" species="cpd_C00031_CY"/>
        </listOfProducts>
        <listOfModifiers>
          <modifierSpeciesReference metaid="a8f553d5-df9e-45d0-a42b-6cf3d321e2fa" name="Glucose transporter(pGlcT)" species="tc_2_A_1_1_17_CIMS"/>
        </listOfModifiers>
        <kineticLaw metaid="cf6c6852-2ecc-4b58-9a74-1bc469078feb">
          <math xmlns="http://www.w3.org/1998/Math/MathML">          
            <apply>
              <divide/>
              <apply>
                <times/>
                <ci> ChloroplastStroma </ci>
                <ci> TC_2_A_1_1_17_kcat </ci>
                <ci> tc_2_A_1_1_17_CIMS </ci>
                <ci> cpd_C00031_CS </ci>
              </apply>
              <apply>
                <plus/>
                <ci> TC_2_A_1_1_17_KM </ci>
                <ci> cpd_C00031_CS </ci>
              </apply>
            </apply>
          </math>
                </kineticLaw>
      </reaction>
      <reaction fast="false" id="rn_R00299CY" metaid="HK_RXN" name="Hexokinase" sboTerm="SBO:0000559">
        <notes>
      <body xmlns="http://www.w3.org/1999/xhtml"> Kinetics reversible random sequential bi-bi.</body>
    </notes>
        <listOfReactants>
          <speciesReference metaid="ca81f3b6-a226-49fd-9f34-f47a6280289e" name="ATP pool" species="cpd_C00002tot_CY"/>
          <speciesReference metaid="c969e0df-374c-4a74-8fe5-4c501be21c24" name="Glucose" species="cpd_C00031_CY"/>
        </listOfReactants>
        <listOfProducts>
          <speciesReference metaid="f64b42dc-0982-4d13-bd51-c52b024a2171" name="G6P pool" species="cpd_C00092tot_CY"/>
          <speciesReference metaid="_5c221602-e940-4597-a70f-a2eb8fd8f636" name="ADP pool" species="cpd_C00008tot_CY"/>
          <speciesReference metaid="_65c348d8-65de-4e56-ba86-dd2b064cd309" name="H+" species="cpd_C00080_CY"/>
        </listOfProducts>
        <listOfModifiers>
          <modifierSpeciesReference metaid="_07985dca-0cad-4492-88df-1f7e0b80aca3" name="Hexokinase (cytosolic)" species="ec_2_7_1_1_CY"/>
          <modifierSpeciesReference metaid="_658ab43b-0cdb-435b-8832-23569fbb8984" name="Reduced glutathione" species="cpd_C00051_CY"/>
          <modifierSpeciesReference metaid="_6c6a9234-cc4b-4273-aa9e-737e88c6b02b" name="(D)-Glucose-1,6-bisphosphate pool" species="cpd_C00660tot_CY"/>
          <modifierSpeciesReference metaid="_075e2fae-4d6c-4445-9483-92436a115d74" name="2,3-Bisphosphoglycerate pool" species="cpd_C03339tot_CY"/>
        </listOfModifiers>
        <kineticLaw metaid="_28b63b47-9677-49ce-a77a-5116435a21fb">
          <math xmlns="http://www.w3.org/1998/Math/MathML">          
            <apply>
              <divide/>
              <apply>
                <times/>
                <ci> ec_2_7_1_1_CY </ci>
                <ci> Cytosol </ci>
                <apply>
                  <minus/>
                  <apply>
                    <divide/>
                    <apply>
                      <times/>
                      <ci> R00299CY_kfor </ci>
                      <ci> cpd_C00002tot_CY </ci>
                      <ci> cpd_C00031_CY </ci>
                    </apply>
                    <apply>
                      <times/>
                      <ci> R00299CY_Glc_Ki </ci>
                      <ci> R00299CY_MgATP_KM </ci>
                    </apply>
                  </apply>
                  <apply>
                    <divide/>
                    <apply>
                      <times/>
                      <ci> R00299CY_krev </ci>
                      <ci> cpd_C00092tot_CY </ci>
                      <ci> cpd_C00008tot_CY </ci>
                    </apply>
                    <apply>
                      <times/>
                      <ci> R00299CY_MgADP_Ki </ci>
                      <ci> R00299CY_G6P_KM </ci>
                    </apply>
                  </apply>
                </apply>
              </apply>
              <apply>
                <plus/>
                <cn type="integer"> 1 </cn>
                <apply>
                  <divide/>
                  <ci> cpd_C00002tot_CY </ci>
                  <ci> R00299CY_MgATP_Ki </ci>
                </apply>
                <apply>
                  <times/>
                  <apply>
                    <divide/>
                    <ci> cpd_C00031_CY </ci>
                    <ci> R00299CY_Glc_Ki </ci>
                  </apply>
                  <apply>
                    <plus/>
                    <cn type="integer"> 1 </cn>
                    <apply>
                      <divide/>
                      <ci> cpd_C00092tot_CY </ci>
                      <ci> R00299CY_G6P_Kip </ci>
                    </apply>
                    <apply>
                      <divide/>
                      <ci> cpd_C00660tot_CY </ci>
                      <ci> R00299CY_G16P_Kip </ci>
                    </apply>
                    <apply>
                      <divide/>
                      <ci> cpd_C03339tot_CY </ci>
                      <ci> R00299CY_BPG_Kip </ci>
                    </apply>
                    <apply>
                      <divide/>
                      <ci> cpd_C00051_CY </ci>
                      <ci> R00299CY_GSH_Kip </ci>
                    </apply>
                  </apply>
                </apply>
                <apply>
                  <divide/>
                  <apply>
                    <times/>
                    <ci> cpd_C00002tot_CY </ci>
                    <ci> cpd_C00031_CY </ci>
                  </apply>
                  <apply>
                    <times/>
                    <ci> R00299CY_Glc_Ki </ci>
                    <ci> R00299CY_MgATP_KM </ci>
                  </apply>
                </apply>
                <apply>
                  <divide/>
                  <ci> cpd_C00092tot_CY </ci>
                  <ci> R00299CY_G6P_Ki </ci>
                </apply>
                <apply>
                  <divide/>
                  <ci> cpd_C00008tot_CY </ci>
                  <ci> R00299CY_MgADP_Ki </ci>
                </apply>
                <apply>
                  <divide/>
                  <apply>
                    <times/>
                    <ci> cpd_C00092tot_CY </ci>
                    <ci> cpd_C00008tot_CY </ci>
                  </apply>
                  <apply>
                    <times/>
                    <ci> R00299CY_MgADP_Ki </ci>
                    <ci> R00299CY_G6P_KM </ci>
                  </apply>
                </apply>
              </apply>
            </apply>
          </math>
                </kineticLaw>
      </reaction>
      <reaction fast="false" id="rn_R06050CY" metaid="CGP_RXN" name="Cytosolic glucan phosphorylase" sboTerm="SBO:0000559">
        <listOfReactants>
          <speciesReference metaid="f65f9367-da2e-429c-a8dc-ffc2a8da51e9" name="Glucosyl Arabinogalactan" species="cpd_C00569Glc_CY"/>
          <speciesReference metaid="_1f8be01e-d063-4762-bf91-0ad10a5a2048" name="HPi" species="cpd_C00009tot_CY"/>
        </listOfReactants>
        <listOfProducts>
          <speciesReference metaid="_08bff445-8c02-4cf7-8b87-348e46eeeb79" name="G1P pool" species="cpd_C00103tot_CY"/>
          <speciesReference metaid="_99676203-379b-4291-9fc4-4f1c12f9d913" name="Arabinogalactan" species="cpd_C00569_CY"/>
        </listOfProducts>
        <listOfModifiers>
          <modifierSpeciesReference metaid="_24814628-125f-4599-9c97-2f72d52d4100" name="Cytosolic glucan phosphorylase" species="ec_2_4_1_1_CY"/>
        </listOfModifiers>
        <kineticLaw metaid="a2af2a9b-23b5-4ec3-9d1e-23fff480a8f1">
          <math xmlns="http://www.w3.org/1998/Math/MathML">          
            <apply>
              <divide/>
              <apply>
                <times/>
                <ci> Cytosol </ci>
                <ci> R06050CY_kcat </ci>
                <ci> ec_2_4_1_1_CY </ci>
                <apply>
                  <minus/>
                  <apply>
                    <times/>
                    <ci> cpd_C00569Glc_CY </ci>
                    <ci> cpd_C00009tot_CY </ci>
                  </apply>
                  <apply>
                    <divide/>
                    <apply>
                      <times/>
                      <ci> cpd_C00103tot_CY </ci>
                      <ci> cpd_C00569_CY </ci>
                    </apply>
                    <ci> R06050CY_Keq </ci>
                  </apply>
                </apply>
              </apply>
              <apply>
                <plus/>
                <apply>
                  <times/>
                  <ci> R06050CY_GlcAG_Ki </ci>
                  <ci> R06050CY_Pi_KM </ci>
                </apply>
                <apply>
                  <times/>
                  <ci> R06050CY_Pi_KM </ci>
                  <ci> cpd_C00569Glc_CY </ci>
                </apply>
                <apply>
                  <times/>
                  <ci> R06050CY_GlcAG_KM </ci>
                  <ci> cpd_C00009tot_CY </ci>
                </apply>
                <apply>
                  <times/>
                  <ci> cpd_C00569Glc_CY </ci>
                  <ci> cpd_C00009tot_CY </ci>
                </apply>
                <apply>
                  <times/>
                  <apply>
                    <divide/>
                    <apply>
                      <times/>
                      <ci> R06050CY_GlcAG_Ki </ci>
                      <ci> R06050CY_Pi_KM </ci>
                    </apply>
                    <apply>
                      <times/>
                      <ci> R06050CY_G1P_Ki </ci>
                      <ci> R06050CY_AG_KM </ci>
                    </apply>
                  </apply>
                  <apply>
                    <plus/>
                    <apply>
                      <times/>
                      <ci> R06050CY_AG_KM </ci>
                      <ci> cpd_C00103tot_CY </ci>
                    </apply>
                    <apply>
                      <times/>
                      <ci> R06050CY_G1P_KM </ci>
                      <ci> cpd_C00569_CY </ci>
                    </apply>
                    <apply>
                      <times/>
                      <ci> cpd_C00103tot_CY </ci>
                      <ci> cpd_C00569_CY </ci>
                    </apply>
                  </apply>
                </apply>
              </apply>
            </apply>
          </math>
                </kineticLaw>
      </reaction>
      <reaction fast="false" id="rn_AT2G40840CY" metaid="DPE2_RXN" name="DPE2" sboTerm="SBO:0000559">
        <listOfReactants>
          <speciesReference metaid="_3eb4a6c8-3b0d-4308-9222-effe9bf1eb4b" name="Maltose" species="cpd_C00208_CY"/>
          <speciesReference metaid="_7aea369c-566f-424a-981f-c896fd4e91d5" name="AG" species="cpd_C00569_CY"/>
        </listOfReactants>
        <listOfProducts>
          <speciesReference metaid="_94677f8e-68f3-4d22-9e16-dba4206a78c3" name="Glucose" species="cpd_C00031_CY"/>
          <speciesReference metaid="_2ff64462-4c30-4948-801a-fb2f9a6c44a0" name="GlcAG" species="cpd_C00569Glc_CY"/>
        </listOfProducts>
        <listOfModifiers>
          <modifierSpeciesReference metaid="ab2c3544-7636-40f3-b01b-6b363afdc58d" name="DPE2" species="ec_2_4_1_25_CY"/>
        </listOfModifiers>
        <kineticLaw metaid="bd6d1c74-1ca6-4642-8c4a-645c1696b5fa">
          <math xmlns="http://www.w3.org/1998/Math/MathML">          
            <apply>
              <divide/>
              <apply>
                <times/>
                <ci> Cytosol </ci>
                <ci> AT2G40840CY_kcat </ci>
                <ci> ec_2_4_1_25_CY </ci>
                <apply>
                  <minus/>
                  <apply>
                    <times/>
                    <ci> cpd_C00208_CY </ci>
                    <ci> cpd_C00569_CY </ci>
                  </apply>
                  <apply>
                    <divide/>
                    <apply>
                      <times/>
                      <ci> cpd_C00031_CY </ci>
                      <ci> cpd_C00569Glc_CY </ci>
                    </apply>
                    <ci> AT2G40840CY_Keq </ci>
                  </apply>
                </apply>
              </apply>
              <apply>
                <plus/>
                <apply>
                  <times/>
                  <ci> AT2G40840CY_AG_KM </ci>
                  <ci> cpd_C00208_CY </ci>
                </apply>
                <apply>
                  <times/>
                  <ci> AT2G40840CY_G2_KM </ci>
                  <ci> cpd_C00569_CY </ci>
                </apply>
                <apply>
                  <times/>
                  <ci> cpd_C00208_CY </ci>
                  <ci> cpd_C00569_CY </ci>
                </apply>
                <apply>
                  <times/>
                  <apply>
                    <divide/>
                    <apply>
                      <times/>
                      <ci> AT2G40840CY_G2_KM </ci>
                      <ci> AT2G40840CY_AG_Ki </ci>
                    </apply>
                    <apply>
                      <times/>
                      <ci> AT2G40840CY_Glc_KM </ci>
                      <ci> AT2G40840CY_GlcAG_Ki </ci>
                    </apply>
                  </apply>
                  <apply>
                    <plus/>
                    <apply>
                      <times/>
                      <ci> AT2G40840CY_GlcAG_KM </ci>
                      <ci> cpd_C00031_CY </ci>
                      <apply>
                        <plus/>
                        <cn type="integer"> 1 </cn>
                        <apply>
                          <divide/>
                          <ci> cpd_C00208_CY </ci>
                          <ci> AT2G40840CY_G2_Ki </ci>
                        </apply>
                      </apply>
                    </apply>
                    <apply>
                      <times/>
                      <ci> AT2G40840CY_Glc_KM </ci>
                      <ci> cpd_C00569Glc_CY </ci>
                      <apply>
                        <plus/>
                        <cn type="integer"> 1 </cn>
                        <apply>
                          <divide/>
                          <ci> cpd_C00569_CY </ci>
                          <ci> AT2G40840CY_AG_Ki </ci>
                        </apply>
                      </apply>
                    </apply>
                    <apply>
                      <times/>
                      <ci> cpd_C00031_CY </ci>
                      <ci> cpd_C00569Glc_CY </ci>
                    </apply>
                  </apply>
                </apply>
              </apply>
            </apply>
          </math>
                </kineticLaw>
      </reaction>
      <reaction fast="false" id="rn_R05196CS" metaid="DPE1_RXN" name="DPE1" sboTerm="SBO:0000559">
        <listOfReactants>
          <speciesReference metaid="_4feb60b4-b2a0-4f4f-ab45-713f61e6c713" name="Maltotriose" species="cpd_C01835_CS" stoichiometry="2"/>
        </listOfReactants>
        <listOfProducts>
          <speciesReference metaid="_3211c894-70f1-42c6-8aea-f4bd6929ad76" name="D-Glucose" species="cpd_C00031_CS"/>
          <speciesReference metaid="_663ba6d0-5d81-433a-baba-bde697b0ce81" name="Maltopentaose" species="cpd_G00343_CS"/>
        </listOfProducts>
        <listOfModifiers>
          <modifierSpeciesReference metaid="_271747b9-d518-4137-8a20-0833f3ed7ae0" name="DPE1" species="ec_2_4_1_25_CS"/>
        </listOfModifiers>
        <kineticLaw metaid="_80e28d6c-557c-4cfe-97a9-b557186a54a9">
          <math xmlns="http://www.w3.org/1998/Math/MathML">          
            <apply>
              <divide/>
              <apply>
                <times/>
                <ci> ChloroplastStroma </ci>
                <ci> R05196CS_kcat </ci>
                <ci> ec_2_4_1_25_CS </ci>
                <apply>
                  <minus/>
                  <apply>
                    <power/>
                    <ci> cpd_C01835_CS </ci>
                    <cn type="integer"> 2 </cn>
                  </apply>
                  <apply>
                    <divide/>
                    <apply>
                      <times/>
                      <ci> cpd_C00031_CS </ci>
                      <ci> cpd_G00343_CS </ci>
                    </apply>
                    <ci> R05196CS_Keq </ci>
                  </apply>
                </apply>
              </apply>
              <apply>
                <plus/>
                <apply>
                  <times/>
                  <ci> R05196CS_G3_KM </ci>
                  <ci> cpd_C01835_CS </ci>
                </apply>
                <apply>
                  <power/>
                  <ci> cpd_C01835_CS </ci>
                  <cn type="integer"> 2 </cn>
                </apply>
                <apply>
                  <times/>
                  <apply>
                    <divide/>
                    <apply>
                      <times/>
                      <ci> R05196CS_G3_KM </ci>
                      <ci> R05196CS_G3_Ki </ci>
                    </apply>
                    <apply>
                      <times/>
                      <ci> R05196CS_Glc_KM </ci>
                      <ci> R05196CS_G5_Ki </ci>
                    </apply>
                  </apply>
                  <apply>
                    <plus/>
                    <apply>
                      <times/>
                      <ci> R05196CS_G5_KM </ci>
                      <ci> cpd_C00031_CS </ci>
                      <apply>
                        <plus/>
                        <cn type="integer"> 1 </cn>
                        <apply>
                          <divide/>
                          <ci> cpd_C01835_CS </ci>
                          <ci> R05196CS_G3_Ki </ci>
                        </apply>
                      </apply>
                    </apply>
                    <apply>
                      <times/>
                      <ci> R05196CS_Glc_KM </ci>
                      <ci> cpd_G00343_CS </ci>
                      <apply>
                        <plus/>
                        <cn type="integer"> 1 </cn>
                        <apply>
                          <divide/>
                          <ci> cpd_C01835_CS </ci>
                          <ci> R05196CS_G3_Ki </ci>
                        </apply>
                      </apply>
                    </apply>
                    <apply>
                      <times/>
                      <ci> cpd_C00031_CS </ci>
                      <ci> cpd_G00343_CS </ci>
                    </apply>
                  </apply>
                </apply>
              </apply>
            </apply>
          </math>
                </kineticLaw>
      </reaction>
    </listOfReactions>
  </model>
</sbml>