<?xml version='1.0' encoding='UTF-8' standalone='no'?>
<sbml xmlns="http://www.sbml.org/sbml/level2" layout:required="false" level="2" metaid="metaid_0000001" version="1" xmlns:layout="http://www.w3.org/2001/XMLSchema-instance" xmlns:xsi="http://www.w3.org/2001/XMLSchema-instance">
  <model id="Xu2003_Phosphoinositide_turnover" metaid="metaid_0000002" name="Xu2003 - Phosphoinositide turnover">
    <notes>
      <body xmlns="http://www.w3.org/1999/xhtml">
        <div class="dc:title">Xu2003 - Phosphoinositide turnover</div>
            <div class="dc:description">      <p>The model reproduces the percentage change of PIP_PM, PIP2_PM and IP3_Cyt as depicted in Figure 1 of the paper.  The model also contains the equations for the analysis of PH-GFP experiments, however the initial value of PH_GFP has been set to zero to more accurately reproduce Figure 1. The units of cytosolic species are given in molecules/um^3. In order to convert them to uM, divide the concentration by 602. For the analysis of PH_GFP experiments, one should plug in the values of PH_GFP, IP3_PHGFP and PIP2_PHGFP from Table AI in the appendix. The model was successfully tested on MathSBML.</p>
                </div>
            <div class="dc:provenance">      <p>This model has been generated by VCell</p>
                </div>
            <div class="dc:bibliographicCitation">      <p>This model is described in the article:</p>
                <div class="bibo:title">        <a href="http://identifiers.org/pubmed/12771127" title="Access to this publication">Kinetic analysis of receptor-activated phosphoinositide turnover.</a>
                    </div>
                <div class="bibo:authorList">Xu C, Watras J, Loew LM.</div>
                <div class="bibo:Journal">J. Cell Biol. 2003 May; 161(4): 779-791</div>
                <p>Abstract:</p>
                <div class="bibo:abstract">        <p>We studied the bradykinin-induced changes in phosphoinositide composition of N1E-115 neuroblastoma cells using a combination of biochemistry, microscope imaging, and mathematical modeling. Phosphatidylinositol-4,5-bisphosphate (PIP2) decreased over the first 30 s, and then recovered over the following 2-3 min. However, the rate and amount of inositol-1,4,5-trisphosphate (InsP3) production were much greater than the rate or amount of PIP2 decline. A mathematical model of phosphoinositide turnover based on this data predicted that PIP2 synthesis is also stimulated by bradykinin, causing an early transient increase in its concentration. This was subsequently confirmed experimentally. Then, we used single-cell microscopy to further examine phosphoinositide turnover by following the translocation of the pleckstrin homology domain of PLCdelta1 fused to green fluorescent protein (PH-GFP). The observed time course could be simulated by incorporating binding of PIP2 and InsP3 to PH-GFP into the model that had been used to analyze the biochemistry. Furthermore, this analysis could help to resolve a controversy over whether the translocation of PH-GFP from membrane to cytosol is due to a decrease in PIP2 on the membrane or an increase in InsP3 in cytosol; by computationally clamping the concentrations of each of these compounds, the model shows how both contribute to the dynamics of probe translocation.</p>
                    </div>
                </div>
            <div class="dc:publisher">      <p>This model is hosted on        <a href="http://www.ebi.ac.uk/biomodels/">BioModels Database</a>
            and identified by:        <a href="http://identifiers.org/biomodels.db/BIOMD0000000075">BIOMD0000000075</a>
            .        </p>
                <p>To cite BioModels Database, please use:        <a href="http://identifiers.org/pubmed/20587024" title="Latest BioModels Database publication">BioModels Database: An enhanced, curated and annotated resource for published quantitative kinetic models</a>
            .        </p>
                </div>
            <div class="dc:license">      <p>To the extent possible under law, all copyright and related or neighbouring rights to this encoded model have been dedicated to the public domain worldwide. Please refer to        <a href="http://creativecommons.org/publicdomain/zero/1.0/" title="Access to: CC0 1.0 Universal (CC0 1.0), Public Domain Dedication">CC0 Public Domain Dedication</a>
            for more information.        </p>
                </div>
            </body>
      
    </notes>
    <annotation>
	<rdf:RDF xmlns:rdf="http://www.w3.org/1999/02/22-rdf-syntax-ns#" xmlns:dc="http://purl.org/dc/elements/1.1/" xmlns:vCard="http://www.w3.org/2001/vcard-rdf/3.0#" xmlns:dcterms="http://purl.org/dc/terms/" xmlns:bqmodel="http://biomodels.net/model-qualifiers/" xmlns:bqbiol="http://biomodels.net/biology-qualifiers/">
        <rdf:Description rdf:about="#metaid_0000002">
	<dc:creator>
	<rdf:Bag>
	<rdf:li rdf:parseType="Resource">
	<vCard:N rdf:parseType="Resource">
	<vCard:Family>Dharuri</vCard:Family>
	<vCard:Given>Harish</vCard:Given>
	</vCard:N>
	<vCard:EMAIL>hdharuri@cds.caltech.edu</vCard:EMAIL>
	<vCard:ORG rdf:parseType="Resource">
	<vCard:Orgname>California Institute of Technology</vCard:Orgname>
	</vCard:ORG>
	</rdf:li>
	<rdf:li rdf:parseType="Resource">
	<vCard:N rdf:parseType="Resource">
	<vCard:Family>Juty</vCard:Family>
	<vCard:Given>Nick</vCard:Given>
	</vCard:N>
	<vCard:EMAIL>juty@ebi.ac.uk</vCard:EMAIL>
	<vCard:ORG rdf:parseType="Resource">
	<vCard:Orgname>EMBL-EBI</vCard:Orgname>
	</vCard:ORG>
	</rdf:li>
	</rdf:Bag>
	</dc:creator>
	<dcterms:created rdf:parseType="Resource">
	<dcterms:W3CDTF>2008-10-23T00:38:38Z</dcterms:W3CDTF>
	</dcterms:created>
	<dcterms:modified rdf:parseType="Resource">
	<dcterms:W3CDTF>2016-04-08T15:33:07Z</dcterms:W3CDTF>
	</dcterms:modified>
	<bqmodel:is>
	<rdf:Bag>
	<rdf:li rdf:resource="http://identifiers.org/biomodels.db/MODEL3095606944"/>
	</rdf:Bag>
	</bqmodel:is>
	<bqmodel:is>
	<rdf:Bag>
	<rdf:li rdf:resource="http://identifiers.org/biomodels.db/BIOMD0000000075"/>
	</rdf:Bag>
	</bqmodel:is>
	<bqmodel:isDescribedBy>
	<rdf:Bag>
	<rdf:li rdf:resource="http://identifiers.org/pubmed/12771127"/>
	</rdf:Bag>
	</bqmodel:isDescribedBy>
	<bqmodel:isDerivedFrom>
	<rdf:Bag>
	<rdf:li rdf:resource="http://identifiers.org/pubmed/10579714"/>
	<rdf:li rdf:resource="http://identifiers.org/pubmed/10866945"/>
	</rdf:Bag>
	</bqmodel:isDerivedFrom>
	<bqbiol:occursIn>
	<rdf:Bag>
	<rdf:li rdf:resource="http://identifiers.org/bto/BTO:0000931"/>
	</rdf:Bag>
	</bqbiol:occursIn>
	<bqbiol:isVersionOf>
	<rdf:Bag>
	<rdf:li rdf:resource="http://identifiers.org/go/GO:0046488"/>
	</rdf:Bag>
	</bqbiol:isVersionOf>
	<bqbiol:isPartOf>
	<rdf:Bag>
	<rdf:li rdf:resource="http://identifiers.org/kegg.pathway/map04070"/>
	</rdf:Bag>
	</bqbiol:isPartOf>
	<bqbiol:hasTaxon>
	<rdf:Bag>
	<rdf:li rdf:resource="http://identifiers.org/taxonomy/10090"/>
	</rdf:Bag>
	</bqbiol:hasTaxon>
	</rdf:Description>
	
	</rdf:RDF>
	</annotation>
      <listOfUnitDefinitions>
      <unitDefinition id="substance" metaid="metaid_0000003">
        <listOfUnits>
          <unit kind="item" metaid="_830879"/>
        </listOfUnits>
      </unitDefinition>
      <unitDefinition id="volume" metaid="metaid_0000004">
        <listOfUnits>
          <unit exponent="3" kind="metre" metaid="_830891" scale="-6"/>
        </listOfUnits>
      </unitDefinition>
      <unitDefinition id="area" metaid="metaid_0000005">
        <listOfUnits>
          <unit exponent="2" kind="metre" metaid="_830903" scale="-6"/>
        </listOfUnits>
      </unitDefinition>
      <unitDefinition id="molecules" metaid="metaid_0000006">
        <listOfUnits>
          <unit kind="item" metaid="_830915"/>
        </listOfUnits>
      </unitDefinition>
      <unitDefinition id="umol_um3_litre_1" metaid="metaid_0000007">
        <listOfUnits>
          <unit kind="mole" metaid="_830927" multiplier="1E-21"/>
        </listOfUnits>
      </unitDefinition>
      <unitDefinition id="um2" metaid="metaid_0000008">
        <listOfUnits>
          <unit exponent="2" kind="metre" metaid="_830939" scale="-6"/>
        </listOfUnits>
      </unitDefinition>
      <unitDefinition id="uM_um3_molecules_1" metaid="metaid_0000009">
        <listOfUnits>
          <unit kind="dimensionless" metaid="_830951" multiplier="1E-21"/>
          <unit exponent="-1" kind="item" metaid="_830963"/>
          <unit kind="mole" metaid="_830975"/>
        </listOfUnits>
      </unitDefinition>
      <unitDefinition id="molecules_um_2_s_1" metaid="metaid_0000010">
        <listOfUnits>
          <unit kind="item" metaid="_830987"/>
          <unit exponent="-2" kind="metre" metaid="_830999" scale="-6"/>
          <unit exponent="-1" kind="second" metaid="_831011"/>
        </listOfUnits>
      </unitDefinition>
      <unitDefinition id="pA_um_2" metaid="metaid_0000011">
        <listOfUnits>
          <unit kind="dimensionless" metaid="_831023"/>
          <unit kind="ampere" metaid="_831035"/>
          <unit exponent="-2" kind="metre" metaid="_831047"/>
        </listOfUnits>
      </unitDefinition>
      <unitDefinition id="s_1" metaid="metaid_0000012">
        <listOfUnits>
          <unit exponent="-1" kind="second" metaid="_831059"/>
        </listOfUnits>
      </unitDefinition>
      <unitDefinition id="molecules_um_2" metaid="metaid_0000013">
        <listOfUnits>
          <unit kind="item" metaid="_831071"/>
          <unit exponent="-2" kind="metre" metaid="_831083" scale="-6"/>
        </listOfUnits>
      </unitDefinition>
      <unitDefinition id="s" metaid="metaid_0000014">
        <listOfUnits>
          <unit kind="second" metaid="_831095"/>
        </listOfUnits>
      </unitDefinition>
      <unitDefinition id="um2_molecules_1_s_1" metaid="metaid_0000015">
        <listOfUnits>
          <unit exponent="-1" kind="item" metaid="_831107"/>
          <unit exponent="2" kind="metre" metaid="_831119" scale="-6"/>
          <unit exponent="-1" kind="second" metaid="_831131"/>
        </listOfUnits>
      </unitDefinition>
      <unitDefinition id="uM_s_1" metaid="metaid_0000016">
        <listOfUnits>
          <unit exponent="-1" kind="litre" metaid="_831143"/>
          <unit kind="mole" metaid="_831155" scale="-6"/>
          <unit exponent="-1" kind="second" metaid="_831167"/>
        </listOfUnits>
      </unitDefinition>
      <unitDefinition id="uM_1_s_1" metaid="metaid_0000017">
        <listOfUnits>
          <unit exponent="-1" kind="mole" metaid="_831179" scale="-6"/>
          <unit exponent="-1" kind="second" metaid="_831191"/>
          <unit kind="litre" metaid="_831203"/>
        </listOfUnits>
      </unitDefinition>
      <unitDefinition id="uM" metaid="metaid_0000018">
        <listOfUnits>
          <unit kind="mole" metaid="_831215" scale="-6"/>
          <unit exponent="-1" kind="litre" metaid="_831227"/>
        </listOfUnits>
      </unitDefinition>
    </listOfUnitDefinitions>
    <listOfCompartments>
      <compartment id="Extracellular" metaid="metaid_0000045" name="Extracellular" size="0.277777777777778">
        <annotation>
	<rdf:RDF xmlns:rdf="http://www.w3.org/1999/02/22-rdf-syntax-ns#" xmlns:bqbiol="http://biomodels.net/biology-qualifiers/">
            <rdf:Description rdf:about="#metaid_0000045">
	<bqbiol:is>
	<rdf:Bag>
	<rdf:li rdf:resource="http://identifiers.org/go/GO:0005576"/>
	</rdf:Bag>
	</bqbiol:is>
	</rdf:Description>
	
	</rdf:RDF>
	</annotation>
            </compartment>
      <compartment id="PM" metaid="metaid_0000047" name="PM" outside="Extracellular" size="0.5555555555556" spatialDimensions="2" units="um2">
        <annotation>
	<rdf:RDF xmlns:rdf="http://www.w3.org/1999/02/22-rdf-syntax-ns#" xmlns:bqbiol="http://biomodels.net/biology-qualifiers/">
            <rdf:Description rdf:about="#metaid_0000047">
	<bqbiol:is>
	<rdf:Bag>
	<rdf:li rdf:resource="http://identifiers.org/go/GO:0005886"/>
	</rdf:Bag>
	</bqbiol:is>
	</rdf:Description>
	
	</rdf:RDF>
	</annotation>
            </compartment>
      <compartment id="Cytosol" metaid="metaid_0000043" name="Cytosol" outside="PM" size="1">
        <annotation>
	<rdf:RDF xmlns:rdf="http://www.w3.org/1999/02/22-rdf-syntax-ns#" xmlns:bqbiol="http://biomodels.net/biology-qualifiers/">
            <rdf:Description rdf:about="#metaid_0000043">
	<bqbiol:is>
	<rdf:Bag>
	<rdf:li rdf:resource="http://identifiers.org/go/GO:0005622"/>
	</rdf:Bag>
	</bqbiol:is>
	</rdf:Description>
	
	</rdf:RDF>
	</annotation>
            </compartment>
      <compartment id="NM" metaid="metaid_0000046" name="NM" outside="Cytosol" size="0.111111111111111" spatialDimensions="2" units="um2">
        <annotation>
	<rdf:RDF xmlns:rdf="http://www.w3.org/1999/02/22-rdf-syntax-ns#" xmlns:bqbiol="http://biomodels.net/biology-qualifiers/">
            <rdf:Description rdf:about="#metaid_0000046">
	<bqbiol:is>
	<rdf:Bag>
	<rdf:li rdf:resource="http://identifiers.org/go/GO:0031965"/>
	</rdf:Bag>
	</bqbiol:is>
	</rdf:Description>
	
	</rdf:RDF>
	</annotation>
            </compartment>
      <compartment id="Nucleus" metaid="metaid_0000044" name="Nucleus" outside="NM" size="0.111111111111111">
        <annotation>
	<rdf:RDF xmlns:rdf="http://www.w3.org/1999/02/22-rdf-syntax-ns#" xmlns:bqbiol="http://biomodels.net/biology-qualifiers/">
            <rdf:Description rdf:about="#metaid_0000044">
	<bqbiol:is>
	<rdf:Bag>
	<rdf:li rdf:resource="http://identifiers.org/go/GO:0005634"/>
	</rdf:Bag>
	</bqbiol:is>
	</rdf:Description>
	
	</rdf:RDF>
	</annotation>
            </compartment>
    </listOfCompartments>
    <listOfSpecies>
      <species compartment="PM" id="PIP2_PHGFP_PM" initialConcentration="0" metaid="metaid_0000048" substanceUnits="molecules">
        <annotation>
<VCellInfo xmlns="http://sourceforge.net/projects/vcell">
        <Compound Name="PIP2_PHGFP"/>
      </VCellInfo>
	<rdf:RDF xmlns:rdf="http://www.w3.org/1999/02/22-rdf-syntax-ns#" xmlns:bqbiol="http://biomodels.net/biology-qualifiers/">
            <rdf:Description rdf:about="#metaid_0000048">
	<bqbiol:hasPart>
	<rdf:Bag>
	<rdf:li rdf:resource="http://identifiers.org/chebi/CHEBI:18348"/>
	<rdf:li rdf:resource="http://identifiers.org/interpro/IPR001849"/>
	<rdf:li rdf:resource="http://identifiers.org/interpro/IPR011584"/>
	</rdf:Bag>
	</bqbiol:hasPart>
	</rdf:Description>
	
	</rdf:RDF>
	</annotation>
            </species>
      <species compartment="Cytosol" id="PH_GFP_Cyt" initialConcentration="0" metaid="metaid_0000049" substanceUnits="molecules">
        <annotation>
<VCellInfo xmlns="http://sourceforge.net/projects/vcell">
        <Compound Name="PH_GFP"/>
      </VCellInfo>
	<rdf:RDF xmlns:rdf="http://www.w3.org/1999/02/22-rdf-syntax-ns#" xmlns:bqbiol="http://biomodels.net/biology-qualifiers/">
            <rdf:Description rdf:about="#metaid_0000049">
	<bqbiol:hasPart>
	<rdf:Bag>
	<rdf:li rdf:resource="http://identifiers.org/interpro/IPR011584"/>
	<rdf:li rdf:resource="http://identifiers.org/interpro/IPR001849"/>
	</rdf:Bag>
	</bqbiol:hasPart>
	</rdf:Description>
	
	</rdf:RDF>
	</annotation>
            </species>
      <species compartment="PM" id="PI_PM" initialConcentration="142857" metaid="metaid_0000050" substanceUnits="molecules">
        <annotation>
<VCellInfo xmlns="http://sourceforge.net/projects/vcell">
        <Compound Name="PI"/>
      </VCellInfo>
	<rdf:RDF xmlns:rdf="http://www.w3.org/1999/02/22-rdf-syntax-ns#" xmlns:bqbiol="http://biomodels.net/biology-qualifiers/">
            <rdf:Description rdf:about="#metaid_0000050">
	<bqbiol:isVersionOf>
	<rdf:Bag>
	<rdf:li rdf:resource="http://identifiers.org/chebi/CHEBI:28874"/>
	</rdf:Bag>
	</bqbiol:isVersionOf>
	</rdf:Description>
	
	</rdf:RDF>
	</annotation>
            </species>
      <species boundaryCondition="true" compartment="PM" id="stim_PM" initialConcentration="1" metaid="metaid_0000051" substanceUnits="molecules">
        <annotation>
<VCellInfo xmlns="http://sourceforge.net/projects/vcell">
        <Compound Name="stim"/>
      </VCellInfo>
	<rdf:RDF xmlns:rdf="http://www.w3.org/1999/02/22-rdf-syntax-ns#" xmlns:bqbiol="http://biomodels.net/biology-qualifiers/">
            <rdf:Description rdf:about="#metaid_0000051">
	<bqbiol:hasProperty>
	<rdf:Bag>
	<rdf:li rdf:resource="http://identifiers.org/opb/OPB_01072"/>
	</rdf:Bag>
	</bqbiol:hasProperty>
	</rdf:Description>
	
	</rdf:RDF>
	</annotation>
            </species>
      <species compartment="Cytosol" id="IP3_PHGFP_Cyt" initialConcentration="0" metaid="metaid_0000052" substanceUnits="molecules">
        <annotation>
<VCellInfo xmlns="http://sourceforge.net/projects/vcell">
        <Compound Name="IP3_PHGFP"/>
      </VCellInfo>
	<rdf:RDF xmlns:rdf="http://www.w3.org/1999/02/22-rdf-syntax-ns#" xmlns:bqbiol="http://biomodels.net/biology-qualifiers/">
            <rdf:Description rdf:about="#metaid_0000052">
	<bqbiol:hasPart>
	<rdf:Bag>
	<rdf:li rdf:resource="http://identifiers.org/chebi/CHEBI:16595"/>
	<rdf:li rdf:resource="http://identifiers.org/interpro/IPR001849"/>
	<rdf:li rdf:resource="http://identifiers.org/interpro/IPR011584"/>
	</rdf:Bag>
	</bqbiol:hasPart>
	</rdf:Description>
	
	</rdf:RDF>
	</annotation>
            </species>
      <species compartment="PM" id="PIP2_PM" initialConcentration="4000" metaid="metaid_0000053" substanceUnits="molecules">
        <annotation>
<VCellInfo xmlns="http://sourceforge.net/projects/vcell">
        <Compound Name="PIP2"/>
      </VCellInfo>
	<rdf:RDF xmlns:rdf="http://www.w3.org/1999/02/22-rdf-syntax-ns#" xmlns:bqbiol="http://biomodels.net/biology-qualifiers/">
            <rdf:Description rdf:about="#metaid_0000053">
	<bqbiol:isVersionOf>
	<rdf:Bag>
	<rdf:li rdf:resource="http://identifiers.org/chebi/CHEBI:18348"/>
	</rdf:Bag>
	</bqbiol:isVersionOf>
	</rdf:Description>
	
	</rdf:RDF>
	</annotation>
            </species>
      <species compartment="PM" id="PIP_PM" initialConcentration="2857" metaid="metaid_0000054" substanceUnits="molecules">
        <annotation>
<VCellInfo xmlns="http://sourceforge.net/projects/vcell">
        <Compound Name="PIP"/>
      </VCellInfo>
	<rdf:RDF xmlns:rdf="http://www.w3.org/1999/02/22-rdf-syntax-ns#" xmlns:bqbiol="http://biomodels.net/biology-qualifiers/">
            <rdf:Description rdf:about="#metaid_0000054">
	<bqbiol:isVersionOf>
	<rdf:Bag>
	<rdf:li rdf:resource="http://identifiers.org/chebi/CHEBI:26034"/>
	</rdf:Bag>
	</bqbiol:isVersionOf>
	</rdf:Description>
	
	</rdf:RDF>
	</annotation>
            </species>
      <species compartment="PM" id="DAG_PM" initialConcentration="2000" metaid="metaid_0000055" substanceUnits="molecules">
        <annotation>
<VCellInfo xmlns="http://sourceforge.net/projects/vcell">
        <Compound Name="DAG"/>
      </VCellInfo>
	<rdf:RDF xmlns:rdf="http://www.w3.org/1999/02/22-rdf-syntax-ns#" xmlns:bqbiol="http://biomodels.net/biology-qualifiers/">
            <rdf:Description rdf:about="#metaid_0000055">
	<bqbiol:isVersionOf>
	<rdf:Bag>
	<rdf:li rdf:resource="http://identifiers.org/chebi/CHEBI:18035"/>
	</rdf:Bag>
	</bqbiol:isVersionOf>
	</rdf:Description>
	
	</rdf:RDF>
	</annotation>
            </species>
      <species boundaryCondition="true" compartment="Cytosol" id="hv_Cytosol" initialConcentration="0" metaid="metaid_0000056" substanceUnits="molecules">
        <annotation>
<VCellInfo xmlns="http://sourceforge.net/projects/vcell">
        <Compound Name="hv"/>
      </VCellInfo>
	<rdf:RDF xmlns:rdf="http://www.w3.org/1999/02/22-rdf-syntax-ns#" xmlns:bqbiol="http://biomodels.net/biology-qualifiers/">
            <rdf:Description rdf:about="#metaid_0000056">
	<bqbiol:isVersionOf>
	<rdf:Bag>
	<rdf:li rdf:resource="http://identifiers.org/chebi/CHEBI:30212"/>
	</rdf:Bag>
	</bqbiol:isVersionOf>
	</rdf:Description>
	
	</rdf:RDF>
	</annotation>
            </species>
      <species boundaryCondition="true" compartment="Cytosol" id="IP3X_Cytosol" initialConcentration="0" metaid="metaid_0000057" substanceUnits="molecules">
        <annotation>
<VCellInfo xmlns="http://sourceforge.net/projects/vcell">
        <Compound Name="IP3X"/>
      </VCellInfo>
	<rdf:RDF xmlns:rdf="http://www.w3.org/1999/02/22-rdf-syntax-ns#" xmlns:bqbiol="http://biomodels.net/biology-qualifiers/">
            <rdf:Description rdf:about="#metaid_0000057">
              <bqbiol:isVersionOf>
	<rdf:Bag>
	<rdf:li rdf:resource="http://identifiers.org/chebi/CHEBI:16595"/>
	</rdf:Bag>
	</bqbiol:isVersionOf>
	
	<bqbiol:is>
	<rdf:Bag>
	<rdf:li rdf:resource="http://identifiers.org/pato/PATO:0002355"/>
	</rdf:Bag>
	</bqbiol:is>
	</rdf:Description>
	
	</rdf:RDF>
	</annotation>
            </species>
      <species compartment="PM" id="PLC_PM" initialConcentration="100" metaid="metaid_0000058" substanceUnits="molecules">
        <annotation>
<VCellInfo xmlns="http://sourceforge.net/projects/vcell">
        <Compound Name="PLC"/>
      </VCellInfo>
	<rdf:RDF xmlns:rdf="http://www.w3.org/1999/02/22-rdf-syntax-ns#" xmlns:bqbiol="http://biomodels.net/biology-qualifiers/">
            <rdf:Description rdf:about="#metaid_0000058">
	<bqbiol:isVersionOf>
	<rdf:Bag>
	<rdf:li rdf:resource="http://identifiers.org/uniprot/Q8K4S1"/>
	</rdf:Bag>
	</bqbiol:isVersionOf>
	</rdf:Description>
	
	</rdf:RDF>
	</annotation>
            </species>
      <species compartment="PM" id="PLC_act_PM" initialConcentration="0" metaid="metaid_0000059" substanceUnits="molecules">
        <annotation>
<VCellInfo xmlns="http://sourceforge.net/projects/vcell">
        <Compound Name="PLC_act"/>
      </VCellInfo>
	<rdf:RDF xmlns:rdf="http://www.w3.org/1999/02/22-rdf-syntax-ns#" xmlns:bqbiol="http://biomodels.net/biology-qualifiers/">
            <rdf:Description rdf:about="#metaid_0000059">
              <bqbiol:isVersionOf>
	<rdf:Bag>
	<rdf:li rdf:resource="http://identifiers.org/uniprot/Q8K4S1"/>
	</rdf:Bag>
	</bqbiol:isVersionOf>
	
	<bqbiol:hasProperty>
	<rdf:Bag>
	<rdf:li rdf:resource="http://identifiers.org/ec-code/3.1.4.11"/>
	</rdf:Bag>
	</bqbiol:hasProperty>
	</rdf:Description>
	
	</rdf:RDF>
	</annotation>
            </species>
      <species compartment="Cytosol" id="IP3_Cyt" initialConcentration="96.32" metaid="metaid_0000060" substanceUnits="molecules">
        <annotation>
<VCellInfo xmlns="http://sourceforge.net/projects/vcell">
        <Compound Name="IP3"/>
      </VCellInfo>
	<rdf:RDF xmlns:rdf="http://www.w3.org/1999/02/22-rdf-syntax-ns#" xmlns:bqbiol="http://biomodels.net/biology-qualifiers/">
            <rdf:Description rdf:about="#metaid_0000060">
	<bqbiol:isVersionOf>
	<rdf:Bag>
	<rdf:li rdf:resource="http://identifiers.org/chebi/CHEBI:16595"/>
	</rdf:Bag>
	</bqbiol:isVersionOf>
	</rdf:Description>
	
	</rdf:RDF>
	</annotation>
            </species>
    </listOfSpecies>
    <listOfParameters>
      <parameter id="KMOLE" metaid="metaid_0000019" units="uM_um3_molecules_1" value="0.00166112956810631"/>
      <parameter id="PIP_basal_PIPSyn" metaid="metaid_0000020" units="molecules_um_2" value="2857"/>
      <parameter id="kBasalSynPIP_PIPSyn" metaid="metaid_0000021" units="s_1" value="0.0055"/>
      <parameter id="kStimSynPIP_PIPSyn" metaid="metaid_0000022" units="s_1" value="0.019"/>
      <parameter id="tauPIPsyn_PIPSyn" metaid="metaid_0000023" units="s" value="0.05"/>
      <parameter id="PIPsyndecay_PIPSyn" metaid="metaid_0000024" units="s" value="1"/>
      <parameter constant="false" id="Ratebasal_PIPsyn_PIPSyn" metaid="metaid_0000025" units="s_1"/>
      <parameter constant="false" id="Ratestim_PIPsyn_PIPSyn" metaid="metaid_0000026" units="s_1"/>
      <parameter id="tau0_PLCact" metaid="metaid_0000027" units="second" value="0.05"/>
      <parameter id="stimdecay_PLCact" metaid="metaid_0000028" units="second" value="1"/>
      <parameter constant="false" id="signal_PLCact" metaid="metaid_0000029" units="dimensionless"/>
      <parameter id="kf_PIP2PH_PIP2_PH" metaid="metaid_0000030" units="uM_1_s_1" value="0.12"/>
      <parameter id="KdPIP2PH_PIP2_PH" metaid="metaid_0000031" units="uM" value="2"/>
      <parameter constant="false" id="kr_PIP2PH_PIP2_PH" metaid="metaid_0000032" units="s_1"/>
      <parameter id="kStimSynPIP2_PIP2Syn" metaid="metaid_0000033" units="s_1" value="0.92"/>
      <parameter id="tauPIP2syn_PIP2Syn" metaid="metaid_0000034" units="s" value="0.05"/>
      <parameter id="PIP2syndecay_PIP2Syn" metaid="metaid_0000035" units="s" value="1"/>
      <parameter id="PIP2_basal_PIP2Syn" metaid="metaid_0000036" units="molecules_um_2" value="4000"/>
      <parameter id="kBasalSynPIP2_PIP2Syn" metaid="metaid_0000037" units="s_1" value="0.048"/>
      <parameter constant="false" id="Rate_PIP2Synbasal_PIP2Syn" metaid="metaid_0000038" units="s_1"/>
      <parameter constant="false" id="Rate_PIP2SynStim_PIP2Syn" metaid="metaid_0000039" units="s_1"/>
      <parameter id="kf_IP3PH_IP3_PHGFP" metaid="metaid_0000040" units="uM_1_s_1" value="10"/>
      <parameter id="KdIP3PH_IP3_PHGFP" metaid="metaid_0000041" units="uM" value="2"/>
      <parameter constant="false" id="kr_IP3PH_IP3_PHGFP" metaid="metaid_0000042" units="s_1"/>
    </listOfParameters>
    <listOfRules>
      <assignmentRule metaid="metaid_0000061" variable="Ratebasal_PIPsyn_PIPSyn">
        <math xmlns="http://www.w3.org/1998/Math/MathML">        
          <piecewise>
            <piece>
              <apply>
                <times/>
                <cn> 0.581 </cn>
                <ci> kBasalSynPIP_PIPSyn </ci>
                <apply>
                  <plus/>
                  <cn> -1 </cn>
                  <apply>
                    <exp/>
                    <apply>
                      <times/>
                      <apply>
                        <plus/>
                        <ci> PIP_basal_PIPSyn </ci>
                        <apply>
                          <minus/>
                          <ci> PIP_PM </ci>
                        </apply>
                      </apply>
                      <apply>
                        <divide/>
                        <cn> 1 </cn>
                        <ci> PIP_basal_PIPSyn </ci>
                      </apply>
                    </apply>
                  </apply>
                </apply>
              </apply>
              <apply>
                <lt/>
                <ci> PIP_PM </ci>
                <ci> PIP_basal_PIPSyn </ci>
              </apply>
            </piece>
            <otherwise>
              <cn> 0 </cn>
            </otherwise>
          </piecewise>
        </math>
            </assignmentRule>
      <assignmentRule metaid="metaid_0000062" variable="Ratestim_PIPsyn_PIPSyn">
        <math xmlns="http://www.w3.org/1998/Math/MathML">        
          <piecewise>
            <piece>
              <apply>
                <times/>
                <ci> kStimSynPIP_PIPSyn </ci>
                <apply>
                  <exp/>
                  <apply>
                    <minus/>
                    <apply>
                      <times/>
                      <apply>
                        <plus/>
                        <csymbol encoding="text" definitionURL="http://www.sbml.org/sbml/symbols/time"> t </csymbol>
                        <apply>
                          <minus/>
                          <ci> tauPIPsyn_PIPSyn </ci>
                        </apply>
                      </apply>
                      <apply>
                        <divide/>
                        <cn> 1 </cn>
                        <ci> PIPsyndecay_PIPSyn </ci>
                      </apply>
                    </apply>
                  </apply>
                </apply>
              </apply>
              <apply>
                <gt/>
                <csymbol encoding="text" definitionURL="http://www.sbml.org/sbml/symbols/time"> t </csymbol>
                <ci> tauPIPsyn_PIPSyn </ci>
              </apply>
            </piece>
            <otherwise>
              <cn> 0 </cn>
            </otherwise>
          </piecewise>
        </math>
            </assignmentRule>
      <assignmentRule metaid="metaid_0000063" variable="signal_PLCact">
        <math xmlns="http://www.w3.org/1998/Math/MathML">        
          <piecewise>
            <piece>
              <apply>
                <exp/>
                <apply>
                  <minus/>
                  <apply>
                    <times/>
                    <apply>
                      <plus/>
                      <csymbol encoding="text" definitionURL="http://www.sbml.org/sbml/symbols/time"> t </csymbol>
                      <apply>
                        <minus/>
                        <ci> tau0_PLCact </ci>
                      </apply>
                    </apply>
                    <apply>
                      <divide/>
                      <cn> 1 </cn>
                      <ci> stimdecay_PLCact </ci>
                    </apply>
                  </apply>
                </apply>
              </apply>
              <apply>
                <gt/>
                <csymbol encoding="text" definitionURL="http://www.sbml.org/sbml/symbols/time"> t </csymbol>
                <ci> tau0_PLCact </ci>
              </apply>
            </piece>
            <otherwise>
              <cn> 0 </cn>
            </otherwise>
          </piecewise>
        </math>
            </assignmentRule>
      <assignmentRule metaid="metaid_0000064" variable="kr_PIP2PH_PIP2_PH">
        <math xmlns="http://www.w3.org/1998/Math/MathML">        
          <apply>
            <times/>
            <ci> kf_PIP2PH_PIP2_PH </ci>
            <ci> KdPIP2PH_PIP2_PH </ci>
          </apply>
        </math>
            </assignmentRule>
      <assignmentRule metaid="metaid_0000065" variable="Rate_PIP2Synbasal_PIP2Syn">
        <math xmlns="http://www.w3.org/1998/Math/MathML">        
          <piecewise>
            <piece>
              <apply>
                <times/>
                <cn> 0.581 </cn>
                <ci> kBasalSynPIP2_PIP2Syn </ci>
                <apply>
                  <plus/>
                  <cn> -1 </cn>
                  <apply>
                    <exp/>
                    <apply>
                      <times/>
                      <apply>
                        <plus/>
                        <ci> PIP2_basal_PIP2Syn </ci>
                        <apply>
                          <minus/>
                          <ci> PIP2_PM </ci>
                        </apply>
                      </apply>
                      <apply>
                        <divide/>
                        <cn> 1 </cn>
                        <ci> PIP2_basal_PIP2Syn </ci>
                      </apply>
                    </apply>
                  </apply>
                </apply>
              </apply>
              <apply>
                <lt/>
                <ci> PIP2_PM </ci>
                <ci> PIP2_basal_PIP2Syn </ci>
              </apply>
            </piece>
            <otherwise>
              <cn> 0 </cn>
            </otherwise>
          </piecewise>
        </math>
            </assignmentRule>
      <assignmentRule metaid="metaid_0000066" variable="Rate_PIP2SynStim_PIP2Syn">
        <math xmlns="http://www.w3.org/1998/Math/MathML">        
          <piecewise>
            <piece>
              <apply>
                <times/>
                <ci> kStimSynPIP2_PIP2Syn </ci>
                <apply>
                  <exp/>
                  <apply>
                    <minus/>
                    <apply>
                      <times/>
                      <apply>
                        <plus/>
                        <csymbol encoding="text" definitionURL="http://www.sbml.org/sbml/symbols/time"> t </csymbol>
                        <apply>
                          <minus/>
                          <ci> tauPIP2syn_PIP2Syn </ci>
                        </apply>
                      </apply>
                      <apply>
                        <divide/>
                        <cn> 1 </cn>
                        <ci> PIP2syndecay_PIP2Syn </ci>
                      </apply>
                    </apply>
                  </apply>
                </apply>
              </apply>
              <apply>
                <gt/>
                <csymbol encoding="text" definitionURL="http://www.sbml.org/sbml/symbols/time"> t </csymbol>
                <ci> tauPIP2syn_PIP2Syn </ci>
              </apply>
            </piece>
            <otherwise>
              <cn> 0 </cn>
            </otherwise>
          </piecewise>
        </math>
            </assignmentRule>
      <assignmentRule metaid="metaid_0000067" variable="kr_IP3PH_IP3_PHGFP">
        <math xmlns="http://www.w3.org/1998/Math/MathML">        
          <apply>
            <times/>
            <ci> kf_IP3PH_IP3_PHGFP </ci>
            <ci> KdIP3PH_IP3_PHGFP </ci>
          </apply>
        </math>
            </assignmentRule>
    </listOfRules>
    <listOfReactions>
      <reaction id="PIPSyn" metaid="metaid_0000068" name="PIPSyn">
        <annotation>
<VCellInfo xmlns="http://sourceforge.net/projects/vcell">
        <SimpleReaction Structure="PM"/>
        <ReactionRate Name="Rate_PIPSyn"/>
      </VCellInfo>
	<rdf:RDF xmlns:rdf="http://www.w3.org/1999/02/22-rdf-syntax-ns#" xmlns:bqbiol="http://biomodels.net/biology-qualifiers/">
            <rdf:Description rdf:about="#metaid_0000068">
	<bqbiol:isVersionOf>
	<rdf:Bag>
	<rdf:li rdf:resource="http://identifiers.org/biomodels.sbo/SBO:0000216"/>
	</rdf:Bag>
	</bqbiol:isVersionOf>
	</rdf:Description>
	
	</rdf:RDF>
	</annotation>
              <listOfReactants>
          <speciesReference metaid="_831239" species="PI_PM"/>
        </listOfReactants>
        <listOfProducts>
          <speciesReference metaid="_831251" species="PIP_PM"/>
        </listOfProducts>
        <kineticLaw metaid="_831263">
          <math xmlns="http://www.w3.org/1998/Math/MathML">          
            <apply>
              <times/>
              <apply>
                <plus/>
                <ci> Ratebasal_PIPsyn_PIPSyn </ci>
                <ci> Ratestim_PIPsyn_PIPSyn </ci>
              </apply>
              <ci> PI_PM </ci>
              <ci> PM </ci>
            </apply>
          </math>
                  <listOfParameters>
            <parameter id="I" metaid="_488318" units="pA_um_2" value="0"/>
          </listOfParameters>
        </kineticLaw>
      </reaction>
      <reaction id="PIP2_hyd" metaid="metaid_0000069" name="PIP2_hyd">
        <annotation>
<VCellInfo xmlns="http://sourceforge.net/projects/vcell">
        <SimpleReaction Structure="PM"/>
        <ReactionRate Name="Rate_PIP2_hyd"/>
      </VCellInfo>
	<rdf:RDF xmlns:rdf="http://www.w3.org/1999/02/22-rdf-syntax-ns#" xmlns:bqbiol="http://biomodels.net/biology-qualifiers/">
            <rdf:Description rdf:about="#metaid_0000069">
	<bqbiol:isVersionOf>
	<rdf:Bag>
	<rdf:li rdf:resource="http://identifiers.org/biomodels.sbo/SBO:0000182"/>
	</rdf:Bag>
	</bqbiol:isVersionOf>
	</rdf:Description>
	
	</rdf:RDF>
	</annotation>
              <listOfReactants>
          <speciesReference metaid="_831275" species="PIP2_PM"/>
        </listOfReactants>
        <listOfProducts>
          <speciesReference metaid="_831287" species="DAG_PM"/>
          <speciesReference metaid="_831299" species="IP3_Cyt"/>
        </listOfProducts>
        <listOfModifiers>
          <modifierSpeciesReference metaid="_831311" species="PLC_act_PM"/>
        </listOfModifiers>
        <kineticLaw metaid="_831323">
          <math xmlns="http://www.w3.org/1998/Math/MathML">          
            <apply>
              <times/>
              <ci> k_PIP2hyd </ci>
              <ci> PIP2_PM </ci>
              <ci> PLC_act_PM </ci>
              <ci> PM </ci>
            </apply>
          </math>
                  <listOfParameters>
            <parameter id="I" metaid="_488320" units="pA_um_2" value="0"/>
            <parameter id="k_PIP2hyd" metaid="_488321" units="um2_molecules_1_s_1" value="2.4"/>
          </listOfParameters>
        </kineticLaw>
      </reaction>
      <reaction id="PLCact" metaid="metaid_0000070" name="PLCact">
        <annotation>
<VCellInfo xmlns="http://sourceforge.net/projects/vcell">
        <SimpleReaction Structure="PM"/>
        <ReactionRate Name="RatePLCact"/>
      </VCellInfo>
	<rdf:RDF xmlns:rdf="http://www.w3.org/1999/02/22-rdf-syntax-ns#" xmlns:bqbiol="http://biomodels.net/biology-qualifiers/">
            <rdf:Description rdf:about="#metaid_0000070">
	<bqbiol:isVersionOf>
	<rdf:Bag>
	<rdf:li rdf:resource="http://identifiers.org/biomodels.sbo/SBO:0000170"/>
	</rdf:Bag>
	</bqbiol:isVersionOf>
	</rdf:Description>
	
	</rdf:RDF>
	</annotation>
              <listOfReactants>
          <speciesReference metaid="_831335" species="PLC_PM"/>
        </listOfReactants>
        <listOfProducts>
          <speciesReference metaid="_831347" species="PLC_act_PM"/>
        </listOfProducts>
        <listOfModifiers>
          <modifierSpeciesReference metaid="_831359" species="stim_PM"/>
        </listOfModifiers>
        <kineticLaw metaid="_831371">
          <math xmlns="http://www.w3.org/1998/Math/MathML">          
            <apply>
              <times/>
              <apply>
                <plus/>
                <apply>
                  <times/>
                  <ci> KfPLCact </ci>
                  <ci> PLC_PM </ci>
                  <ci> stim_PM </ci>
                  <ci> signal_PLCact </ci>
                </apply>
                <apply>
                  <minus/>
                  <apply>
                    <times/>
                    <ci> krPLCact </ci>
                    <ci> PLC_act_PM </ci>
                  </apply>
                </apply>
              </apply>
              <ci> PM </ci>
            </apply>
          </math>
                  <listOfParameters>
            <parameter id="I" metaid="_488322" units="pA_um_2" value="0"/>
            <parameter id="KfPLCact" metaid="_488323" units="um2_molecules_1_s_1" value="0.0005"/>
            <parameter id="krPLCact" metaid="_488324" units="s_1" value="0.1"/>
          </listOfParameters>
        </kineticLaw>
      </reaction>
      <reaction id="PIP2_PH_hyd" metaid="metaid_0000071" name="PIP2_PH_hyd">
        <annotation>
<VCellInfo xmlns="http://sourceforge.net/projects/vcell">
	    <SimpleReaction Structure="PM"/>
            <ReactionRate Name="RatePIP2_PH_hyd"/>
	  </VCellInfo>
	<rdf:RDF xmlns:rdf="http://www.w3.org/1999/02/22-rdf-syntax-ns#" xmlns:bqbiol="http://biomodels.net/biology-qualifiers/">
            <rdf:Description rdf:about="#metaid_0000071">
	<bqbiol:isVersionOf>
	<rdf:Bag>
	<rdf:li rdf:resource="http://identifiers.org/biomodels.sbo/SBO:0000182"/>
	</rdf:Bag>
	</bqbiol:isVersionOf>
	</rdf:Description>
	
	</rdf:RDF>
	</annotation>
              <listOfReactants>
          <speciesReference metaid="_831383" species="PIP2_PHGFP_PM"/>
        </listOfReactants>
        <listOfProducts>
          <speciesReference metaid="_831395" species="PH_GFP_Cyt"/>
          <speciesReference metaid="_831407" species="IP3_Cyt"/>
          <speciesReference metaid="_831419" species="DAG_PM"/>
        </listOfProducts>
        <listOfModifiers>
          <modifierSpeciesReference metaid="_831431" species="PLC_act_PM"/>
        </listOfModifiers>
        <kineticLaw metaid="_831443">
          <math xmlns="http://www.w3.org/1998/Math/MathML">          
            <apply>
              <times/>
              <ci> k_PIP2PHhyd </ci>
              <ci> PLC_act_PM </ci>
              <ci> PIP2_PHGFP_PM </ci>
              <ci> PM </ci>
            </apply>
          </math>
                  <listOfParameters>
            <parameter id="I" metaid="_488325" units="pA_um_2" value="0"/>
            <parameter id="k_PIP2PHhyd" metaid="_488326" units="um2_molecules_1_s_1" value="0"/>
          </listOfParameters>
        </kineticLaw>
      </reaction>
      <reaction id="PIP2_PH" metaid="metaid_0000072" name="PIP2_PH">
        <annotation>
<VCellInfo xmlns="http://sourceforge.net/projects/vcell">
        <SimpleReaction Structure="PM"/>
        <ReactionRate Name="J"/>
      </VCellInfo>
	<rdf:RDF xmlns:rdf="http://www.w3.org/1999/02/22-rdf-syntax-ns#" xmlns:bqbiol="http://biomodels.net/biology-qualifiers/">
            <rdf:Description rdf:about="#metaid_0000072">
	<bqbiol:isVersionOf>
	<rdf:Bag>
	<rdf:li rdf:resource="http://identifiers.org/biomodels.sbo/SBO:0000182"/>
	</rdf:Bag>
	</bqbiol:isVersionOf>
	</rdf:Description>
	
	</rdf:RDF>
	</annotation>
              <listOfReactants>
          <speciesReference metaid="_831455" species="PH_GFP_Cyt"/>
          <speciesReference metaid="_831467" species="PIP2_PM"/>
        </listOfReactants>
        <listOfProducts>
          <speciesReference metaid="_831479" species="PIP2_PHGFP_PM"/>
        </listOfProducts>
        <kineticLaw metaid="_831491">
          <math xmlns="http://www.w3.org/1998/Math/MathML">          
            <apply>
              <times/>
              <apply>
                <plus/>
                <apply>
                  <times/>
                  <ci> kf_PIP2PH_PIP2_PH </ci>
                  <cn> 0.00166112956810631 </cn>
                  <ci> PH_GFP_Cyt </ci>
                  <ci> PIP2_PM </ci>
                </apply>
                <apply>
                  <minus/>
                  <apply>
                    <times/>
                    <ci> kr_PIP2PH_PIP2_PH </ci>
                    <ci> PIP2_PHGFP_PM </ci>
                  </apply>
                </apply>
              </apply>
              <ci> PM </ci>
            </apply>
          </math>
                  <listOfParameters>
            <parameter id="I" metaid="_488328" units="pA_um_2" value="0"/>
          </listOfParameters>
        </kineticLaw>
      </reaction>
      <reaction id="IP3deg" metaid="metaid_0000073" name="IP3deg">
        <annotation>
<VCellInfo xmlns="http://sourceforge.net/projects/vcell">
        <SimpleReaction Structure="Cytosol"/>
        <ReactionRate Name="Rate_IP3deg"/>
      </VCellInfo>
	<rdf:RDF xmlns:rdf="http://www.w3.org/1999/02/22-rdf-syntax-ns#" xmlns:bqbiol="http://biomodels.net/biology-qualifiers/">
            <rdf:Description rdf:about="#metaid_0000073">
	<bqbiol:isVersionOf>
	<rdf:Bag>
	<rdf:li rdf:resource="http://identifiers.org/biomodels.sbo/SBO:0000179"/>
	</rdf:Bag>
	</bqbiol:isVersionOf>
	</rdf:Description>
	
	</rdf:RDF>
	</annotation>
              <listOfReactants>
          <speciesReference metaid="_831503" species="IP3_Cyt"/>
        </listOfReactants>
        <kineticLaw metaid="_831515">
          <math xmlns="http://www.w3.org/1998/Math/MathML">          
            <apply>
              <times/>
              <ci> kIP3deg </ci>
              <apply>
                <plus/>
                <apply>
                  <times/>
                  <cn> 0.00166112956810631 </cn>
                  <ci> IP3_Cyt </ci>
                </apply>
                <apply>
                  <minus/>
                  <ci> IP3_basal </ci>
                </apply>
              </apply>
              <ci> Cytosol </ci>
              <cn> 1 </cn>
              <apply>
                <divide/>
                <cn> 1 </cn>
                <ci> KMOLE </ci>
              </apply>
            </apply>
          </math>
                  <listOfParameters>
            <parameter id="kIP3deg" metaid="_488329" units="s_1" value="0.08"/>
            <parameter id="IP3_basal" metaid="_488330" units="uM" value="0.16"/>
          </listOfParameters>
        </kineticLaw>
      </reaction>
      <reaction id="PIP2Syn" metaid="metaid_0000074" name="PIP2Syn">
        <annotation>
<VCellInfo xmlns="http://sourceforge.net/projects/vcell">
        <SimpleReaction Structure="PM"/>
        <ReactionRate Name="Rate_PIP2Syn"/>
      </VCellInfo>
	<rdf:RDF xmlns:rdf="http://www.w3.org/1999/02/22-rdf-syntax-ns#" xmlns:bqbiol="http://biomodels.net/biology-qualifiers/">
            <rdf:Description rdf:about="#metaid_0000074">
	<bqbiol:isVersionOf>
	<rdf:Bag>
	<rdf:li rdf:resource="http://identifiers.org/biomodels.sbo/SBO:0000216"/>
	</rdf:Bag>
	</bqbiol:isVersionOf>
	</rdf:Description>
	
	</rdf:RDF>
	</annotation>
              <listOfReactants>
          <speciesReference metaid="_831527" species="PIP_PM"/>
        </listOfReactants>
        <listOfProducts>
          <speciesReference metaid="_831539" species="PIP2_PM"/>
        </listOfProducts>
        <kineticLaw metaid="_831551">
          <math xmlns="http://www.w3.org/1998/Math/MathML">          
            <apply>
              <times/>
              <apply>
                <plus/>
                <ci> Rate_PIP2Synbasal_PIP2Syn </ci>
                <ci> Rate_PIP2SynStim_PIP2Syn </ci>
              </apply>
              <ci> PIP_PM </ci>
              <ci> PM </ci>
            </apply>
          </math>
                  <listOfParameters>
            <parameter id="I" metaid="_488331" units="pA_um_2" value="0"/>
          </listOfParameters>
        </kineticLaw>
      </reaction>
      <reaction id="IP3_PHGFP" metaid="metaid_0000075" name="IP3-PHGFP">
        <annotation>
<VCellInfo xmlns="http://sourceforge.net/projects/vcell">
        <SimpleReaction Structure="Cytosol"/>
        <ReactionRate Name="J"/>
      </VCellInfo>
	<rdf:RDF xmlns:rdf="http://www.w3.org/1999/02/22-rdf-syntax-ns#" xmlns:bqbiol="http://biomodels.net/biology-qualifiers/">
            <rdf:Description rdf:about="#metaid_0000075">
	<bqbiol:isVersionOf>
	<rdf:Bag>
	<rdf:li rdf:resource="http://identifiers.org/biomodels.sbo/SBO:0000182"/>
	</rdf:Bag>
	</bqbiol:isVersionOf>
	</rdf:Description>
	
	</rdf:RDF>
	</annotation>
              <listOfReactants>
          <speciesReference metaid="_831563" species="IP3_Cyt"/>
          <speciesReference metaid="_831575" species="PH_GFP_Cyt"/>
        </listOfReactants>
        <listOfProducts>
          <speciesReference metaid="_831587" species="IP3_PHGFP_Cyt"/>
        </listOfProducts>
        <kineticLaw metaid="_831599">
          <math xmlns="http://www.w3.org/1998/Math/MathML">          
            <apply>
              <times/>
              <apply>
                <plus/>
                <apply>
                  <times/>
                  <ci> kf_IP3PH_IP3_PHGFP </ci>
                  <cn> 0.00166112956810631 </cn>
                  <ci> IP3_Cyt </ci>
                  <cn> 0.00166112956810631 </cn>
                  <ci> PH_GFP_Cyt </ci>
                </apply>
                <apply>
                  <minus/>
                  <apply>
                    <times/>
                    <ci> kr_IP3PH_IP3_PHGFP </ci>
                    <cn> 0.00166112956810631 </cn>
                    <ci> IP3_PHGFP_Cyt </ci>
                  </apply>
                </apply>
              </apply>
              <ci> Cytosol </ci>
              <cn> 1 </cn>
              <apply>
                <divide/>
                <cn> 1 </cn>
                <ci> KMOLE </ci>
              </apply>
            </apply>
          </math>
                </kineticLaw>
      </reaction>
    </listOfReactions>
  </model>
</sbml>