<?xml version='1.0' encoding='UTF-8' standalone='no'?>
<sbml xmlns="http://www.sbml.org/sbml/level2" level="2" metaid="metaid_0000001" version="1">
  <model id="Model_0" metaid="metaid_0000002" name="Bornheimer2004_GTPaseCycle">
    <notes>
      <body xmlns="http://www.w3.org/1999/xhtml">
        <p>This model is according to the paper      <i>Computational modeling reveals how interplay between components of a GTPase-cycle module regulates signal transduction</i>
          by Bornheimer et al 2004.The figure 3 is reproduced by Copasi 4.0.19 (development) .It is three-dimensional logarithmic plots show the output of simulations of Z and v at various concentrations of R and GAP.      </p>
            <br/>
            <p>To the extent possible under law, all copyright and related or neighbouring rights to this encoded model have been dedicated to the public domain worldwide. Please refer to      <a href="http://creativecommons.org/publicdomain/zero/1.0/" title="Creative Commons CC0">CC0 Public Domain Dedication</a>
          for more information.      </p>
            <p>In summary, you are entitled to use this encoded model in absolutely any manner you deem suitable, verbatim, or with modification, alone or embedded it in a larger context, redistribute it, commercially or not, in a restricted way or not.</p>
            <br/>
            <p>To cite BioModels Database, please use:      <a href="http://www.ncbi.nlm.nih.gov/pubmed/20587024" target="_blank">Li C, Donizelli M, Rodriguez N, Dharuri H, Endler L, Chelliah V, Li L, He E, Henry A, Stefan MI, Snoep JL, Hucka M, Le Novère N, Laibe C (2010) BioModels Database: An enhanced, curated and annotated resource for published quantitative kinetic models. BMC Syst Biol., 4:92.</a>
                </p>
            </body>
      
    </notes>
    <annotation>
      <rdf:RDF xmlns:rdf="http://www.w3.org/1999/02/22-rdf-syntax-ns#" xmlns:bqmodel="http://biomodels.net/model-qualifiers/" xmlns:vCard="http://www.w3.org/2001/vcard-rdf/3.0#" xmlns:dc="http://purl.org/dc/elements/1.1/" xmlns:dcterms="http://purl.org/dc/terms/" xmlns:bqbiol="http://biomodels.net/biology-qualifiers/">
        <rdf:Description rdf:about="#metaid_0000002">
	<dc:creator>
	<rdf:Bag>
	<rdf:li rdf:parseType="Resource">
	<vCard:N rdf:parseType="Resource">
	<vCard:Family>He</vCard:Family>
	<vCard:Given>Enuo</vCard:Given>
	</vCard:N>
	<vCard:EMAIL>enuo.he@wolfson.ox.ac.uk</vCard:EMAIL>
	<vCard:ORG rdf:parseType="Resource">
	<vCard:Orgname>University of Oxford</vCard:Orgname>
	</vCard:ORG>
	</rdf:li>
	</rdf:Bag>
	</dc:creator>
	<dcterms:created rdf:parseType="Resource">
	<dcterms:W3CDTF>2006-11-29T17:40:19Z</dcterms:W3CDTF>
	</dcterms:created>
	<dcterms:modified rdf:parseType="Resource">
	<dcterms:W3CDTF>2012-07-05T14:49:52Z</dcterms:W3CDTF>
	</dcterms:modified>
	<bqmodel:is>
	<rdf:Bag>
	<rdf:li rdf:resource="http://identifiers.org/biomodels.db/MODEL4822989369"/>
	</rdf:Bag>
	</bqmodel:is>
	<bqmodel:is>
	<rdf:Bag>
	<rdf:li rdf:resource="http://identifiers.org/biomodels.db/BIOMD0000000086"/>
	</rdf:Bag>
	</bqmodel:is>
	<bqmodel:isDescribedBy>
	<rdf:Bag>
	<rdf:li rdf:resource="http://identifiers.org/pubmed/15520372"/>
	</rdf:Bag>
	</bqmodel:isDescribedBy>
	<bqbiol:hasTaxon>
	<rdf:Bag>
	<rdf:li rdf:resource="http://identifiers.org/taxonomy/131567"/>
	</rdf:Bag>
	</bqbiol:hasTaxon>
	<bqbiol:isVersionOf>
	<rdf:Bag>
	<rdf:li rdf:resource="http://identifiers.org/obo.go/GO:0008277"/>
	</rdf:Bag>
	</bqbiol:isVersionOf>
	</rdf:Description>
	
      </rdf:RDF>
    </annotation>
      <listOfCompartments>
      <compartment id="compartment_0" metaid="metaid_0000005" name="cell" size="1">
        <annotation>
          <rdf:RDF xmlns:rdf="http://www.w3.org/1999/02/22-rdf-syntax-ns#" xmlns:bqmodel="http://biomodels.net/model-qualifiers/" xmlns:bqbiol="http://biomodels.net/biology-qualifiers/">
            <rdf:Description rdf:about="#metaid_0000005">
	<bqbiol:isVersionOf>
	<rdf:Bag>
	<rdf:li rdf:resource="http://identifiers.org/obo.go/GO:0005623"/>
	</rdf:Bag>
	</bqbiol:isVersionOf>
	</rdf:Description>
	
          </rdf:RDF>
        </annotation>
            </compartment>
    </listOfCompartments>
    <listOfSpecies>
      <species compartment="compartment_0" id="species_0" initialConcentration="0" metaid="metaid_0000006" name="A">
        <notes>
          <p xmlns="http://www.w3.org/1999/xhtml">
        GAP</p>
          
        </notes>
        <annotation>
          <rdf:RDF xmlns:rdf="http://www.w3.org/1999/02/22-rdf-syntax-ns#" xmlns:bqmodel="http://biomodels.net/model-qualifiers/" xmlns:bqbiol="http://biomodels.net/biology-qualifiers/">
            <rdf:Description rdf:about="#metaid_0000006">
	<bqbiol:isVersionOf>
	<rdf:Bag>
	<rdf:li rdf:resource="http://identifiers.org/interpro/IPR000342"/>
	</rdf:Bag>
	</bqbiol:isVersionOf>
	</rdf:Description>
	
          </rdf:RDF>
        </annotation>
            </species>
      <species compartment="compartment_0" id="species_1" initialConcentration="1E-8" metaid="metaid_0000007" name="G">
        <notes>
          <p xmlns="http://www.w3.org/1999/xhtml">
        inactive G protein</p>
          
        </notes>
        <annotation>
          <rdf:RDF xmlns:rdf="http://www.w3.org/1999/02/22-rdf-syntax-ns#" xmlns:bqmodel="http://biomodels.net/model-qualifiers/" xmlns:bqbiol="http://biomodels.net/biology-qualifiers/">
            <rdf:Description rdf:about="#metaid_0000007">
	<bqbiol:is>
	<rdf:Bag>
	<rdf:li rdf:resource="http://identifiers.org/obo.go/GO:0005834"/>
	</rdf:Bag>
	</bqbiol:is>
	</rdf:Description>
	
          </rdf:RDF>
        </annotation>
            </species>
      <species compartment="compartment_0" id="species_2" initialConcentration="0" metaid="metaid_0000008" name="GA">
        <annotation>
          <rdf:RDF xmlns:rdf="http://www.w3.org/1999/02/22-rdf-syntax-ns#" xmlns:bqmodel="http://biomodels.net/model-qualifiers/" xmlns:bqbiol="http://biomodels.net/biology-qualifiers/">
            <rdf:Description rdf:about="#metaid_0000008">
	<bqbiol:hasPart>
	<rdf:Bag>
	<rdf:li rdf:resource="http://identifiers.org/interpro/IPR000342"/>
	<rdf:li rdf:resource="http://identifiers.org/obo.go/GO:0005834"/>
	</rdf:Bag>
	</bqbiol:hasPart>
	</rdf:Description>
	
          </rdf:RDF>
        </annotation>
            </species>
      <species compartment="compartment_0" id="species_3" initialConcentration="0.000468" metaid="metaid_0000009" name="T">
        <notes>
          <p xmlns="http://www.w3.org/1999/xhtml">
        GTP</p>
          
        </notes>
        <annotation>
          <rdf:RDF xmlns:rdf="http://www.w3.org/1999/02/22-rdf-syntax-ns#" xmlns:bqmodel="http://biomodels.net/model-qualifiers/" xmlns:bqbiol="http://biomodels.net/biology-qualifiers/">
            <rdf:Description rdf:about="#metaid_0000009">
	<bqbiol:is>
	<rdf:Bag>
	<rdf:li rdf:resource="http://identifiers.org/obo.chebi/CHEBI:15996"/>
	<rdf:li rdf:resource="http://identifiers.org/kegg.compound/C00044"/>
	</rdf:Bag>
	</bqbiol:is>
	</rdf:Description>
	
          </rdf:RDF>
        </annotation>
            </species>
      <species compartment="compartment_0" id="species_4" initialConcentration="1E-6" metaid="metaid_0000010" name="R">
        <notes>
          <p xmlns="http://www.w3.org/1999/xhtml">
        Receptor</p>
          
        </notes>
        <annotation>
          <rdf:RDF xmlns:rdf="http://www.w3.org/1999/02/22-rdf-syntax-ns#" xmlns:bqmodel="http://biomodels.net/model-qualifiers/" xmlns:bqbiol="http://biomodels.net/biology-qualifiers/">
            <rdf:Description rdf:about="#metaid_0000010">
              <bqbiol:hasVersion>
	<rdf:Bag>
	<rdf:li rdf:resource="http://identifiers.org/interpro/IPR000337"/>
	</rdf:Bag>
	</bqbiol:hasVersion>
	
	<bqbiol:isVersionOf>
	<rdf:Bag>
	<rdf:li rdf:resource="http://identifiers.org/obo.go/GO:0043235"/>
	</rdf:Bag>
	</bqbiol:isVersionOf>
	</rdf:Description>
	
          </rdf:RDF>
        </annotation>
            </species>
      <species compartment="compartment_0" id="species_5" initialConcentration="0" metaid="metaid_0000011" name="G*T">
        <notes>
          <p xmlns="http://www.w3.org/1999/xhtml">
        active G protein</p>
          
        </notes>
        <annotation>
          <rdf:RDF xmlns:rdf="http://www.w3.org/1999/02/22-rdf-syntax-ns#" xmlns:bqmodel="http://biomodels.net/model-qualifiers/" xmlns:bqbiol="http://biomodels.net/biology-qualifiers/">
            <rdf:Description rdf:about="#metaid_0000011">
	<bqbiol:hasPart>
	<rdf:Bag>
	<rdf:li rdf:resource="http://identifiers.org/obo.chebi/CHEBI:15996"/>
	<rdf:li rdf:resource="http://identifiers.org/obo.go/GO:0005834"/>
	</rdf:Bag>
	</bqbiol:hasPart>
	</rdf:Description>
	
          </rdf:RDF>
        </annotation>
            </species>
      <species compartment="compartment_0" id="species_6" initialConcentration="0" metaid="metaid_0000012" name="GD">
        <annotation>
          <rdf:RDF xmlns:rdf="http://www.w3.org/1999/02/22-rdf-syntax-ns#" xmlns:bqmodel="http://biomodels.net/model-qualifiers/" xmlns:bqbiol="http://biomodels.net/biology-qualifiers/">
            <rdf:Description rdf:about="#metaid_0000012">
	<bqbiol:hasPart>
	<rdf:Bag>
	<rdf:li rdf:resource="http://identifiers.org/obo.chebi/CHEBI:17552"/>
	<rdf:li rdf:resource="http://identifiers.org/obo.go/GO:0005834"/>
	</rdf:Bag>
	</bqbiol:hasPart>
	</rdf:Description>
	
          </rdf:RDF>
        </annotation>
            </species>
      <species compartment="compartment_0" id="species_7" initialConcentration="0.0044" metaid="metaid_0000013" name="Pi">
        <annotation>
          <rdf:RDF xmlns:rdf="http://www.w3.org/1999/02/22-rdf-syntax-ns#" xmlns:bqmodel="http://biomodels.net/model-qualifiers/" xmlns:bqbiol="http://biomodels.net/biology-qualifiers/">
            <rdf:Description rdf:about="#metaid_0000013">
	<bqbiol:is>
	<rdf:Bag>
	<rdf:li rdf:resource="http://identifiers.org/obo.chebi/CHEBI:18367"/>
	</rdf:Bag>
	</bqbiol:is>
	</rdf:Description>
	
          </rdf:RDF>
        </annotation>
            </species>
      <species compartment="compartment_0" id="species_8" initialConcentration="0.000149" metaid="metaid_0000014" name="D">
        <notes>
          <p xmlns="http://www.w3.org/1999/xhtml">
        GDP</p>
          
        </notes>
        <annotation>
          <rdf:RDF xmlns:rdf="http://www.w3.org/1999/02/22-rdf-syntax-ns#" xmlns:bqmodel="http://biomodels.net/model-qualifiers/" xmlns:bqbiol="http://biomodels.net/biology-qualifiers/">
            <rdf:Description rdf:about="#metaid_0000014">
	<bqbiol:is>
	<rdf:Bag>
	<rdf:li rdf:resource="http://identifiers.org/obo.chebi/CHEBI:17552"/>
	<rdf:li rdf:resource="http://identifiers.org/kegg.compound/C00035"/>
	</rdf:Bag>
	</bqbiol:is>
	</rdf:Description>
	
          </rdf:RDF>
        </annotation>
            </species>
      <species compartment="compartment_0" id="species_9" initialConcentration="0" metaid="metaid_0000015" name="RG">
        <annotation>
          <rdf:RDF xmlns:rdf="http://www.w3.org/1999/02/22-rdf-syntax-ns#" xmlns:bqmodel="http://biomodels.net/model-qualifiers/" xmlns:bqbiol="http://biomodels.net/biology-qualifiers/">
            <rdf:Description rdf:about="#metaid_0000015">
	<bqbiol:hasPart>
	<rdf:Bag>
	<rdf:li rdf:resource="http://identifiers.org/obo.go/GO:0043235"/>
	<rdf:li rdf:resource="http://identifiers.org/obo.go/GO:0005834"/>
	</rdf:Bag>
	</bqbiol:hasPart>
	</rdf:Description>
	
          </rdf:RDF>
        </annotation>
            </species>
      <species compartment="compartment_0" id="species_10" initialConcentration="0" metaid="metaid_0000016" name="RG*T">
        <annotation>
          <rdf:RDF xmlns:rdf="http://www.w3.org/1999/02/22-rdf-syntax-ns#" xmlns:bqmodel="http://biomodels.net/model-qualifiers/" xmlns:bqbiol="http://biomodels.net/biology-qualifiers/">
            <rdf:Description rdf:about="#metaid_0000016">
	<bqbiol:hasPart>
	<rdf:Bag>
	<rdf:li rdf:resource="http://identifiers.org/obo.chebi/CHEBI:15996"/>
	<rdf:li rdf:resource="http://identifiers.org/obo.go/GO:0043235"/>
	<rdf:li rdf:resource="http://identifiers.org/obo.go/GO:0005834"/>
	</rdf:Bag>
	</bqbiol:hasPart>
	</rdf:Description>
	
          </rdf:RDF>
        </annotation>
            </species>
      <species compartment="compartment_0" id="species_11" initialConcentration="0" metaid="metaid_0000017" name="G*AT">
        <annotation>
          <rdf:RDF xmlns:rdf="http://www.w3.org/1999/02/22-rdf-syntax-ns#" xmlns:bqmodel="http://biomodels.net/model-qualifiers/" xmlns:bqbiol="http://biomodels.net/biology-qualifiers/">
            <rdf:Description rdf:about="#metaid_0000017">
	<bqbiol:hasPart>
	<rdf:Bag>
	<rdf:li rdf:resource="http://identifiers.org/obo.chebi/CHEBI:15996"/>
	<rdf:li rdf:resource="http://identifiers.org/interpro/IPR000342"/>
	<rdf:li rdf:resource="http://identifiers.org/obo.go/GO:0005834"/>
	</rdf:Bag>
	</bqbiol:hasPart>
	</rdf:Description>
	
          </rdf:RDF>
        </annotation>
            </species>
      <species compartment="compartment_0" id="species_12" initialConcentration="0" metaid="metaid_0000018" name="GAD">
        <annotation>
          <rdf:RDF xmlns:rdf="http://www.w3.org/1999/02/22-rdf-syntax-ns#" xmlns:bqmodel="http://biomodels.net/model-qualifiers/" xmlns:bqbiol="http://biomodels.net/biology-qualifiers/">
            <rdf:Description rdf:about="#metaid_0000018">
	<bqbiol:hasPart>
	<rdf:Bag>
	<rdf:li rdf:resource="http://identifiers.org/obo.chebi/CHEBI:17552"/>
	<rdf:li rdf:resource="http://identifiers.org/interpro/IPR000342"/>
	<rdf:li rdf:resource="http://identifiers.org/obo.go/GO:0005834"/>
	</rdf:Bag>
	</bqbiol:hasPart>
	</rdf:Description>
	
          </rdf:RDF>
        </annotation>
            </species>
      <species compartment="compartment_0" id="species_13" initialConcentration="0" metaid="metaid_0000019" name="RGD">
        <annotation>
          <rdf:RDF xmlns:rdf="http://www.w3.org/1999/02/22-rdf-syntax-ns#" xmlns:bqmodel="http://biomodels.net/model-qualifiers/" xmlns:bqbiol="http://biomodels.net/biology-qualifiers/">
            <rdf:Description rdf:about="#metaid_0000019">
	<bqbiol:hasPart>
	<rdf:Bag>
	<rdf:li rdf:resource="http://identifiers.org/obo.chebi/CHEBI:17552"/>
	<rdf:li rdf:resource="http://identifiers.org/obo.go/GO:0043235"/>
	<rdf:li rdf:resource="http://identifiers.org/obo.go/GO:0005834"/>
	</rdf:Bag>
	</bqbiol:hasPart>
	</rdf:Description>
	
          </rdf:RDF>
        </annotation>
            </species>
      <species compartment="compartment_0" id="species_14" initialConcentration="0" metaid="metaid_0000020" name="RGA">
        <annotation>
          <rdf:RDF xmlns:rdf="http://www.w3.org/1999/02/22-rdf-syntax-ns#" xmlns:bqmodel="http://biomodels.net/model-qualifiers/" xmlns:bqbiol="http://biomodels.net/biology-qualifiers/">
            <rdf:Description rdf:about="#metaid_0000020">
	<bqbiol:hasPart>
	<rdf:Bag>
	<rdf:li rdf:resource="http://identifiers.org/interpro/IPR000342"/>
	<rdf:li rdf:resource="http://identifiers.org/obo.go/GO:0043235"/>
	<rdf:li rdf:resource="http://identifiers.org/obo.go/GO:0005834"/>
	</rdf:Bag>
	</bqbiol:hasPart>
	</rdf:Description>
	
          </rdf:RDF>
        </annotation>
            </species>
      <species compartment="compartment_0" id="species_15" initialConcentration="0" metaid="metaid_0000021" name="RG*AT">
        <annotation>
          <rdf:RDF xmlns:rdf="http://www.w3.org/1999/02/22-rdf-syntax-ns#" xmlns:bqmodel="http://biomodels.net/model-qualifiers/" xmlns:bqbiol="http://biomodels.net/biology-qualifiers/">
            <rdf:Description rdf:about="#metaid_0000021">
	<bqbiol:hasPart>
	<rdf:Bag>
	<rdf:li rdf:resource="http://identifiers.org/obo.chebi/CHEBI:15996"/>
	<rdf:li rdf:resource="http://identifiers.org/interpro/IPR000342"/>
	<rdf:li rdf:resource="http://identifiers.org/obo.go/GO:0043235"/>
	<rdf:li rdf:resource="http://identifiers.org/obo.go/GO:0005834"/>
	</rdf:Bag>
	</bqbiol:hasPart>
	</rdf:Description>
	
          </rdf:RDF>
        </annotation>
            </species>
      <species compartment="compartment_0" id="species_16" initialConcentration="0" metaid="metaid_0000022" name="RGAD">
        <annotation>
          <rdf:RDF xmlns:rdf="http://www.w3.org/1999/02/22-rdf-syntax-ns#" xmlns:bqmodel="http://biomodels.net/model-qualifiers/" xmlns:bqbiol="http://biomodels.net/biology-qualifiers/">
            <rdf:Description rdf:about="#metaid_0000022">
	<bqbiol:hasPart>
	<rdf:Bag>
	<rdf:li rdf:resource="http://identifiers.org/obo.chebi/CHEBI:17552"/>
	<rdf:li rdf:resource="http://identifiers.org/interpro/IPR000342"/>
	<rdf:li rdf:resource="http://identifiers.org/obo.go/GO:0043235"/>
	<rdf:li rdf:resource="http://identifiers.org/obo.go/GO:0005834"/>
	</rdf:Bag>
	</bqbiol:hasPart>
	</rdf:Description>
	
          </rdf:RDF>
        </annotation>
            </species>
    </listOfSpecies>
    <listOfParameters>
      <parameter constant="false" id="parameter_0" metaid="metaid_0000003" name="Z" value="0">
        <notes>
          <p xmlns="http://www.w3.org/1999/xhtml">
        fractional activity of G proteins</p>
          
        </notes>
      </parameter>
      <parameter constant="false" id="parameter_1" metaid="metaid_0000004" name="v" value="0">
        <notes>
          <p xmlns="http://www.w3.org/1999/xhtml">
        GTP hydrolytic rate</p>
          
        </notes>
      </parameter>
    </listOfParameters>
    <listOfRules>
      <assignmentRule metaid="metaid_0000023" variable="parameter_0">
        <notes>
          <p xmlns="http://www.w3.org/1999/xhtml">
        The [Gtot]=the initial value of [G]=10e-9 M</p>
          
        </notes>
        <math xmlns="http://www.w3.org/1998/Math/MathML">        
          <apply>
            <divide/>
            <apply>
              <plus/>
              <ci> species_5 </ci>
              <ci> species_10 </ci>
              <ci> species_15 </ci>
              <ci> species_11 </ci>
            </apply>
            <cn type="e-notation">1 <sep/> -8 </cn>
          </apply>
        </math>
            </assignmentRule>
      <assignmentRule metaid="metaid_0000024" variable="parameter_1">
        <notes>
          <p xmlns="http://www.w3.org/1999/xhtml">
        The [Gtot]=the initial value of [G]=10e-9 M</p>
          
        </notes>
        <math xmlns="http://www.w3.org/1998/Math/MathML">        
          <apply>
            <divide/>
            <apply>
              <plus/>
              <apply>
                <times/>
                <cn> 25 </cn>
                <ci> species_15 </ci>
              </apply>
              <apply>
                <times/>
                <cn> 25 </cn>
                <ci> species_11 </ci>
              </apply>
              <apply>
                <times/>
                <cn> 0.013 </cn>
                <ci> species_10 </ci>
              </apply>
              <apply>
                <times/>
                <cn> 0.013 </cn>
                <ci> species_5 </ci>
              </apply>
            </apply>
            <cn type="e-notation">1 <sep/> -8 </cn>
          </apply>
        </math>
            </assignmentRule>
    </listOfRules>
    <listOfReactions>
      <reaction id="reaction_0" metaid="metaid_0000025" name="G protein binding GAP">
        <annotation>
          <rdf:RDF xmlns:rdf="http://www.w3.org/1999/02/22-rdf-syntax-ns#" xmlns:bqmodel="http://biomodels.net/model-qualifiers/" xmlns:bqbiol="http://biomodels.net/biology-qualifiers/">
            <rdf:Description rdf:about="#metaid_0000025">
	<bqbiol:isVersionOf>
	<rdf:Bag>
	<rdf:li rdf:resource="http://identifiers.org/obo.go/GO:0005515"/>
	</rdf:Bag>
	</bqbiol:isVersionOf>
	</rdf:Description>
	
          </rdf:RDF>
        </annotation>
              <listOfReactants>
          <speciesReference metaid="_177620" species="species_1"/>
          <speciesReference metaid="_177632" species="species_0"/>
        </listOfReactants>
        <listOfProducts>
          <speciesReference metaid="_177644" species="species_2"/>
        </listOfProducts>
        <kineticLaw metaid="_177656">
          <math xmlns="http://www.w3.org/1998/Math/MathML">          
            <apply>
              <times/>
              <ci> compartment_0 </ci>
              <apply>
                <minus/>
                <apply>
                  <times/>
                  <ci> k1 </ci>
                  <ci> species_1 </ci>
                  <ci> species_0 </ci>
                </apply>
                <apply>
                  <times/>
                  <ci> k2 </ci>
                  <ci> species_2 </ci>
                </apply>
              </apply>
            </apply>
          </math>
                  <listOfParameters>
            <parameter id="k1" metaid="_177668" value="8780000"/>
            <parameter id="k2" metaid="_177680" value="8"/>
          </listOfParameters>
        </kineticLaw>
      </reaction>
      <reaction id="reaction_1" metaid="metaid_0000026" name="G protein binding GTP">
        <annotation>
          <rdf:RDF xmlns:rdf="http://www.w3.org/1999/02/22-rdf-syntax-ns#" xmlns:bqmodel="http://biomodels.net/model-qualifiers/" xmlns:bqbiol="http://biomodels.net/biology-qualifiers/">
            <rdf:Description rdf:about="#metaid_0000026">
	<bqbiol:isVersionOf>
	<rdf:Bag>
	<rdf:li rdf:resource="http://identifiers.org/obo.go/GO:0005515"/>
	<rdf:li rdf:resource="http://identifiers.org/obo.go/GO:0005525"/>
	</rdf:Bag>
	</bqbiol:isVersionOf>
	</rdf:Description>
	
          </rdf:RDF>
        </annotation>
              <listOfReactants>
          <speciesReference metaid="_177692" species="species_1"/>
          <speciesReference metaid="_177704" species="species_3"/>
        </listOfReactants>
        <listOfProducts>
          <speciesReference metaid="_177716" species="species_5"/>
        </listOfProducts>
        <kineticLaw metaid="_177728">
          <math xmlns="http://www.w3.org/1998/Math/MathML">          
            <apply>
              <times/>
              <ci> compartment_0 </ci>
              <apply>
                <minus/>
                <apply>
                  <times/>
                  <ci> k1 </ci>
                  <ci> species_1 </ci>
                  <ci> species_3 </ci>
                </apply>
                <apply>
                  <times/>
                  <ci> k2 </ci>
                  <ci> species_5 </ci>
                </apply>
              </apply>
            </apply>
          </math>
                  <listOfParameters>
            <parameter id="k1" metaid="_177741" value="529000"/>
            <parameter id="k2" metaid="_177753" value="8.38E-6"/>
          </listOfParameters>
        </kineticLaw>
      </reaction>
      <reaction id="reaction_2" metaid="metaid_0000027" name="G binding Receptor">
        <annotation>
          <rdf:RDF xmlns:rdf="http://www.w3.org/1999/02/22-rdf-syntax-ns#" xmlns:bqmodel="http://biomodels.net/model-qualifiers/" xmlns:bqbiol="http://biomodels.net/biology-qualifiers/">
            <rdf:Description rdf:about="#metaid_0000027">
	<bqbiol:isVersionOf>
	<rdf:Bag>
	<rdf:li rdf:resource="http://identifiers.org/obo.go/GO:0001664"/>
	</rdf:Bag>
	</bqbiol:isVersionOf>
	</rdf:Description>
	
          </rdf:RDF>
        </annotation>
              <listOfReactants>
          <speciesReference metaid="_177766" species="species_1"/>
          <speciesReference metaid="_177778" species="species_4"/>
        </listOfReactants>
        <listOfProducts>
          <speciesReference metaid="_177791" species="species_9"/>
        </listOfProducts>
        <kineticLaw metaid="_177803">
          <math xmlns="http://www.w3.org/1998/Math/MathML">          
            <apply>
              <times/>
              <ci> compartment_0 </ci>
              <apply>
                <minus/>
                <apply>
                  <times/>
                  <ci> k1 </ci>
                  <ci> species_1 </ci>
                  <ci> species_4 </ci>
                </apply>
                <apply>
                  <times/>
                  <ci> k2 </ci>
                  <ci> species_9 </ci>
                </apply>
              </apply>
            </apply>
          </math>
                  <listOfParameters>
            <parameter id="k1" metaid="_177816" value="636000000"/>
            <parameter id="k2" metaid="_177829" value="0.0179"/>
          </listOfParameters>
        </kineticLaw>
      </reaction>
      <reaction id="reaction_3" metaid="metaid_0000028" name="G*T  hydrolysis">
        <annotation>
          <rdf:RDF xmlns:rdf="http://www.w3.org/1999/02/22-rdf-syntax-ns#" xmlns:bqmodel="http://biomodels.net/model-qualifiers/" xmlns:bqbiol="http://biomodels.net/biology-qualifiers/">
            <rdf:Description rdf:about="#metaid_0000028">
              <bqbiol:hasVersion>
	<rdf:Bag>
	<rdf:li rdf:resource="http://identifiers.org/reactome/REACT_348"/>
	</rdf:Bag>
	</bqbiol:hasVersion>
	
	<bqbiol:isVersionOf>
	<rdf:Bag>
	<rdf:li rdf:resource="http://identifiers.org/obo.go/GO:0003924"/>
	</rdf:Bag>
	</bqbiol:isVersionOf>
	</rdf:Description>
	
          </rdf:RDF>
        </annotation>
              <listOfReactants>
          <speciesReference metaid="_177841" species="species_5"/>
        </listOfReactants>
        <listOfProducts>
          <speciesReference metaid="_177854" species="species_6"/>
          <speciesReference metaid="_177866" species="species_7"/>
        </listOfProducts>
        <kineticLaw metaid="_177879">
          <math xmlns="http://www.w3.org/1998/Math/MathML">          
            <apply>
              <times/>
              <ci> compartment_0 </ci>
              <apply>
                <minus/>
                <apply>
                  <times/>
                  <ci> k1 </ci>
                  <ci> species_5 </ci>
                </apply>
                <apply>
                  <times/>
                  <ci> k2 </ci>
                  <ci> species_6 </ci>
                  <ci> species_7 </ci>
                </apply>
              </apply>
            </apply>
          </math>
                  <listOfParameters>
            <parameter id="k1" metaid="_177892" value="0.013"/>
            <parameter id="k2" metaid="_177905" value="9.03E-7"/>
          </listOfParameters>
        </kineticLaw>
      </reaction>
      <reaction id="reaction_4" metaid="metaid_0000029" name="GD dissociation">
        <annotation>
          <rdf:RDF xmlns:rdf="http://www.w3.org/1999/02/22-rdf-syntax-ns#" xmlns:bqmodel="http://biomodels.net/model-qualifiers/" xmlns:bqbiol="http://biomodels.net/biology-qualifiers/">
            <rdf:Description rdf:about="#metaid_0000029">
	<bqbiol:isVersionOf>
	<rdf:Bag>
	<rdf:li rdf:resource="http://identifiers.org/obo.go/GO:0043241"/>
	</rdf:Bag>
	</bqbiol:isVersionOf>
	</rdf:Description>
	
          </rdf:RDF>
        </annotation>
              <listOfReactants>
          <speciesReference metaid="_177918" species="species_6"/>
        </listOfReactants>
        <listOfProducts>
          <speciesReference metaid="_177931" species="species_1"/>
          <speciesReference metaid="_177943" species="species_8"/>
        </listOfProducts>
        <kineticLaw metaid="_177956">
          <math xmlns="http://www.w3.org/1998/Math/MathML">          
            <apply>
              <times/>
              <ci> compartment_0 </ci>
              <apply>
                <minus/>
                <apply>
                  <times/>
                  <ci> k1 </ci>
                  <ci> species_6 </ci>
                </apply>
                <apply>
                  <times/>
                  <ci> k2 </ci>
                  <ci> species_1 </ci>
                  <ci> species_8 </ci>
                </apply>
              </apply>
            </apply>
          </math>
                  <listOfParameters>
            <parameter id="k1" metaid="_177968" value="0.0001"/>
            <parameter id="k2" metaid="_177980" value="62.3"/>
          </listOfParameters>
        </kineticLaw>
      </reaction>
      <reaction id="reaction_5" metaid="metaid_0000030" name="RG binding GTP">
        <annotation>
          <rdf:RDF xmlns:rdf="http://www.w3.org/1999/02/22-rdf-syntax-ns#" xmlns:bqmodel="http://biomodels.net/model-qualifiers/" xmlns:bqbiol="http://biomodels.net/biology-qualifiers/">
            <rdf:Description rdf:about="#metaid_0000030">
	<bqbiol:isVersionOf>
	<rdf:Bag>
	<rdf:li rdf:resource="http://identifiers.org/obo.go/GO:0032403"/>
	<rdf:li rdf:resource="http://identifiers.org/obo.go/GO:0005525"/>
	</rdf:Bag>
	</bqbiol:isVersionOf>
	</rdf:Description>
	
          </rdf:RDF>
        </annotation>
              <listOfReactants>
          <speciesReference metaid="_177992" species="species_9"/>
          <speciesReference metaid="_178004" species="species_3"/>
        </listOfReactants>
        <listOfProducts>
          <speciesReference metaid="_178016" species="species_10"/>
        </listOfProducts>
        <kineticLaw metaid="_178028">
          <math xmlns="http://www.w3.org/1998/Math/MathML">          
            <apply>
              <times/>
              <ci> compartment_0 </ci>
              <apply>
                <minus/>
                <apply>
                  <times/>
                  <ci> k1 </ci>
                  <ci> species_9 </ci>
                  <ci> species_3 </ci>
                </apply>
                <apply>
                  <times/>
                  <ci> k2 </ci>
                  <ci> species_10 </ci>
                </apply>
              </apply>
            </apply>
          </math>
                  <listOfParameters>
            <parameter id="k1" metaid="_178040" value="853000"/>
            <parameter id="k2" metaid="_178052" value="0.00468"/>
          </listOfParameters>
        </kineticLaw>
      </reaction>
      <reaction id="reaction_6" metaid="metaid_0000031" name="G*T binding Receptor">
        <annotation>
          <rdf:RDF xmlns:rdf="http://www.w3.org/1999/02/22-rdf-syntax-ns#" xmlns:bqmodel="http://biomodels.net/model-qualifiers/" xmlns:bqbiol="http://biomodels.net/biology-qualifiers/">
            <rdf:Description rdf:about="#metaid_0000031">
	<bqbiol:isVersionOf>
	<rdf:Bag>
	<rdf:li rdf:resource="http://identifiers.org/obo.go/GO:0005102"/>
	<rdf:li rdf:resource="http://identifiers.org/obo.go/GO:0001664"/>
	</rdf:Bag>
	</bqbiol:isVersionOf>
	</rdf:Description>
	
          </rdf:RDF>
        </annotation>
              <listOfReactants>
          <speciesReference metaid="_178064" species="species_5"/>
          <speciesReference metaid="_178076" species="species_4"/>
        </listOfReactants>
        <listOfProducts>
          <speciesReference metaid="_178088" species="species_10"/>
        </listOfProducts>
        <kineticLaw metaid="_178100">
          <math xmlns="http://www.w3.org/1998/Math/MathML">          
            <apply>
              <times/>
              <ci> compartment_0 </ci>
              <apply>
                <minus/>
                <apply>
                  <times/>
                  <ci> k1 </ci>
                  <ci> species_5 </ci>
                  <ci> species_4 </ci>
                </apply>
                <apply>
                  <times/>
                  <ci> k2 </ci>
                  <ci> species_10 </ci>
                </apply>
              </apply>
            </apply>
          </math>
                  <listOfParameters>
            <parameter id="k1" metaid="_178112" value="132000000"/>
            <parameter id="k2" metaid="_178124" value="1.28"/>
          </listOfParameters>
        </kineticLaw>
      </reaction>
      <reaction id="reaction_7" metaid="metaid_0000032" name="G*T binding GAP">
        <annotation>
          <rdf:RDF xmlns:rdf="http://www.w3.org/1999/02/22-rdf-syntax-ns#" xmlns:bqmodel="http://biomodels.net/model-qualifiers/" xmlns:bqbiol="http://biomodels.net/biology-qualifiers/">
            <rdf:Description rdf:about="#metaid_0000032">
	<bqbiol:isVersionOf>
	<rdf:Bag>
	<rdf:li rdf:resource="http://identifiers.org/obo.go/GO:0032403"/>
	</rdf:Bag>
	</bqbiol:isVersionOf>
	</rdf:Description>
	
          </rdf:RDF>
        </annotation>
              <listOfReactants>
          <speciesReference metaid="_178136" species="species_5"/>
          <speciesReference metaid="_178148" species="species_0"/>
        </listOfReactants>
        <listOfProducts>
          <speciesReference metaid="_178160" species="species_11"/>
        </listOfProducts>
        <kineticLaw metaid="_178172">
          <math xmlns="http://www.w3.org/1998/Math/MathML">          
            <apply>
              <times/>
              <ci> compartment_0 </ci>
              <apply>
                <minus/>
                <apply>
                  <times/>
                  <ci> k1 </ci>
                  <ci> species_5 </ci>
                  <ci> species_0 </ci>
                </apply>
                <apply>
                  <times/>
                  <ci> k2 </ci>
                  <ci> species_11 </ci>
                </apply>
              </apply>
            </apply>
          </math>
                  <listOfParameters>
            <parameter id="k1" metaid="_178185" value="386000"/>
            <parameter id="k2" metaid="_178197" value="0.0408"/>
          </listOfParameters>
        </kineticLaw>
      </reaction>
      <reaction id="reaction_8" metaid="metaid_0000033" name="GD binding GAP">
        <annotation>
          <rdf:RDF xmlns:rdf="http://www.w3.org/1999/02/22-rdf-syntax-ns#" xmlns:bqmodel="http://biomodels.net/model-qualifiers/" xmlns:bqbiol="http://biomodels.net/biology-qualifiers/">
            <rdf:Description rdf:about="#metaid_0000033">
	<bqbiol:isVersionOf>
	<rdf:Bag>
	<rdf:li rdf:resource="http://identifiers.org/obo.go/GO:0032403"/>
	</rdf:Bag>
	</bqbiol:isVersionOf>
	</rdf:Description>
	
          </rdf:RDF>
        </annotation>
              <listOfReactants>
          <speciesReference metaid="_178209" species="species_6"/>
          <speciesReference metaid="_178222" species="species_0"/>
        </listOfReactants>
        <listOfProducts>
          <speciesReference metaid="_178234" species="species_12"/>
        </listOfProducts>
        <kineticLaw metaid="_178246">
          <math xmlns="http://www.w3.org/1998/Math/MathML">          
            <apply>
              <times/>
              <ci> compartment_0 </ci>
              <apply>
                <minus/>
                <apply>
                  <times/>
                  <ci> k1 </ci>
                  <ci> species_6 </ci>
                  <ci> species_0 </ci>
                </apply>
                <apply>
                  <times/>
                  <ci> k2 </ci>
                  <ci> species_12 </ci>
                </apply>
              </apply>
            </apply>
          </math>
                  <listOfParameters>
            <parameter id="k1" metaid="_178258" value="64100"/>
            <parameter id="k2" metaid="_178270" value="0.95"/>
          </listOfParameters>
        </kineticLaw>
      </reaction>
      <reaction id="reaction_9" metaid="metaid_0000034" name="GD binding Receptor">
        <annotation>
          <rdf:RDF xmlns:rdf="http://www.w3.org/1999/02/22-rdf-syntax-ns#" xmlns:bqmodel="http://biomodels.net/model-qualifiers/" xmlns:bqbiol="http://biomodels.net/biology-qualifiers/">
            <rdf:Description rdf:about="#metaid_0000034">
	<bqbiol:isVersionOf>
	<rdf:Bag>
	<rdf:li rdf:resource="http://identifiers.org/obo.go/GO:0005102"/>
	<rdf:li rdf:resource="http://identifiers.org/obo.go/GO:0001664"/>
	</rdf:Bag>
	</bqbiol:isVersionOf>
	</rdf:Description>
	
          </rdf:RDF>
        </annotation>
              <listOfReactants>
          <speciesReference metaid="_178282" species="species_6"/>
          <speciesReference metaid="_178294" species="species_4"/>
        </listOfReactants>
        <listOfProducts>
          <speciesReference metaid="_178306" species="species_13"/>
        </listOfProducts>
        <kineticLaw metaid="_178318">
          <math xmlns="http://www.w3.org/1998/Math/MathML">          
            <apply>
              <times/>
              <ci> compartment_0 </ci>
              <apply>
                <minus/>
                <apply>
                  <times/>
                  <ci> k1 </ci>
                  <ci> species_6 </ci>
                  <ci> species_4 </ci>
                </apply>
                <apply>
                  <times/>
                  <ci> k2 </ci>
                  <ci> species_13 </ci>
                </apply>
              </apply>
            </apply>
          </math>
                  <listOfParameters>
            <parameter id="k1" metaid="_178330" value="94700000"/>
            <parameter id="k2" metaid="_178342" value="0.00227"/>
          </listOfParameters>
        </kineticLaw>
      </reaction>
      <reaction id="reaction_10" metaid="metaid_0000035" name="RG*T hydrolysis">
        <annotation>
          <rdf:RDF xmlns:rdf="http://www.w3.org/1999/02/22-rdf-syntax-ns#" xmlns:bqmodel="http://biomodels.net/model-qualifiers/" xmlns:bqbiol="http://biomodels.net/biology-qualifiers/">
            <rdf:Description rdf:about="#metaid_0000035">
              <bqbiol:hasVersion>
	<rdf:Bag>
	<rdf:li rdf:resource="http://identifiers.org/reactome/REACT_348"/>
	</rdf:Bag>
	</bqbiol:hasVersion>
	
	<bqbiol:isVersionOf>
	<rdf:Bag>
	<rdf:li rdf:resource="http://identifiers.org/obo.go/GO:0003924"/>
	</rdf:Bag>
	</bqbiol:isVersionOf>
	</rdf:Description>
	
          </rdf:RDF>
        </annotation>
              <listOfReactants>
          <speciesReference metaid="_178354" species="species_10"/>
        </listOfReactants>
        <listOfProducts>
          <speciesReference metaid="_178366" species="species_13"/>
          <speciesReference metaid="_178378" species="species_7"/>
        </listOfProducts>
        <kineticLaw metaid="_178390">
          <math xmlns="http://www.w3.org/1998/Math/MathML">          
            <apply>
              <times/>
              <ci> compartment_0 </ci>
              <apply>
                <minus/>
                <apply>
                  <times/>
                  <ci> k1 </ci>
                  <ci> species_10 </ci>
                </apply>
                <apply>
                  <times/>
                  <ci> k2 </ci>
                  <ci> species_13 </ci>
                  <ci> species_7 </ci>
                </apply>
              </apply>
            </apply>
          </math>
                  <listOfParameters>
            <parameter id="k1" metaid="_178402" value="0.013"/>
            <parameter id="k2" metaid="_178414" value="2.22E-9"/>
          </listOfParameters>
        </kineticLaw>
      </reaction>
      <reaction id="reaction_11" metaid="metaid_0000036" name="RGD dissociation">
        <annotation>
          <rdf:RDF xmlns:rdf="http://www.w3.org/1999/02/22-rdf-syntax-ns#" xmlns:bqmodel="http://biomodels.net/model-qualifiers/" xmlns:bqbiol="http://biomodels.net/biology-qualifiers/">
            <rdf:Description rdf:about="#metaid_0000036">
	<bqbiol:isVersionOf>
	<rdf:Bag>
	<rdf:li rdf:resource="http://identifiers.org/obo.go/GO:0043241"/>
	</rdf:Bag>
	</bqbiol:isVersionOf>
	</rdf:Description>
	
          </rdf:RDF>
        </annotation>
              <listOfReactants>
          <speciesReference metaid="_178426" species="species_13"/>
        </listOfReactants>
        <listOfProducts>
          <speciesReference metaid="_178438" species="species_9"/>
          <speciesReference metaid="_178450" species="species_8"/>
        </listOfProducts>
        <kineticLaw metaid="_178462">
          <math xmlns="http://www.w3.org/1998/Math/MathML">          
            <apply>
              <times/>
              <ci> compartment_0 </ci>
              <apply>
                <minus/>
                <apply>
                  <times/>
                  <ci> k1 </ci>
                  <ci> species_13 </ci>
                </apply>
                <apply>
                  <times/>
                  <ci> k2 </ci>
                  <ci> species_9 </ci>
                  <ci> species_8 </ci>
                </apply>
              </apply>
            </apply>
          </math>
                  <listOfParameters>
            <parameter id="k1" metaid="_178474" value="2"/>
            <parameter id="k2" metaid="_178486" value="1470000"/>
          </listOfParameters>
        </kineticLaw>
      </reaction>
      <reaction id="reaction_12" metaid="metaid_0000037" name="GA binding GTP">
        <annotation>
          <rdf:RDF xmlns:rdf="http://www.w3.org/1999/02/22-rdf-syntax-ns#" xmlns:bqmodel="http://biomodels.net/model-qualifiers/" xmlns:bqbiol="http://biomodels.net/biology-qualifiers/">
            <rdf:Description rdf:about="#metaid_0000037">
	<bqbiol:isVersionOf>
	<rdf:Bag>
	<rdf:li rdf:resource="http://identifiers.org/obo.go/GO:0005525"/>
	<rdf:li rdf:resource="http://identifiers.org/obo.go/GO:0005515"/>
	</rdf:Bag>
	</bqbiol:isVersionOf>
	</rdf:Description>
	
          </rdf:RDF>
        </annotation>
              <listOfReactants>
          <speciesReference metaid="_178498" species="species_2"/>
          <speciesReference metaid="_178510" species="species_3"/>
        </listOfReactants>
        <listOfProducts>
          <speciesReference metaid="_178522" species="species_11"/>
        </listOfProducts>
        <kineticLaw metaid="_178534">
          <math xmlns="http://www.w3.org/1998/Math/MathML">          
            <apply>
              <times/>
              <ci> compartment_0 </ci>
              <apply>
                <minus/>
                <apply>
                  <times/>
                  <ci> k1 </ci>
                  <ci> species_2 </ci>
                  <ci> species_3 </ci>
                </apply>
                <apply>
                  <times/>
                  <ci> k2 </ci>
                  <ci> species_11 </ci>
                </apply>
              </apply>
            </apply>
          </math>
                  <listOfParameters>
            <parameter id="k1" metaid="_178546" value="44700"/>
            <parameter id="k2" metaid="_178559" value="8.32E-8"/>
          </listOfParameters>
        </kineticLaw>
      </reaction>
      <reaction id="reaction_13" metaid="metaid_0000038" name="G*AT hydrolysis">
        <annotation>
          <rdf:RDF xmlns:rdf="http://www.w3.org/1999/02/22-rdf-syntax-ns#" xmlns:bqmodel="http://biomodels.net/model-qualifiers/" xmlns:bqbiol="http://biomodels.net/biology-qualifiers/">
            <rdf:Description rdf:about="#metaid_0000038">
              <bqbiol:hasVersion>
	<rdf:Bag>
	<rdf:li rdf:resource="http://identifiers.org/reactome/REACT_348"/>
	</rdf:Bag>
	</bqbiol:hasVersion>
	
	<bqbiol:isVersionOf>
	<rdf:Bag>
	<rdf:li rdf:resource="http://identifiers.org/obo.go/GO:0003924"/>
	</rdf:Bag>
	</bqbiol:isVersionOf>
	</rdf:Description>
	
          </rdf:RDF>
        </annotation>
              <listOfReactants>
          <speciesReference metaid="_178571" species="species_11"/>
        </listOfReactants>
        <listOfProducts>
          <speciesReference metaid="_178583" species="species_12"/>
          <speciesReference metaid="_178595" species="species_7"/>
        </listOfProducts>
        <kineticLaw metaid="_178607">
          <math xmlns="http://www.w3.org/1998/Math/MathML">          
            <apply>
              <times/>
              <ci> compartment_0 </ci>
              <apply>
                <minus/>
                <apply>
                  <times/>
                  <ci> k1 </ci>
                  <ci> species_11 </ci>
                </apply>
                <apply>
                  <times/>
                  <ci> k2 </ci>
                  <ci> species_12 </ci>
                  <ci> species_7 </ci>
                </apply>
              </apply>
            </apply>
          </math>
                  <listOfParameters>
            <parameter id="k1" metaid="_178619" value="25"/>
            <parameter id="k2" metaid="_178631" value="0.244"/>
          </listOfParameters>
        </kineticLaw>
      </reaction>
      <reaction id="reaction_14" metaid="metaid_0000039" name="GAD dissociation">
        <annotation>
          <rdf:RDF xmlns:rdf="http://www.w3.org/1999/02/22-rdf-syntax-ns#" xmlns:bqmodel="http://biomodels.net/model-qualifiers/" xmlns:bqbiol="http://biomodels.net/biology-qualifiers/">
            <rdf:Description rdf:about="#metaid_0000039">
	<bqbiol:isVersionOf>
	<rdf:Bag>
	<rdf:li rdf:resource="http://identifiers.org/obo.go/GO:0043241"/>
	</rdf:Bag>
	</bqbiol:isVersionOf>
	</rdf:Description>
	
          </rdf:RDF>
        </annotation>
              <listOfReactants>
          <speciesReference metaid="_178643" species="species_12"/>
        </listOfReactants>
        <listOfProducts>
          <speciesReference metaid="_178655" species="species_2"/>
          <speciesReference metaid="_178667" species="species_8"/>
        </listOfProducts>
        <kineticLaw metaid="_178680">
          <math xmlns="http://www.w3.org/1998/Math/MathML">          
            <apply>
              <times/>
              <ci> compartment_0 </ci>
              <apply>
                <minus/>
                <apply>
                  <times/>
                  <ci> k1 </ci>
                  <ci> species_12 </ci>
                </apply>
                <apply>
                  <times/>
                  <ci> k2 </ci>
                  <ci> species_2 </ci>
                  <ci> species_8 </ci>
                </apply>
              </apply>
            </apply>
          </math>
                  <listOfParameters>
            <parameter id="k1" metaid="_178692" value="0.0001"/>
            <parameter id="k2" metaid="_178704" value="3.83"/>
          </listOfParameters>
        </kineticLaw>
      </reaction>
      <reaction id="reaction_15" metaid="metaid_0000040" name="RG binding  GAP">
        <annotation>
          <rdf:RDF xmlns:rdf="http://www.w3.org/1999/02/22-rdf-syntax-ns#" xmlns:bqmodel="http://biomodels.net/model-qualifiers/" xmlns:bqbiol="http://biomodels.net/biology-qualifiers/">
            <rdf:Description rdf:about="#metaid_0000040">
	<bqbiol:isVersionOf>
	<rdf:Bag>
	<rdf:li rdf:resource="http://identifiers.org/obo.go/GO:0032403"/>
	</rdf:Bag>
	</bqbiol:isVersionOf>
	</rdf:Description>
	
          </rdf:RDF>
        </annotation>
              <listOfReactants>
          <speciesReference metaid="_178716" species="species_9"/>
          <speciesReference metaid="_178728" species="species_0"/>
        </listOfReactants>
        <listOfProducts>
          <speciesReference metaid="_178740" species="species_14"/>
        </listOfProducts>
        <kineticLaw metaid="_178752">
          <math xmlns="http://www.w3.org/1998/Math/MathML">          
            <apply>
              <times/>
              <ci> compartment_0 </ci>
              <apply>
                <minus/>
                <apply>
                  <times/>
                  <ci> k1 </ci>
                  <ci> species_9 </ci>
                  <ci> species_0 </ci>
                </apply>
                <apply>
                  <times/>
                  <ci> k2 </ci>
                  <ci> species_14 </ci>
                </apply>
              </apply>
            </apply>
          </math>
                  <listOfParameters>
            <parameter id="k1" metaid="_178764" value="74300"/>
            <parameter id="k2" metaid="_178776" value="0.00572"/>
          </listOfParameters>
        </kineticLaw>
      </reaction>
      <reaction id="reaction_16" metaid="metaid_0000041" name="GA binding Receptor">
        <annotation>
          <rdf:RDF xmlns:rdf="http://www.w3.org/1999/02/22-rdf-syntax-ns#" xmlns:bqmodel="http://biomodels.net/model-qualifiers/" xmlns:bqbiol="http://biomodels.net/biology-qualifiers/">
            <rdf:Description rdf:about="#metaid_0000041">
	<bqbiol:isVersionOf>
	<rdf:Bag>
	<rdf:li rdf:resource="http://identifiers.org/obo.go/GO:0005102"/>
	<rdf:li rdf:resource="http://identifiers.org/obo.go/GO:0001664"/>
	</rdf:Bag>
	</bqbiol:isVersionOf>
	</rdf:Description>
	
          </rdf:RDF>
        </annotation>
              <listOfReactants>
          <speciesReference metaid="_178788" species="species_2"/>
          <speciesReference metaid="_178800" species="species_4"/>
        </listOfReactants>
        <listOfProducts>
          <speciesReference metaid="_178812" species="species_14"/>
        </listOfProducts>
        <kineticLaw metaid="_178824">
          <math xmlns="http://www.w3.org/1998/Math/MathML">          
            <apply>
              <times/>
              <ci> compartment_0 </ci>
              <apply>
                <minus/>
                <apply>
                  <times/>
                  <ci> k1 </ci>
                  <ci> species_2 </ci>
                  <ci> species_4 </ci>
                </apply>
                <apply>
                  <times/>
                  <ci> k2 </ci>
                  <ci> species_14 </ci>
                </apply>
              </apply>
            </apply>
          </math>
                  <listOfParameters>
            <parameter id="k1" metaid="_178837" value="22800000"/>
            <parameter id="k2" metaid="_178849" value="5.43E-5"/>
          </listOfParameters>
        </kineticLaw>
      </reaction>
      <reaction id="reaction_17" metaid="metaid_0000042" name="RGA binding  GTP">
        <annotation>
          <rdf:RDF xmlns:rdf="http://www.w3.org/1999/02/22-rdf-syntax-ns#" xmlns:bqmodel="http://biomodels.net/model-qualifiers/" xmlns:bqbiol="http://biomodels.net/biology-qualifiers/">
            <rdf:Description rdf:about="#metaid_0000042">
	<bqbiol:isVersionOf>
	<rdf:Bag>
	<rdf:li rdf:resource="http://identifiers.org/obo.go/GO:0032403"/>
	<rdf:li rdf:resource="http://identifiers.org/obo.go/GO:0005525"/>
	</rdf:Bag>
	</bqbiol:isVersionOf>
	</rdf:Description>
	
          </rdf:RDF>
        </annotation>
              <listOfReactants>
          <speciesReference metaid="_178861" species="species_14"/>
          <speciesReference metaid="_178873" species="species_3"/>
        </listOfReactants>
        <listOfProducts>
          <speciesReference metaid="_178885" species="species_15"/>
        </listOfProducts>
        <kineticLaw metaid="_178897">
          <math xmlns="http://www.w3.org/1998/Math/MathML">          
            <apply>
              <times/>
              <ci> compartment_0 </ci>
              <apply>
                <minus/>
                <apply>
                  <times/>
                  <ci> k1 </ci>
                  <ci> species_14 </ci>
                  <ci> species_3 </ci>
                </apply>
                <apply>
                  <times/>
                  <ci> k2 </ci>
                  <ci> species_15 </ci>
                </apply>
              </apply>
            </apply>
          </math>
                  <listOfParameters>
            <parameter id="k1" metaid="_178909" value="1620000"/>
            <parameter id="k2" metaid="_178922" value="0.00875"/>
          </listOfParameters>
        </kineticLaw>
      </reaction>
      <reaction id="reaction_18" metaid="metaid_0000043" name="G*AT binding Receptor">
        <annotation>
          <rdf:RDF xmlns:rdf="http://www.w3.org/1999/02/22-rdf-syntax-ns#" xmlns:bqmodel="http://biomodels.net/model-qualifiers/" xmlns:bqbiol="http://biomodels.net/biology-qualifiers/">
            <rdf:Description rdf:about="#metaid_0000043">
	<bqbiol:isVersionOf>
	<rdf:Bag>
	<rdf:li rdf:resource="http://identifiers.org/obo.go/GO:0001664"/>
	<rdf:li rdf:resource="http://identifiers.org/obo.go/GO:0005102"/>
	</rdf:Bag>
	</bqbiol:isVersionOf>
	</rdf:Description>
	
          </rdf:RDF>
        </annotation>
              <listOfReactants>
          <speciesReference metaid="_178934" species="species_11"/>
          <speciesReference metaid="_178946" species="species_4"/>
        </listOfReactants>
        <listOfProducts>
          <speciesReference metaid="_178958" species="species_15"/>
        </listOfProducts>
        <kineticLaw metaid="_178970">
          <math xmlns="http://www.w3.org/1998/Math/MathML">          
            <apply>
              <times/>
              <ci> compartment_0 </ci>
              <apply>
                <minus/>
                <apply>
                  <times/>
                  <ci> k1 </ci>
                  <ci> species_11 </ci>
                  <ci> species_4 </ci>
                </apply>
                <apply>
                  <times/>
                  <ci> k2 </ci>
                  <ci> species_15 </ci>
                </apply>
              </apply>
            </apply>
          </math>
                  <listOfParameters>
            <parameter id="k1" metaid="_178982" value="6200000"/>
            <parameter id="k2" metaid="_178994" value="0.0433"/>
          </listOfParameters>
        </kineticLaw>
      </reaction>
      <reaction id="reaction_19" metaid="metaid_0000044" name="RG*T binding GAP">
        <annotation>
          <rdf:RDF xmlns:rdf="http://www.w3.org/1999/02/22-rdf-syntax-ns#" xmlns:bqmodel="http://biomodels.net/model-qualifiers/" xmlns:bqbiol="http://biomodels.net/biology-qualifiers/">
            <rdf:Description rdf:about="#metaid_0000044">
	<bqbiol:isVersionOf>
	<rdf:Bag>
	<rdf:li rdf:resource="http://identifiers.org/obo.go/GO:0032403"/>
	</rdf:Bag>
	</bqbiol:isVersionOf>
	</rdf:Description>
	
          </rdf:RDF>
        </annotation>
              <listOfReactants>
          <speciesReference metaid="_179006" species="species_10"/>
          <speciesReference metaid="_179018" species="species_0"/>
        </listOfReactants>
        <listOfProducts>
          <speciesReference metaid="_179030" species="species_15"/>
        </listOfProducts>
        <kineticLaw metaid="_179042">
          <math xmlns="http://www.w3.org/1998/Math/MathML">          
            <apply>
              <times/>
              <ci> compartment_0 </ci>
              <apply>
                <minus/>
                <apply>
                  <times/>
                  <ci> k1 </ci>
                  <ci> species_10 </ci>
                  <ci> species_0 </ci>
                </apply>
                <apply>
                  <times/>
                  <ci> k2 </ci>
                  <ci> species_15 </ci>
                </apply>
              </apply>
            </apply>
          </math>
                  <listOfParameters>
            <parameter id="k1" metaid="_179055" value="6300000"/>
            <parameter id="k2" metaid="_179067" value="0.478"/>
          </listOfParameters>
        </kineticLaw>
      </reaction>
      <reaction id="reaction_20" metaid="metaid_0000045" name="RG*AT hydrolysis">
        <annotation>
          <rdf:RDF xmlns:rdf="http://www.w3.org/1999/02/22-rdf-syntax-ns#" xmlns:bqmodel="http://biomodels.net/model-qualifiers/" xmlns:bqbiol="http://biomodels.net/biology-qualifiers/">
            <rdf:Description rdf:about="#metaid_0000045">
              <bqbiol:isVersionOf>
	<rdf:Bag>
	<rdf:li rdf:resource="http://identifiers.org/obo.go/GO:0003924"/>
	</rdf:Bag>
	</bqbiol:isVersionOf>
	
	<bqbiol:hasVersion>
	<rdf:Bag>
	<rdf:li rdf:resource="http://identifiers.org/reactome/REACT_348"/>
	</rdf:Bag>
	</bqbiol:hasVersion>
	</rdf:Description>
	
          </rdf:RDF>
        </annotation>
              <listOfReactants>
          <speciesReference metaid="_179079" species="species_15"/>
        </listOfReactants>
        <listOfProducts>
          <speciesReference metaid="_179091" species="species_16"/>
          <speciesReference metaid="_179103" species="species_7"/>
        </listOfProducts>
        <kineticLaw metaid="_179116">
          <math xmlns="http://www.w3.org/1998/Math/MathML">          
            <apply>
              <times/>
              <ci> compartment_0 </ci>
              <apply>
                <minus/>
                <apply>
                  <times/>
                  <ci> k1 </ci>
                  <ci> species_15 </ci>
                </apply>
                <apply>
                  <times/>
                  <ci> k2 </ci>
                  <ci> species_16 </ci>
                  <ci> species_7 </ci>
                </apply>
              </apply>
            </apply>
          </math>
                  <listOfParameters>
            <parameter id="k1" metaid="_179128" value="25"/>
            <parameter id="k2" metaid="_179140" value="0.00297"/>
          </listOfParameters>
        </kineticLaw>
      </reaction>
      <reaction id="reaction_21" metaid="metaid_0000046" name="RGD binding GAP">
        <annotation>
          <rdf:RDF xmlns:rdf="http://www.w3.org/1999/02/22-rdf-syntax-ns#" xmlns:bqmodel="http://biomodels.net/model-qualifiers/" xmlns:bqbiol="http://biomodels.net/biology-qualifiers/">
            <rdf:Description rdf:about="#metaid_0000046">
	<bqbiol:isVersionOf>
	<rdf:Bag>
	<rdf:li rdf:resource="http://identifiers.org/obo.go/GO:0032403"/>
	</rdf:Bag>
	</bqbiol:isVersionOf>
	</rdf:Description>
	
          </rdf:RDF>
        </annotation>
              <listOfReactants>
          <speciesReference metaid="_179152" species="species_13"/>
          <speciesReference metaid="_179164" species="species_0"/>
        </listOfReactants>
        <listOfProducts>
          <speciesReference metaid="_179176" species="species_16"/>
        </listOfProducts>
        <kineticLaw metaid="_179188">
          <math xmlns="http://www.w3.org/1998/Math/MathML">          
            <apply>
              <times/>
              <ci> compartment_0 </ci>
              <apply>
                <minus/>
                <apply>
                  <times/>
                  <ci> k1 </ci>
                  <ci> species_13 </ci>
                  <ci> species_0 </ci>
                </apply>
                <apply>
                  <times/>
                  <ci> k2 </ci>
                  <ci> species_16 </ci>
                </apply>
              </apply>
            </apply>
          </math>
                  <listOfParameters>
            <parameter id="k1" metaid="_179200" value="13000"/>
            <parameter id="k2" metaid="_179212" value="0.685"/>
          </listOfParameters>
        </kineticLaw>
      </reaction>
      <reaction id="reaction_22" metaid="metaid_0000047" name="GAD binding Receptor">
        <annotation>
          <rdf:RDF xmlns:rdf="http://www.w3.org/1999/02/22-rdf-syntax-ns#" xmlns:bqmodel="http://biomodels.net/model-qualifiers/" xmlns:bqbiol="http://biomodels.net/biology-qualifiers/">
            <rdf:Description rdf:about="#metaid_0000047">
	<bqbiol:isVersionOf>
	<rdf:Bag>
	<rdf:li rdf:resource="http://identifiers.org/obo.go/GO:0001664"/>
	<rdf:li rdf:resource="http://identifiers.org/obo.go/GO:0005102"/>
	</rdf:Bag>
	</bqbiol:isVersionOf>
	</rdf:Description>
	
          </rdf:RDF>
        </annotation>
              <listOfReactants>
          <speciesReference metaid="_179224" species="species_12"/>
          <speciesReference metaid="_179236" species="species_4"/>
        </listOfReactants>
        <listOfProducts>
          <speciesReference metaid="_179248" species="species_16"/>
        </listOfProducts>
        <kineticLaw metaid="_179260">
          <math xmlns="http://www.w3.org/1998/Math/MathML">          
            <apply>
              <times/>
              <ci> compartment_0 </ci>
              <apply>
                <minus/>
                <apply>
                  <times/>
                  <ci> k1 </ci>
                  <ci> species_12 </ci>
                  <ci> species_4 </ci>
                </apply>
                <apply>
                  <times/>
                  <ci> k2 </ci>
                  <ci> species_16 </ci>
                </apply>
              </apply>
            </apply>
          </math>
                  <listOfParameters>
            <parameter id="k1" metaid="_179272" value="49400000"/>
            <parameter id="k2" metaid="_179284" value="0.00421"/>
          </listOfParameters>
        </kineticLaw>
      </reaction>
      <reaction id="reaction_23" metaid="metaid_0000048" name="RGAD dissociation">
        <annotation>
          <rdf:RDF xmlns:rdf="http://www.w3.org/1999/02/22-rdf-syntax-ns#" xmlns:bqmodel="http://biomodels.net/model-qualifiers/" xmlns:bqbiol="http://biomodels.net/biology-qualifiers/">
            <rdf:Description rdf:about="#metaid_0000048">
	<bqbiol:isVersionOf>
	<rdf:Bag>
	<rdf:li rdf:resource="http://identifiers.org/obo.go/GO:0043241"/>
	</rdf:Bag>
	</bqbiol:isVersionOf>
	</rdf:Description>
	
          </rdf:RDF>
        </annotation>
              <listOfReactants>
          <speciesReference metaid="_179296" species="species_16"/>
        </listOfReactants>
        <listOfProducts>
          <speciesReference metaid="_179308" species="species_14"/>
          <speciesReference metaid="_179320" species="species_8"/>
        </listOfProducts>
        <kineticLaw metaid="_179332">
          <math xmlns="http://www.w3.org/1998/Math/MathML">          
            <apply>
              <times/>
              <ci> compartment_0 </ci>
              <apply>
                <minus/>
                <apply>
                  <times/>
                  <ci> k1 </ci>
                  <ci> species_16 </ci>
                </apply>
                <apply>
                  <times/>
                  <ci> k2 </ci>
                  <ci> species_14 </ci>
                  <ci> species_8 </ci>
                </apply>
              </apply>
            </apply>
          </math>
                  <listOfParameters>
            <parameter id="k1" metaid="_179344" value="2.75"/>
            <parameter id="k2" metaid="_179356" value="2940"/>
          </listOfParameters>
        </kineticLaw>
      </reaction>
    </listOfReactions>
  </model>
</sbml>