<?xml version='1.0' encoding='UTF-8' standalone='no'?>
<sbml xmlns="http://www.sbml.org/sbml/level2" level="2" metaid="metaid_0000001" version="1">
  <model id="Wolf2001_Respiratory_Oscillations" metaid="metaid_0000002" name="Wolf2001_Respiratory_Oscillations">
    <notes>
      <body xmlns="http://www.w3.org/1999/xhtml">
        <p>This model by Jana Wolf et al. 2001 is the first mechanistic model of respiratory oscillations in Saccharomyces cerevisae. It is based on the assumption that feedback inhibition of cysteine on the sulfate transporters leads to oscillations in this pathway and causes oscillations in respiratory activity via inhibition of cytochrome c oxidase by hydrogen disulfide. The model is qualitative/semi-quantitative and reproduces the respiratory oscillation pattern quite well. It is based on very coarse-grained representations of the mitochondrial tricarboxylic acid cycle and the mitochondrial electron transport chain (oxidative phosphorylation). The sulfate assimilatory pathways also contains some significant simplifcations.</p>
            <p>The model corresponds to Fig. 2B of the paper, with a slight phase shift of the oscillations. No initial conditions were given in the paper, and thus they were chosen arbitrarily in a range that lies within the basin of attraction of the limit cycle oscillations. Species IDs correspond to IDs used by the authors, while SBML names are more common abbreviations.</p>
            <p>Caveats:      <br/>
          1) Equilibrated transport:      <br/>
          The model assumes fast equilibration between mitochondria and cytoplasm for the metabolites NADH, NAD+, H2S and Acetyl-CoA.      <br/>
          2) Cytosolic mass conservation ATP/ADP:      <br/>
          The model uses mass conservation for cytosolic adenosine nucleotides with is however not encoded in the stoichiometry, but is implied by the lumped reaction v4. This reaction combines the enzymatic reactions of phosphoadenylyl-sulfate reductase (thioredoxin) (yeast protein Met16p, EC 1.8.4.8) and sulfite reductase (NADPH) (subunits Met5p and Met10p, EC 1.8.1.2). EC 1.8.4.8 also has  adenosine-3',5'-bismonophosphate (PAP, not to confuse with ID pap in this model, standing for PAPS) as a product. PAP is the substrate for enzyme 3'(2'),5'-bisphosphate nucleotidase  (Met22p, EC:3.1.3.7) which would revover AMP (and Pi). Then AMP can be assumed to be equilibrated with ATP and ADP via adenylate kinase, as often used in metabolic models. This AMP production is implied in the mass conservation for cytosolic adenosine phosphates. Accounting for these reactions explicitly does not change the dynamics of the model significantly. An according version can be obtained from the SBML creator (Rainer Machne, mailto:raim@tbi.univie.ac.at).      <br/>
          3) Redox balance:      <br/>
          The enzyme sulfite reductase (NADPH) (subunits Met5p and Met10p, EC 1.8.1.2, part of reaction v4) actually uses NADPH, and the authors assume equilibration of NADH and NADPH. But actually S. cerevisiae specifically is missing the according enzyme transhydrogenase (EC 1.6.1.1 or EC 1.6.1.2). EC 1.8.4.8 also oxidizes thioredoxin and would actually require an additional NADPH for thioredoxin recovery (reduction). This would slightly affect the redox balance of the model.      <br/>
          4) Energy balance:      <br/>
          Reaction v7 lumps NAD-dependent alcohol dehydrogenase (EC 1.1.1.1), aldehyde dehydrogenase (NAD+) (EC 1.2.1.3) and acetyl-CoA synthase (EC 6.2.1.1). The latter reaction would actually consume ATP as a co-factor, producing AMP+PPi, and this is not included in the model. This would slightly bias the model's energy balance.      </p>
            <br/>
            <p>To the extent possible under law, all copyright and related or neighbouring rights to this encoded model have been dedicated to the public domain worldwide. Please refer to      <a href="http://creativecommons.org/publicdomain/zero/1.0/" title="Creative Commons CC0">CC0 Public Domain Dedication</a>
          for more information.      </p>
            <p>In summary, you are entitled to use this encoded model in absolutely any manner you deem suitable, verbatim, or with modification, alone or embedded it in a larger context, redistribute it, commercially or not, in a restricted way or not.</p>
            <br/>
            <p>To cite BioModels Database, please use:      <a href="http://www.ncbi.nlm.nih.gov/pubmed/20587024" target="_blank">Li C, Donizelli M, Rodriguez N, Dharuri H, Endler L, Chelliah V, Li L, He E, Henry A, Stefan MI, Snoep JL, Hucka M, Le Novère N, Laibe C (2010) BioModels Database: An enhanced, curated and annotated resource for published quantitative kinetic models. BMC Syst Biol., 4:92.</a>
                </p>
            </body>
      
    </notes>
    <annotation>
      <rdf:RDF xmlns:rdf="http://www.w3.org/1999/02/22-rdf-syntax-ns#" xmlns:bqmodel="http://biomodels.net/model-qualifiers/" xmlns:vCard="http://www.w3.org/2001/vcard-rdf/3.0#" xmlns:dc="http://purl.org/dc/elements/1.1/" xmlns:dcterms="http://purl.org/dc/terms/" xmlns:bqbiol="http://biomodels.net/biology-qualifiers/">
        <rdf:Description rdf:about="#metaid_0000002">
	<dc:creator>
	<rdf:Bag>
	<rdf:li rdf:parseType="Resource">
	<vCard:N rdf:parseType="Resource">
	<vCard:Family>Machne</vCard:Family>
	<vCard:Given>Rainer</vCard:Given>
	</vCard:N>
	<vCard:EMAIL>raim@tbi.univie.ac.at</vCard:EMAIL>
	<vCard:ORG rdf:parseType="Resource">
	<vCard:Orgname>University of Vienna</vCard:Orgname>
	</vCard:ORG>
	</rdf:li>
	</rdf:Bag>
	</dc:creator>
	<dcterms:created rdf:parseType="Resource">
	<dcterms:W3CDTF>2007-01-23T15:42:43Z</dcterms:W3CDTF>
	</dcterms:created>
	<dcterms:modified rdf:parseType="Resource">
	<dcterms:W3CDTF>2012-07-05T14:48:26Z</dcterms:W3CDTF>
	</dcterms:modified>
	<bqmodel:is>
	<rdf:Bag>
	<rdf:li rdf:resource="http://identifiers.org/biomodels.db/MODEL9728951048"/>
	</rdf:Bag>
	</bqmodel:is>
	<bqmodel:is>
	<rdf:Bag>
	<rdf:li rdf:resource="http://identifiers.org/biomodels.db/BIOMD0000000090"/>
	</rdf:Bag>
	</bqmodel:is>
	<bqmodel:isDescribedBy>
	<rdf:Bag>
	<rdf:li rdf:resource="http://identifiers.org/pubmed/11423122"/>
	</rdf:Bag>
	</bqmodel:isDescribedBy>
	<bqbiol:hasTaxon>
	<rdf:Bag>
	<rdf:li rdf:resource="http://identifiers.org/taxonomy/4932"/>
	</rdf:Bag>
	</bqbiol:hasTaxon>
	<bqbiol:isVersionOf>
	<rdf:Bag>
	<rdf:li rdf:resource="http://identifiers.org/obo.go/GO:0019379"/>
	</rdf:Bag>
	</bqbiol:isVersionOf>
	</rdf:Description>
	
      </rdf:RDF>
    </annotation>
      <listOfCompartments>
      <compartment id="c0" metaid="metaid_0000031" name="external" size="1">
        <annotation>
          <rdf:RDF xmlns:rdf="http://www.w3.org/1999/02/22-rdf-syntax-ns#" xmlns:bqmodel="http://biomodels.net/model-qualifiers/" xmlns:bqbiol="http://biomodels.net/biology-qualifiers/">
            <rdf:Description rdf:about="#metaid_0000031">
	<bqbiol:isVersionOf>
	<rdf:Bag>
	<rdf:li rdf:resource="http://identifiers.org/obo.go/GO:0005576"/>
	</rdf:Bag>
	</bqbiol:isVersionOf>
	</rdf:Description>
	
          </rdf:RDF>
        </annotation>
            </compartment>
      <compartment id="c1" metaid="metaid_0000032" name="cytosol" outside="c0" size="1">
        <annotation>
          <rdf:RDF xmlns:rdf="http://www.w3.org/1999/02/22-rdf-syntax-ns#" xmlns:bqmodel="http://biomodels.net/model-qualifiers/" xmlns:bqbiol="http://biomodels.net/biology-qualifiers/">
            <rdf:Description rdf:about="#metaid_0000032">
	<bqbiol:isVersionOf>
	<rdf:Bag>
	<rdf:li rdf:resource="http://identifiers.org/obo.go/GO:0005829"/>
	</rdf:Bag>
	</bqbiol:isVersionOf>
	</rdf:Description>
	
          </rdf:RDF>
        </annotation>
            </compartment>
      <compartment id="c2" metaid="metaid_0000033" name="mitochondria" outside="c1" size="1">
        <annotation>
          <rdf:RDF xmlns:rdf="http://www.w3.org/1999/02/22-rdf-syntax-ns#" xmlns:bqmodel="http://biomodels.net/model-qualifiers/" xmlns:bqbiol="http://biomodels.net/biology-qualifiers/">
            <rdf:Description rdf:about="#metaid_0000033">
	<bqbiol:isVersionOf>
	<rdf:Bag>
	<rdf:li rdf:resource="http://identifiers.org/obo.go/GO:0005739"/>
	</rdf:Bag>
	</bqbiol:isVersionOf>
	</rdf:Description>
	
          </rdf:RDF>
        </annotation>
            </compartment>
    </listOfCompartments>
    <listOfSpecies>
      <species boundaryCondition="true" charge="0" compartment="c0" constant="true" id="sul_ex" initialConcentration="0" metaid="metaid_0000034" name="SO4_ex">
        <annotation>
          <rdf:RDF xmlns:rdf="http://www.w3.org/1999/02/22-rdf-syntax-ns#" xmlns:bqmodel="http://biomodels.net/model-qualifiers/" xmlns:bqbiol="http://biomodels.net/biology-qualifiers/">
            <rdf:Description rdf:about="#metaid_0000034">
	<bqbiol:is>
	<rdf:Bag>
	<rdf:li rdf:resource="http://identifiers.org/obo.chebi/CHEBI:16189"/>
	</rdf:Bag>
	</bqbiol:is>
	</rdf:Description>
	
          </rdf:RDF>
        </annotation>
            </species>
      <species boundaryCondition="true" charge="0" compartment="c0" constant="true" id="eth_ex" initialConcentration="0" metaid="metaid_0000035" name="EtOH_ex">
        <annotation>
          <rdf:RDF xmlns:rdf="http://www.w3.org/1999/02/22-rdf-syntax-ns#" xmlns:bqmodel="http://biomodels.net/model-qualifiers/" xmlns:bqbiol="http://biomodels.net/biology-qualifiers/">
            <rdf:Description rdf:about="#metaid_0000035">
	<bqbiol:is>
	<rdf:Bag>
	<rdf:li rdf:resource="http://identifiers.org/obo.chebi/CHEBI:16236"/>
	</rdf:Bag>
	</bqbiol:is>
	</rdf:Description>
	
          </rdf:RDF>
        </annotation>
            </species>
      <species boundaryCondition="true" charge="0" compartment="c0" constant="true" id="oxy_ex" initialConcentration="0" metaid="metaid_0000036" name="O2_ex">
        <annotation>
          <rdf:RDF xmlns:rdf="http://www.w3.org/1999/02/22-rdf-syntax-ns#" xmlns:bqmodel="http://biomodels.net/model-qualifiers/" xmlns:bqbiol="http://biomodels.net/biology-qualifiers/">
            <rdf:Description rdf:about="#metaid_0000036">
	<bqbiol:is>
	<rdf:Bag>
	<rdf:li rdf:resource="http://identifiers.org/obo.chebi/CHEBI:15379"/>
	</rdf:Bag>
	</bqbiol:is>
	</rdf:Description>
	
          </rdf:RDF>
        </annotation>
            </species>
      <species charge="0" compartment="c2" id="oxy" initialConcentration="7" metaid="metaid_0000037" name="O2" spatialSizeUnits="volume" substanceUnits="substance">
        <annotation>
          <rdf:RDF xmlns:rdf="http://www.w3.org/1999/02/22-rdf-syntax-ns#" xmlns:bqmodel="http://biomodels.net/model-qualifiers/" xmlns:bqbiol="http://biomodels.net/biology-qualifiers/">
            <rdf:Description rdf:about="#metaid_0000037">
	<bqbiol:is>
	<rdf:Bag>
	<rdf:li rdf:resource="http://identifiers.org/obo.chebi/CHEBI:15379"/>
	</rdf:Bag>
	</bqbiol:is>
	</rdf:Description>
	
          </rdf:RDF>
        </annotation>
            </species>
      <species boundaryCondition="true" charge="0" compartment="c2" constant="true" id="H2O" initialConcentration="0" metaid="metaid_0000038" name="H2O">
        <annotation>
          <rdf:RDF xmlns:rdf="http://www.w3.org/1999/02/22-rdf-syntax-ns#" xmlns:bqmodel="http://biomodels.net/model-qualifiers/" xmlns:bqbiol="http://biomodels.net/biology-qualifiers/">
            <rdf:Description rdf:about="#metaid_0000038">
	<bqbiol:is>
	<rdf:Bag>
	<rdf:li rdf:resource="http://identifiers.org/obo.chebi/CHEBI:15377"/>
	</rdf:Bag>
	</bqbiol:is>
	</rdf:Description>
	
          </rdf:RDF>
        </annotation>
            </species>
      <species charge="0" compartment="c1" id="A3c" initialConcentration="1.5" metaid="metaid_0000039" name="ATP" spatialSizeUnits="volume" substanceUnits="substance">
        <annotation>
          <rdf:RDF xmlns:rdf="http://www.w3.org/1999/02/22-rdf-syntax-ns#" xmlns:bqmodel="http://biomodels.net/model-qualifiers/" xmlns:bqbiol="http://biomodels.net/biology-qualifiers/">
            <rdf:Description rdf:about="#metaid_0000039">
	<bqbiol:is>
	<rdf:Bag>
	<rdf:li rdf:resource="http://identifiers.org/obo.chebi/CHEBI:15422"/>
	</rdf:Bag>
	</bqbiol:is>
	</rdf:Description>
	
          </rdf:RDF>
        </annotation>
            </species>
      <species charge="0" compartment="c1" id="aps" initialConcentration="0.5" metaid="metaid_0000040" name="APS" spatialSizeUnits="volume" substanceUnits="substance">
        <annotation>
          <rdf:RDF xmlns:rdf="http://www.w3.org/1999/02/22-rdf-syntax-ns#" xmlns:bqmodel="http://biomodels.net/model-qualifiers/" xmlns:bqbiol="http://biomodels.net/biology-qualifiers/">
            <rdf:Description rdf:about="#metaid_0000040">
	<bqbiol:is>
	<rdf:Bag>
	<rdf:li rdf:resource="http://identifiers.org/obo.chebi/CHEBI:17709"/>
	</rdf:Bag>
	</bqbiol:is>
	</rdf:Description>
	
          </rdf:RDF>
        </annotation>
            </species>
      <species boundaryCondition="true" charge="0" compartment="c1" constant="true" id="PPi" initialConcentration="0" metaid="metaid_0000041" name="PPi">
        <annotation>
          <rdf:RDF xmlns:rdf="http://www.w3.org/1999/02/22-rdf-syntax-ns#" xmlns:bqmodel="http://biomodels.net/model-qualifiers/" xmlns:bqbiol="http://biomodels.net/biology-qualifiers/">
            <rdf:Description rdf:about="#metaid_0000041">
	<bqbiol:is>
	<rdf:Bag>
	<rdf:li rdf:resource="http://identifiers.org/obo.chebi/CHEBI:18361"/>
	</rdf:Bag>
	</bqbiol:is>
	</rdf:Description>
	
          </rdf:RDF>
        </annotation>
            </species>
      <species charge="0" compartment="c1" id="pap" initialConcentration="0.4" metaid="metaid_0000042" name="PAPS" spatialSizeUnits="volume" substanceUnits="substance">
        <annotation>
          <rdf:RDF xmlns:rdf="http://www.w3.org/1999/02/22-rdf-syntax-ns#" xmlns:bqmodel="http://biomodels.net/model-qualifiers/" xmlns:bqbiol="http://biomodels.net/biology-qualifiers/">
            <rdf:Description rdf:about="#metaid_0000042">
	<bqbiol:is>
	<rdf:Bag>
	<rdf:li rdf:resource="http://identifiers.org/obo.chebi/CHEBI:17980"/>
	</rdf:Bag>
	</bqbiol:is>
	</rdf:Description>
	
          </rdf:RDF>
        </annotation>
            </species>
      <species charge="0" compartment="c1" id="sul" initialConcentration="0.4" metaid="metaid_0000043" name="SO4" spatialSizeUnits="volume" substanceUnits="substance">
        <annotation>
          <rdf:RDF xmlns:rdf="http://www.w3.org/1999/02/22-rdf-syntax-ns#" xmlns:bqmodel="http://biomodels.net/model-qualifiers/" xmlns:bqbiol="http://biomodels.net/biology-qualifiers/">
            <rdf:Description rdf:about="#metaid_0000043">
	<bqbiol:is>
	<rdf:Bag>
	<rdf:li rdf:resource="http://identifiers.org/obo.chebi/CHEBI:16189"/>
	</rdf:Bag>
	</bqbiol:is>
	</rdf:Description>
	
          </rdf:RDF>
        </annotation>
            </species>
      <species charge="0" compartment="c1" id="eth" initialConcentration="4" metaid="metaid_0000044" name="EtOH" spatialSizeUnits="volume" substanceUnits="substance">
        <annotation>
          <rdf:RDF xmlns:rdf="http://www.w3.org/1999/02/22-rdf-syntax-ns#" xmlns:bqmodel="http://biomodels.net/model-qualifiers/" xmlns:bqbiol="http://biomodels.net/biology-qualifiers/">
            <rdf:Description rdf:about="#metaid_0000044">
	<bqbiol:is>
	<rdf:Bag>
	<rdf:li rdf:resource="http://identifiers.org/obo.chebi/CHEBI:16236"/>
	</rdf:Bag>
	</bqbiol:is>
	</rdf:Description>
	
          </rdf:RDF>
        </annotation>
            </species>
      <species boundaryCondition="true" charge="0" compartment="c1" id="A2c" initialConcentration="0.5" metaid="metaid_0000045" name="ADP" spatialSizeUnits="volume" substanceUnits="substance">
        <annotation>
          <rdf:RDF xmlns:rdf="http://www.w3.org/1999/02/22-rdf-syntax-ns#" xmlns:bqmodel="http://biomodels.net/model-qualifiers/" xmlns:bqbiol="http://biomodels.net/biology-qualifiers/">
            <rdf:Description rdf:about="#metaid_0000045">
	<bqbiol:is>
	<rdf:Bag>
	<rdf:li rdf:resource="http://identifiers.org/obo.chebi/CHEBI:16761"/>
	</rdf:Bag>
	</bqbiol:is>
	</rdf:Description>
	
          </rdf:RDF>
        </annotation>
            </species>
      <species charge="0" compartment="c1" id="hyd" initialConcentration="0.5" metaid="metaid_0000046" name="H2S" spatialSizeUnits="volume" substanceUnits="substance">
        <annotation>
          <rdf:RDF xmlns:rdf="http://www.w3.org/1999/02/22-rdf-syntax-ns#" xmlns:bqmodel="http://biomodels.net/model-qualifiers/" xmlns:bqbiol="http://biomodels.net/biology-qualifiers/">
            <rdf:Description rdf:about="#metaid_0000046">
	<bqbiol:is>
	<rdf:Bag>
	<rdf:li rdf:resource="http://identifiers.org/obo.chebi/CHEBI:16136"/>
	</rdf:Bag>
	</bqbiol:is>
	</rdf:Description>
	
          </rdf:RDF>
        </annotation>
            </species>
      <species charge="0" compartment="c1" id="cys" initialConcentration="0.3" metaid="metaid_0000047" name="CYS" spatialSizeUnits="volume" substanceUnits="substance">
        <annotation>
          <rdf:RDF xmlns:rdf="http://www.w3.org/1999/02/22-rdf-syntax-ns#" xmlns:bqmodel="http://biomodels.net/model-qualifiers/" xmlns:bqbiol="http://biomodels.net/biology-qualifiers/">
            <rdf:Description rdf:about="#metaid_0000047">
	<bqbiol:is>
	<rdf:Bag>
	<rdf:li rdf:resource="http://identifiers.org/obo.chebi/CHEBI:17561"/>
	</rdf:Bag>
	</bqbiol:is>
	</rdf:Description>
	
          </rdf:RDF>
        </annotation>
            </species>
      <species charge="0" compartment="c1" id="N2" initialConcentration="2" metaid="metaid_0000048" name="NADH" spatialSizeUnits="volume" substanceUnits="substance">
        <annotation>
          <rdf:RDF xmlns:rdf="http://www.w3.org/1999/02/22-rdf-syntax-ns#" xmlns:bqmodel="http://biomodels.net/model-qualifiers/" xmlns:bqbiol="http://biomodels.net/biology-qualifiers/">
            <rdf:Description rdf:about="#metaid_0000048">
	<bqbiol:is>
	<rdf:Bag>
	<rdf:li rdf:resource="http://identifiers.org/obo.chebi/CHEBI:16908"/>
	</rdf:Bag>
	</bqbiol:is>
	</rdf:Description>
	
          </rdf:RDF>
        </annotation>
            </species>
      <species boundaryCondition="true" charge="0" compartment="c1" id="N1" initialConcentration="0" metaid="metaid_0000049" name="NAD" spatialSizeUnits="volume" substanceUnits="substance">
        <annotation>
          <rdf:RDF xmlns:rdf="http://www.w3.org/1999/02/22-rdf-syntax-ns#" xmlns:bqmodel="http://biomodels.net/model-qualifiers/" xmlns:bqbiol="http://biomodels.net/biology-qualifiers/">
            <rdf:Description rdf:about="#metaid_0000049">
	<bqbiol:is>
	<rdf:Bag>
	<rdf:li rdf:resource="http://identifiers.org/obo.chebi/CHEBI:15846"/>
	</rdf:Bag>
	</bqbiol:is>
	</rdf:Description>
	
          </rdf:RDF>
        </annotation>
            </species>
      <species charge="0" compartment="c1" id="aco" initialConcentration="0.3" metaid="metaid_0000050" name="AcCoA" spatialSizeUnits="volume" substanceUnits="substance">
        <annotation>
          <rdf:RDF xmlns:rdf="http://www.w3.org/1999/02/22-rdf-syntax-ns#" xmlns:bqmodel="http://biomodels.net/model-qualifiers/" xmlns:bqbiol="http://biomodels.net/biology-qualifiers/">
            <rdf:Description rdf:about="#metaid_0000050">
	<bqbiol:is>
	<rdf:Bag>
	<rdf:li rdf:resource="http://identifiers.org/obo.chebi/CHEBI:15351"/>
	</rdf:Bag>
	</bqbiol:is>
	</rdf:Description>
	
          </rdf:RDF>
        </annotation>
            </species>
      <species charge="0" compartment="c1" id="oah" initialConcentration="1.5" metaid="metaid_0000051" name="OAH" spatialSizeUnits="volume" substanceUnits="substance">
        <annotation>
          <rdf:RDF xmlns:rdf="http://www.w3.org/1999/02/22-rdf-syntax-ns#" xmlns:bqmodel="http://biomodels.net/model-qualifiers/" xmlns:bqbiol="http://biomodels.net/biology-qualifiers/">
            <rdf:Description rdf:about="#metaid_0000051">
	<bqbiol:is>
	<rdf:Bag>
	<rdf:li rdf:resource="http://identifiers.org/obo.chebi/CHEBI:16288"/>
	</rdf:Bag>
	</bqbiol:is>
	</rdf:Description>
	
          </rdf:RDF>
        </annotation>
            </species>
      <species charge="0" compartment="c2" id="S1" initialConcentration="1.5" metaid="metaid_0000052" name="S1" spatialSizeUnits="volume" substanceUnits="substance">
        <annotation>
          <rdf:RDF xmlns:rdf="http://www.w3.org/1999/02/22-rdf-syntax-ns#" xmlns:bqmodel="http://biomodels.net/model-qualifiers/" xmlns:bqbiol="http://biomodels.net/biology-qualifiers/">
            <rdf:Description rdf:about="#metaid_0000052">
	<bqbiol:isPartOf>
	<rdf:Bag>
	<rdf:li rdf:resource="http://identifiers.org/obo.go/GO:0030062"/>
	</rdf:Bag>
	</bqbiol:isPartOf>
	</rdf:Description>
	
          </rdf:RDF>
        </annotation>
            </species>
      <species boundaryCondition="true" charge="0" compartment="c2" id="S2" initialConcentration="0.5" metaid="metaid_0000053" name="S2" spatialSizeUnits="volume" substanceUnits="substance">
        <annotation>
          <rdf:RDF xmlns:rdf="http://www.w3.org/1999/02/22-rdf-syntax-ns#" xmlns:bqmodel="http://biomodels.net/model-qualifiers/" xmlns:bqbiol="http://biomodels.net/biology-qualifiers/">
            <rdf:Description rdf:about="#metaid_0000053">
	<bqbiol:isPartOf>
	<rdf:Bag>
	<rdf:li rdf:resource="http://identifiers.org/obo.go/GO:0030062"/>
	</rdf:Bag>
	</bqbiol:isPartOf>
	</rdf:Description>
	
          </rdf:RDF>
        </annotation>
            </species>
      <species boundaryCondition="true" charge="0" compartment="c2" constant="true" id="C1" initialConcentration="0" metaid="metaid_0000054" name="C1">
        <annotation>
          <rdf:RDF xmlns:rdf="http://www.w3.org/1999/02/22-rdf-syntax-ns#" xmlns:bqmodel="http://biomodels.net/model-qualifiers/" xmlns:bqbiol="http://biomodels.net/biology-qualifiers/">
            <rdf:Description rdf:about="#metaid_0000054">
	<bqbiol:isVersionOf>
	<rdf:Bag>
	<rdf:li rdf:resource="http://identifiers.org/obo.go/GO:0005746"/>
	</rdf:Bag>
	</bqbiol:isVersionOf>
	</rdf:Description>
	
          </rdf:RDF>
        </annotation>
            </species>
      <species boundaryCondition="true" charge="0" compartment="c2" constant="true" id="C2" initialConcentration="0" metaid="metaid_0000055" name="C2">
        <annotation>
          <rdf:RDF xmlns:rdf="http://www.w3.org/1999/02/22-rdf-syntax-ns#" xmlns:bqmodel="http://biomodels.net/model-qualifiers/" xmlns:bqbiol="http://biomodels.net/biology-qualifiers/">
            <rdf:Description rdf:about="#metaid_0000055">
	<bqbiol:isVersionOf>
	<rdf:Bag>
	<rdf:li rdf:resource="http://identifiers.org/obo.go/GO:0005746"/>
	</rdf:Bag>
	</bqbiol:isVersionOf>
	</rdf:Description>
	
          </rdf:RDF>
        </annotation>
            </species>
      <species boundaryCondition="true" charge="0" compartment="c2" id="A2m" initialConcentration="0.5" metaid="metaid_0000056" name="ADP_mit" spatialSizeUnits="volume" substanceUnits="substance">
        <annotation>
          <rdf:RDF xmlns:rdf="http://www.w3.org/1999/02/22-rdf-syntax-ns#" xmlns:bqmodel="http://biomodels.net/model-qualifiers/" xmlns:bqbiol="http://biomodels.net/biology-qualifiers/">
            <rdf:Description rdf:about="#metaid_0000056">
	<bqbiol:is>
	<rdf:Bag>
	<rdf:li rdf:resource="http://identifiers.org/obo.chebi/CHEBI:16761"/>
	</rdf:Bag>
	</bqbiol:is>
	</rdf:Description>
	
          </rdf:RDF>
        </annotation>
            </species>
      <species charge="0" compartment="c2" id="A3m" initialConcentration="1.5" metaid="metaid_0000057" name="ATP_mit" spatialSizeUnits="volume" substanceUnits="substance">
        <annotation>
          <rdf:RDF xmlns:rdf="http://www.w3.org/1999/02/22-rdf-syntax-ns#" xmlns:bqmodel="http://biomodels.net/model-qualifiers/" xmlns:bqbiol="http://biomodels.net/biology-qualifiers/">
            <rdf:Description rdf:about="#metaid_0000057">
	<bqbiol:is>
	<rdf:Bag>
	<rdf:li rdf:resource="http://identifiers.org/obo.chebi/CHEBI:15422"/>
	</rdf:Bag>
	</bqbiol:is>
	</rdf:Description>
	
          </rdf:RDF>
        </annotation>
            </species>
      <species boundaryCondition="true" charge="0" compartment="c1" constant="true" id="Ho" initialConcentration="0" metaid="metaid_0000058" name="Ho">
        <annotation>
          <rdf:RDF xmlns:rdf="http://www.w3.org/1999/02/22-rdf-syntax-ns#" xmlns:bqmodel="http://biomodels.net/model-qualifiers/" xmlns:bqbiol="http://biomodels.net/biology-qualifiers/">
            <rdf:Description rdf:about="#metaid_0000058">
	<bqbiol:is>
	<rdf:Bag>
	<rdf:li rdf:resource="http://identifiers.org/obo.chebi/CHEBI:24636"/>
	</rdf:Bag>
	</bqbiol:is>
	</rdf:Description>
	
          </rdf:RDF>
        </annotation>
            </species>
      <species boundaryCondition="true" charge="0" compartment="c2" constant="true" id="Hm" initialConcentration="0" metaid="metaid_0000059" name="Hm">
        <annotation>
          <rdf:RDF xmlns:rdf="http://www.w3.org/1999/02/22-rdf-syntax-ns#" xmlns:bqmodel="http://biomodels.net/model-qualifiers/" xmlns:bqbiol="http://biomodels.net/biology-qualifiers/">
            <rdf:Description rdf:about="#metaid_0000059">
	<bqbiol:is>
	<rdf:Bag>
	<rdf:li rdf:resource="http://identifiers.org/obo.chebi/CHEBI:24636"/>
	</rdf:Bag>
	</bqbiol:is>
	</rdf:Description>
	
          </rdf:RDF>
        </annotation>
            </species>
    </listOfSpecies>
    <listOfParameters>
      <parameter id="k_v0" metaid="metaid_0000003" value="1.6"/>
      <parameter id="k2" metaid="metaid_0000004" value="0.2"/>
      <parameter id="k3" metaid="metaid_0000005" value="0.2"/>
      <parameter id="k4" metaid="metaid_0000006" value="0.2"/>
      <parameter id="k5" metaid="metaid_0000007" value="0.1"/>
      <parameter id="k6" metaid="metaid_0000008" value="0.12"/>
      <parameter id="k7" metaid="metaid_0000009" value="10"/>
      <parameter id="k8" metaid="metaid_0000010" value="10"/>
      <parameter id="k9" metaid="metaid_0000011" value="10"/>
      <parameter id="k_v10" metaid="metaid_0000012" value="80"/>
      <parameter id="k11" metaid="metaid_0000013" value="10"/>
      <parameter id="k12" metaid="metaid_0000014" value="5"/>
      <parameter id="k_v13" metaid="metaid_0000015" value="4"/>
      <parameter id="k14" metaid="metaid_0000016" value="10"/>
      <parameter id="k15" metaid="metaid_0000017" value="5"/>
      <parameter id="k16" metaid="metaid_0000018" value="10"/>
      <parameter id="k17" metaid="metaid_0000019" value="0.02"/>
      <parameter id="k18" metaid="metaid_0000020" value="1"/>
      <parameter id="n" metaid="metaid_0000021" value="4"/>
      <parameter id="m" metaid="metaid_0000022" value="4"/>
      <parameter id="Ka" metaid="metaid_0000023" value="1"/>
      <parameter id="Kc" metaid="metaid_0000024" value="0.1"/>
      <parameter id="a" metaid="metaid_0000025" value="0.1"/>
      <parameter id="Ac" metaid="metaid_0000026" value="2"/>
      <parameter id="Am" metaid="metaid_0000027" value="2"/>
      <parameter id="S" metaid="metaid_0000028" value="2"/>
      <parameter id="N" metaid="metaid_0000029" value="2"/>
      <parameter id="Kh" metaid="metaid_0000030" value="0.5"/>
    </listOfParameters>
    <listOfRules>
      <assignmentRule metaid="metaid_0000060" variable="A2c">
        <notes>
          <p xmlns="http://www.w3.org/1999/xhtml">
        mass conservation for cytosolic
adenosine nucleotides. This mass conservation is not reflected in the
model's stoichiometry directly, but implied by other simplifcations. See model notes for details.</p>
          
        </notes>
        <math xmlns="http://www.w3.org/1998/Math/MathML">        
          <apply>
            <minus/>
            <ci> Ac </ci>
            <ci> A3c </ci>
          </apply>
        </math>
            </assignmentRule>
      <assignmentRule metaid="metaid_0000061" variable="A2m">
        <notes>
          <p xmlns="http://www.w3.org/1999/xhtml">
        mass conservation for mitochondrial adenosine nucleotides</p>
          
        </notes>
        <math xmlns="http://www.w3.org/1998/Math/MathML">        
          <apply>
            <minus/>
            <ci> Am </ci>
            <ci> A3m </ci>
          </apply>
        </math>
            </assignmentRule>
      <assignmentRule metaid="metaid_0000062" variable="N1">
        <notes>
          <p xmlns="http://www.w3.org/1999/xhtml">
        mass conservation for all cellular nicotine amid dinucleotides</p>
          
        </notes>
        <math xmlns="http://www.w3.org/1998/Math/MathML">        
          <apply>
            <minus/>
            <ci> N </ci>
            <ci> N2 </ci>
          </apply>
        </math>
            </assignmentRule>
      <assignmentRule metaid="metaid_0000063" variable="S2">
        <notes>
          <p xmlns="http://www.w3.org/1999/xhtml">
        mass conservation for mitochondrial TCA enzymes</p>
          
        </notes>
        <math xmlns="http://www.w3.org/1998/Math/MathML">        
          <apply>
            <minus/>
            <ci> S </ci>
            <ci> S1 </ci>
          </apply>
        </math>
            </assignmentRule>
    </listOfRules>
    <listOfReactions>
      <reaction fast="false" id="v1" metaid="metaid_0000064" name="v1" reversible="false">
        <annotation>
          <rdf:RDF xmlns:rdf="http://www.w3.org/1999/02/22-rdf-syntax-ns#" xmlns:bqmodel="http://biomodels.net/model-qualifiers/" xmlns:bqbiol="http://biomodels.net/biology-qualifiers/">
            <rdf:Description rdf:about="#metaid_0000064">
	<bqbiol:isVersionOf>
	<rdf:Bag>
	<rdf:li rdf:resource="http://identifiers.org/obo.go/GO:0015381"/>
	</rdf:Bag>
	</bqbiol:isVersionOf>
	</rdf:Description>
	
          </rdf:RDF>
        </annotation>
              <listOfReactants>
          <speciesReference metaid="_094483" species="sul_ex"/>
        </listOfReactants>
        <listOfProducts>
          <speciesReference metaid="_094495" species="sul"/>
        </listOfProducts>
        <listOfModifiers>
          <modifierSpeciesReference metaid="_094507" species="cys"/>
        </listOfModifiers>
        <kineticLaw metaid="_094519">
          <math xmlns="http://www.w3.org/1998/Math/MathML">          
            <apply>
              <divide/>
              <apply>
                <times/>
                <ci> c0 </ci>
                <ci> k_v0 </ci>
              </apply>
              <apply>
                <plus/>
                <cn type="integer"> 1 </cn>
                <apply>
                  <power/>
                  <apply>
                    <divide/>
                    <ci> cys </ci>
                    <ci> Kc </ci>
                  </apply>
                  <ci> n </ci>
                </apply>
              </apply>
            </apply>
          </math>
                </kineticLaw>
      </reaction>
      <reaction fast="false" id="v13" metaid="metaid_0000065" name="v13" reversible="false">
        <annotation>
          <rdf:RDF xmlns:rdf="http://www.w3.org/1999/02/22-rdf-syntax-ns#" xmlns:bqmodel="http://biomodels.net/model-qualifiers/" xmlns:bqbiol="http://biomodels.net/biology-qualifiers/">
            <rdf:Description rdf:about="#metaid_0000065">
	<bqbiol:isVersionOf>
	<rdf:Bag>
	<rdf:li rdf:resource="http://identifiers.org/obo.go/GO:0015850"/>
	</rdf:Bag>
	</bqbiol:isVersionOf>
	</rdf:Description>
	
          </rdf:RDF>
        </annotation>
              <listOfReactants>
          <speciesReference metaid="_094531" species="eth_ex"/>
        </listOfReactants>
        <listOfProducts>
          <speciesReference metaid="_094543" species="eth"/>
        </listOfProducts>
        <kineticLaw metaid="_094555">
          <math xmlns="http://www.w3.org/1998/Math/MathML">          
            <apply>
              <times/>
              <ci> c0 </ci>
              <ci> k_v13 </ci>
            </apply>
          </math>
                </kineticLaw>
      </reaction>
      <reaction fast="false" id="v2" metaid="metaid_0000066" name="v2" reversible="false">
        <annotation>
          <rdf:RDF xmlns:rdf="http://www.w3.org/1999/02/22-rdf-syntax-ns#" xmlns:bqmodel="http://biomodels.net/model-qualifiers/" xmlns:bqbiol="http://biomodels.net/biology-qualifiers/">
            <rdf:Description rdf:about="#metaid_0000066">
	<bqbiol:is>
	<rdf:Bag>
	<rdf:li rdf:resource="http://identifiers.org/ec-code/2.7.7.4"/>
	</rdf:Bag>
	</bqbiol:is>
	</rdf:Description>
	
          </rdf:RDF>
        </annotation>
              <listOfReactants>
          <speciesReference metaid="_094567" species="sul"/>
          <speciesReference metaid="_094579" species="A3c"/>
        </listOfReactants>
        <listOfProducts>
          <speciesReference metaid="_094591" species="aps"/>
          <speciesReference metaid="_094603" species="PPi"/>
        </listOfProducts>
        <kineticLaw metaid="_094615">
          <math xmlns="http://www.w3.org/1998/Math/MathML">          
            <apply>
              <times/>
              <ci> c1 </ci>
              <ci> k2 </ci>
              <ci> sul </ci>
              <ci> A3c </ci>
            </apply>
          </math>
                </kineticLaw>
      </reaction>
      <reaction fast="false" id="v10" metaid="metaid_0000067" name="v10" reversible="false">
        <notes>
          <p xmlns="http://www.w3.org/1999/xhtml">
        oxygen diffusion</p>
          
        </notes>
        <listOfReactants>
          <speciesReference metaid="_094628" species="oxy_ex"/>
        </listOfReactants>
        <listOfProducts>
          <speciesReference metaid="_094640" species="oxy"/>
        </listOfProducts>
        <kineticLaw metaid="_094652">
          <math xmlns="http://www.w3.org/1998/Math/MathML">          
            <apply>
              <times/>
              <ci> c0 </ci>
              <ci> k_v10 </ci>
            </apply>
          </math>
                </kineticLaw>
      </reaction>
      <reaction fast="false" id="v14" metaid="metaid_0000068" name="v14" reversible="false">
        <notes>
          <p xmlns="http://www.w3.org/1999/xhtml">
        oxygen diffusion</p>
          
        </notes>
        <listOfReactants>
          <speciesReference metaid="_094664" species="oxy"/>
        </listOfReactants>
        <listOfProducts>
          <speciesReference metaid="_094676" species="oxy_ex"/>
        </listOfProducts>
        <kineticLaw metaid="_094688">
          <math xmlns="http://www.w3.org/1998/Math/MathML">          
            <apply>
              <times/>
              <ci> c2 </ci>
              <ci> k14 </ci>
              <ci> oxy </ci>
            </apply>
          </math>
                </kineticLaw>
      </reaction>
      <reaction fast="false" id="v3" metaid="metaid_0000069" name="v3" reversible="false">
        <annotation>
          <rdf:RDF xmlns:rdf="http://www.w3.org/1999/02/22-rdf-syntax-ns#" xmlns:bqmodel="http://biomodels.net/model-qualifiers/" xmlns:bqbiol="http://biomodels.net/biology-qualifiers/">
            <rdf:Description rdf:about="#metaid_0000069">
              <bqbiol:is>
	<rdf:Bag>
	<rdf:li rdf:resource="http://identifiers.org/ec-code/2.7.1.25"/>
	</rdf:Bag>
	</bqbiol:is>
	
	<bqbiol:isVersionOf>
	<rdf:Bag>
	<rdf:li rdf:resource="http://identifiers.org/obo.go/GO:0004020"/>
	</rdf:Bag>
	</bqbiol:isVersionOf>
	</rdf:Description>
	
          </rdf:RDF>
        </annotation>
              <listOfReactants>
          <speciesReference metaid="_094700" species="aps"/>
          <speciesReference metaid="_094712" species="A3c"/>
        </listOfReactants>
        <listOfProducts>
          <speciesReference metaid="_094724" species="pap"/>
          <speciesReference metaid="_094736" species="A2c"/>
        </listOfProducts>
        <kineticLaw metaid="_094748">
          <math xmlns="http://www.w3.org/1998/Math/MathML">          
            <apply>
              <times/>
              <ci> c1 </ci>
              <ci> k3 </ci>
              <ci> aps </ci>
              <ci> A3c </ci>
            </apply>
          </math>
                </kineticLaw>
      </reaction>
      <reaction fast="false" id="v4" metaid="metaid_0000070" name="v4" reversible="false">
        <notes>
          <p xmlns="http://www.w3.org/1999/xhtml">
        This combined reaction contains phosphoadenylyl-sulfate reductase (thioredoxin) (yeast protein Met16p, EC:1.8.4.8) which also reduces thioredoxin and would actually require an additional NADPH for thioredoxin recovery (reduction), thus a correct stoichiometry would have to include an additional NADPH. This reaction also has  adenosine 3',5'-bismonophosphate (PAP) as a product from which the enzyme 3'(2'),5'-bisphosphate nucleotidase  (Met22p, EC:3.1.3.7) would revover AMP (and Pi). This latter AMP production is implied in the mass conservation for cytosolic adenosine phosphates (see model notes).</p>
          
        </notes>
        <annotation>
          <rdf:RDF xmlns:rdf="http://www.w3.org/1999/02/22-rdf-syntax-ns#" xmlns:bqmodel="http://biomodels.net/model-qualifiers/" xmlns:bqbiol="http://biomodels.net/biology-qualifiers/">
            <rdf:Description rdf:about="#metaid_0000070">
	<bqbiol:hasVersion>
	<rdf:Bag>
	<rdf:li rdf:resource="http://identifiers.org/ec-code/1.8.4.8"/>
	<rdf:li rdf:resource="http://identifiers.org/ec-code/1.8.1.2"/>
	</rdf:Bag>
	</bqbiol:hasVersion>
	</rdf:Description>
	
          </rdf:RDF>
        </annotation>
              <listOfReactants>
          <speciesReference metaid="_094760" species="pap"/>
          <speciesReference metaid="_094772" species="N2" stoichiometry="3"/>
        </listOfReactants>
        <listOfProducts>
          <speciesReference metaid="_094784" species="hyd"/>
          <speciesReference metaid="_094796" species="N1" stoichiometry="3"/>
        </listOfProducts>
        <kineticLaw metaid="_094808">
          <math xmlns="http://www.w3.org/1998/Math/MathML">          
            <apply>
              <times/>
              <ci> c1 </ci>
              <ci> k4 </ci>
              <ci> pap </ci>
              <ci> N2 </ci>
            </apply>
          </math>
                </kineticLaw>
      </reaction>
      <reaction fast="false" id="v5" metaid="metaid_0000071" name="v5" reversible="false">
        <notes>
          <p xmlns="http://www.w3.org/1999/xhtml">
        This combined reaction contains cystathionine β-synthase (yeast protein Cys4p, EC:4.2.1.22)  which would require an additional serine as reactant, and  cystathionine γ-lyase (yeast protein Cys3p, EC:4.4.1.1) which has oxo-butanoate as an additional product</p>
          
        </notes>
        <annotation>
          <rdf:RDF xmlns:rdf="http://www.w3.org/1999/02/22-rdf-syntax-ns#" xmlns:bqmodel="http://biomodels.net/model-qualifiers/" xmlns:bqbiol="http://biomodels.net/biology-qualifiers/">
            <rdf:Description rdf:about="#metaid_0000071">
	<bqbiol:hasVersion>
	<rdf:Bag>
	<rdf:li rdf:resource="http://identifiers.org/ec-code/4.4.1.1"/>
	<rdf:li rdf:resource="http://identifiers.org/ec-code/4.2.1.22"/>
	<rdf:li rdf:resource="http://identifiers.org/ec-code/2.5.1.49"/>
	</rdf:Bag>
	</bqbiol:hasVersion>
	</rdf:Description>
	
          </rdf:RDF>
        </annotation>
              <listOfReactants>
          <speciesReference metaid="_094820" species="hyd"/>
          <speciesReference metaid="_094832" species="oah"/>
        </listOfReactants>
        <listOfProducts>
          <speciesReference metaid="_094844" species="cys"/>
        </listOfProducts>
        <kineticLaw metaid="_094856">
          <math xmlns="http://www.w3.org/1998/Math/MathML">          
            <apply>
              <times/>
              <ci> c1 </ci>
              <ci> k5 </ci>
              <ci> hyd </ci>
              <ci> oah </ci>
            </apply>
          </math>
                </kineticLaw>
      </reaction>
      <reaction fast="false" id="v6" metaid="metaid_0000072" name="v6" reversible="false">
        <notes>
          <p xmlns="http://www.w3.org/1999/xhtml">
        cysteine usage for glutathione and protein synthesis, other pathways and degradation, no GO term applicable</p>
          
        </notes>
        <listOfReactants>
          <speciesReference metaid="_094868" species="cys"/>
        </listOfReactants>
        <kineticLaw metaid="_094880">
          <math xmlns="http://www.w3.org/1998/Math/MathML">          
            <apply>
              <times/>
              <ci> c1 </ci>
              <ci> k6 </ci>
              <ci> cys </ci>
            </apply>
          </math>
                </kineticLaw>
      </reaction>
      <reaction fast="false" id="v7" metaid="metaid_0000073" name="v7" reversible="false">
        <notes>
          <p xmlns="http://www.w3.org/1999/xhtml">
        This combined reaction contains the acetyl-CoA synthase (yeast proteins Acs1p and Acs2p, EC 6.2.1.1) which would actually require ATP as a co-substrate (hydrolysed to AMP+PPi)</p>
          
        </notes>
        <annotation>
          <rdf:RDF xmlns:rdf="http://www.w3.org/1999/02/22-rdf-syntax-ns#" xmlns:bqmodel="http://biomodels.net/model-qualifiers/" xmlns:bqbiol="http://biomodels.net/biology-qualifiers/">
            <rdf:Description rdf:about="#metaid_0000073">
	<bqbiol:hasVersion>
	<rdf:Bag>
	<rdf:li rdf:resource="http://identifiers.org/ec-code/6.2.1.1"/>
	<rdf:li rdf:resource="http://identifiers.org/ec-code/1.2.1.3"/>
	<rdf:li rdf:resource="http://identifiers.org/ec-code/1.1.1.1"/>
	</rdf:Bag>
	</bqbiol:hasVersion>
	</rdf:Description>
	
          </rdf:RDF>
        </annotation>
              <listOfReactants>
          <speciesReference metaid="_094892" species="eth"/>
          <speciesReference metaid="_094904" species="N1" stoichiometry="2"/>
        </listOfReactants>
        <listOfProducts>
          <speciesReference metaid="_094916" species="aco"/>
          <speciesReference metaid="_094928" species="N2" stoichiometry="2"/>
        </listOfProducts>
        <kineticLaw metaid="_094940">
          <math xmlns="http://www.w3.org/1998/Math/MathML">          
            <apply>
              <times/>
              <ci> c1 </ci>
              <ci> k7 </ci>
              <ci> eth </ci>
              <ci> N1 </ci>
            </apply>
          </math>
                </kineticLaw>
      </reaction>
      <reaction fast="false" id="v15" metaid="metaid_0000074" name="v15" reversible="false">
        <notes>
          <p xmlns="http://www.w3.org/1999/xhtml">
        This reaction (L-homoserine-O-acetyltransferase, Met2p, EC:2.3.1.31) has homoserine as an additional reactant and Coenzyme A as an additional product.</p>
          
        </notes>
        <annotation>
          <rdf:RDF xmlns:rdf="http://www.w3.org/1999/02/22-rdf-syntax-ns#" xmlns:bqmodel="http://biomodels.net/model-qualifiers/" xmlns:bqbiol="http://biomodels.net/biology-qualifiers/">
            <rdf:Description rdf:about="#metaid_0000074">
	<bqbiol:is>
	<rdf:Bag>
	<rdf:li rdf:resource="http://identifiers.org/ec-code/2.3.1.31"/>
	</rdf:Bag>
	</bqbiol:is>
	</rdf:Description>
	
          </rdf:RDF>
        </annotation>
              <listOfReactants>
          <speciesReference metaid="_094952" species="aco"/>
        </listOfReactants>
        <listOfProducts>
          <speciesReference metaid="_094964" species="oah"/>
        </listOfProducts>
        <kineticLaw metaid="_094976">
          <math xmlns="http://www.w3.org/1998/Math/MathML">          
            <apply>
              <times/>
              <ci> c1 </ci>
              <ci> k15 </ci>
              <ci> aco </ci>
            </apply>
          </math>
                </kineticLaw>
      </reaction>
      <reaction fast="false" id="v17" metaid="metaid_0000075" name="v17" reversible="false">
        <listOfReactants>
          <speciesReference metaid="_094988" species="hyd"/>
        </listOfReactants>
        <kineticLaw metaid="_095000">
          <math xmlns="http://www.w3.org/1998/Math/MathML">          
            <apply>
              <times/>
              <ci> c1 </ci>
              <ci> k17 </ci>
              <ci> hyd </ci>
            </apply>
          </math>
                </kineticLaw>
      </reaction>
      <reaction fast="false" id="v18" metaid="metaid_0000076" name="v18" reversible="false">
        <notes>
          <p xmlns="http://www.w3.org/1999/xhtml">
        O-acetyl-homoserine usage for other metabolic reactions, no GO term applicable</p>
          
        </notes>
        <listOfReactants>
          <speciesReference metaid="_095012" species="oah"/>
        </listOfReactants>
        <kineticLaw metaid="_095024">
          <math xmlns="http://www.w3.org/1998/Math/MathML">          
            <apply>
              <times/>
              <ci> c1 </ci>
              <ci> k18 </ci>
              <ci> oah </ci>
            </apply>
          </math>
                </kineticLaw>
      </reaction>
      <reaction fast="false" id="v8" metaid="metaid_0000077" name="v8" reversible="false">
        <notes>
          <p xmlns="http://www.w3.org/1999/xhtml">
        A simplification of the (acetyl-CoA) assimilatory part of the tricarboxylic acid cycle, with implied equilibration of Acetyl-CoA between mitochondria and cytosol</p>
          
        </notes>
        <annotation>
          <rdf:RDF xmlns:rdf="http://www.w3.org/1999/02/22-rdf-syntax-ns#" xmlns:bqmodel="http://biomodels.net/model-qualifiers/" xmlns:bqbiol="http://biomodels.net/biology-qualifiers/">
            <rdf:Description rdf:about="#metaid_0000077">
	<bqbiol:isPartOf>
	<rdf:Bag>
	<rdf:li rdf:resource="http://identifiers.org/obo.go/GO:0006099"/>
	</rdf:Bag>
	</bqbiol:isPartOf>
	</rdf:Description>
	
          </rdf:RDF>
        </annotation>
              <listOfReactants>
          <speciesReference metaid="_095036" species="S2"/>
          <speciesReference metaid="_095048" species="aco"/>
        </listOfReactants>
        <listOfProducts>
          <speciesReference metaid="_095060" species="S1"/>
        </listOfProducts>
        <kineticLaw metaid="_095073">
          <math xmlns="http://www.w3.org/1998/Math/MathML">          
            <apply>
              <times/>
              <ci> c2 </ci>
              <ci> k8 </ci>
              <ci> aco </ci>
              <ci> S2 </ci>
            </apply>
          </math>
                </kineticLaw>
      </reaction>
      <reaction fast="false" id="v9" metaid="metaid_0000078" name="v9" reversible="false">
        <notes>
          <p xmlns="http://www.w3.org/1999/xhtml">
        A simplification of the oxidative (NADH producing) part of the tricarboxylic acid cycle, with implied equilibration between mitochondrial and cytosolic NADH/NAD+</p>
          
        </notes>
        <annotation>
          <rdf:RDF xmlns:rdf="http://www.w3.org/1999/02/22-rdf-syntax-ns#" xmlns:bqmodel="http://biomodels.net/model-qualifiers/" xmlns:bqbiol="http://biomodels.net/biology-qualifiers/">
            <rdf:Description rdf:about="#metaid_0000078">
	<bqbiol:isPartOf>
	<rdf:Bag>
	<rdf:li rdf:resource="http://identifiers.org/obo.go/GO:0006099"/>
	</rdf:Bag>
	</bqbiol:isPartOf>
	</rdf:Description>
	
          </rdf:RDF>
        </annotation>
              <listOfReactants>
          <speciesReference metaid="_095085" species="S1"/>
          <speciesReference metaid="_095097" species="N1" stoichiometry="4"/>
        </listOfReactants>
        <listOfProducts>
          <speciesReference metaid="_095109" species="S2"/>
          <speciesReference metaid="_095121" species="N2" stoichiometry="4"/>
        </listOfProducts>
        <kineticLaw metaid="_095133">
          <math xmlns="http://www.w3.org/1998/Math/MathML">          
            <apply>
              <times/>
              <ci> c2 </ci>
              <ci> k9 </ci>
              <ci> S1 </ci>
              <ci> N1 </ci>
            </apply>
          </math>
                </kineticLaw>
      </reaction>
      <reaction fast="false" id="v11a" metaid="metaid_0000079" name="vET1" reversible="false">
        <notes>
          <p xmlns="http://www.w3.org/1999/xhtml">
        Reactions v11a, v11a2 and v11b form a minimal description for the oxidative phosphorylation, v11a represents the electron transfer from NAD(P)H to the protein complexes of mitochondrial electron transport chain</p>
          
        </notes>
        <annotation>
          <rdf:RDF xmlns:rdf="http://www.w3.org/1999/02/22-rdf-syntax-ns#" xmlns:bqmodel="http://biomodels.net/model-qualifiers/" xmlns:bqbiol="http://biomodels.net/biology-qualifiers/">
            <rdf:Description rdf:about="#metaid_0000079">
              <bqbiol:is>
	<rdf:Bag>
	<rdf:li rdf:resource="http://identifiers.org/obo.go/GO:0015990"/>
	</rdf:Bag>
	</bqbiol:is>
	<bqbiol:isPartOf>
	<rdf:Bag>
	<rdf:li rdf:resource="http://identifiers.org/obo.go/GO:0042775"/>
	</rdf:Bag>
	</bqbiol:isPartOf>
	
	<bqbiol:hasVersion>
	<rdf:Bag>
	<rdf:li rdf:resource="http://identifiers.org/obo.go/GO:0002082"/>
	</rdf:Bag>
	</bqbiol:hasVersion>
	</rdf:Description>
	
          </rdf:RDF>
        </annotation>
              <listOfReactants>
          <speciesReference metaid="_095145" species="C1"/>
          <speciesReference metaid="_095157" species="Hm"/>
          <speciesReference metaid="_095169" species="N2"/>
        </listOfReactants>
        <listOfProducts>
          <speciesReference metaid="_095181" species="C2"/>
          <speciesReference metaid="_095193" species="Ho"/>
          <speciesReference metaid="_095206" species="N1"/>
        </listOfProducts>
        <listOfModifiers>
          <modifierSpeciesReference metaid="_095219" species="hyd"/>
          <modifierSpeciesReference metaid="_095231" species="oxy"/>
        </listOfModifiers>
        <kineticLaw metaid="_095243">
          <math xmlns="http://www.w3.org/1998/Math/MathML">          
            <apply>
              <divide/>
              <apply>
                <times/>
                <ci> c2 </ci>
                <ci> k11 </ci>
                <ci> N2 </ci>
                <ci> oxy </ci>
              </apply>
              <apply>
                <times/>
                <apply>
                  <plus/>
                  <apply>
                    <times/>
                    <ci> a </ci>
                    <ci> N2 </ci>
                  </apply>
                  <ci> oxy </ci>
                </apply>
                <apply>
                  <plus/>
                  <cn type="integer"> 1 </cn>
                  <apply>
                    <power/>
                    <apply>
                      <divide/>
                      <ci> hyd </ci>
                      <ci> Kh </ci>
                    </apply>
                    <ci> m </ci>
                  </apply>
                </apply>
              </apply>
            </apply>
          </math>
                </kineticLaw>
      </reaction>
      <reaction fast="false" id="v11a2" metaid="metaid_0000080" name="vET2" reversible="false">
        <notes>
          <p xmlns="http://www.w3.org/1999/xhtml">
        Reactions v11a, v11a2 and v11b form a minimal description for the oxidative phosphorylation, v11b represents the electron transfer from the protein complexes of mitochondrial electron transport chain to oxgyen</p>
          
        </notes>
        <annotation>
          <rdf:RDF xmlns:rdf="http://www.w3.org/1999/02/22-rdf-syntax-ns#" xmlns:bqmodel="http://biomodels.net/model-qualifiers/" xmlns:bqbiol="http://biomodels.net/biology-qualifiers/">
            <rdf:Description rdf:about="#metaid_0000080">
              <bqbiol:isPartOf>
	<rdf:Bag>
	<rdf:li rdf:resource="http://identifiers.org/obo.go/GO:0042775"/>
	</rdf:Bag>
	</bqbiol:isPartOf>
	<bqbiol:hasVersion>
	<rdf:Bag>
	<rdf:li rdf:resource="http://identifiers.org/obo.go/GO:0002082"/>
	</rdf:Bag>
	</bqbiol:hasVersion>
	
	<bqbiol:is>
	<rdf:Bag>
	<rdf:li rdf:resource="http://identifiers.org/obo.go/GO:0006123"/>
	</rdf:Bag>
	</bqbiol:is>
	</rdf:Description>
	
          </rdf:RDF>
        </annotation>
              <listOfReactants>
          <speciesReference metaid="_095255" species="C2"/>
          <speciesReference metaid="_095267" species="oxy"/>
        </listOfReactants>
        <listOfProducts>
          <speciesReference metaid="_095279" species="C1"/>
          <speciesReference metaid="_095291" species="H2O"/>
        </listOfProducts>
        <listOfModifiers>
          <modifierSpeciesReference metaid="_095303" species="hyd"/>
          <modifierSpeciesReference metaid="_095315" species="N2"/>
        </listOfModifiers>
        <kineticLaw metaid="_095327">
          <math xmlns="http://www.w3.org/1998/Math/MathML">          
            <apply>
              <divide/>
              <apply>
                <times/>
                <ci> c2 </ci>
                <ci> k11 </ci>
                <ci> N2 </ci>
                <ci> oxy </ci>
              </apply>
              <apply>
                <times/>
                <apply>
                  <plus/>
                  <apply>
                    <times/>
                    <ci> a </ci>
                    <ci> N2 </ci>
                  </apply>
                  <ci> oxy </ci>
                </apply>
                <apply>
                  <plus/>
                  <cn type="integer"> 1 </cn>
                  <apply>
                    <power/>
                    <apply>
                      <divide/>
                      <ci> hyd </ci>
                      <ci> Kh </ci>
                    </apply>
                    <ci> m </ci>
                  </apply>
                </apply>
              </apply>
            </apply>
          </math>
                </kineticLaw>
      </reaction>
      <reaction fast="false" id="v16" metaid="metaid_0000081" name="v16" reversible="false">
        <notes>
          <p xmlns="http://www.w3.org/1999/xhtml">
        TODO: NOT CLEAR ABOUT CORRECT VOLUME CORRECTION FOR THIS KINETIC LAW OF A TRANSPORT REACTION</p>
          
        </notes>
        <annotation>
          <rdf:RDF xmlns:rdf="http://www.w3.org/1999/02/22-rdf-syntax-ns#" xmlns:bqmodel="http://biomodels.net/model-qualifiers/" xmlns:bqbiol="http://biomodels.net/biology-qualifiers/">
            <rdf:Description rdf:about="#metaid_0000081">
	<bqbiol:is>
	<rdf:Bag>
	<rdf:li rdf:resource="http://identifiers.org/obo.go/GO:0005471"/>
	</rdf:Bag>
	</bqbiol:is>
	</rdf:Description>
	
          </rdf:RDF>
        </annotation>
              <listOfReactants>
          <speciesReference metaid="_095339" species="A2c"/>
          <speciesReference metaid="_095351" species="A3m"/>
        </listOfReactants>
        <listOfProducts>
          <speciesReference metaid="_095363" species="A2m"/>
          <speciesReference metaid="_095375" species="A3c"/>
        </listOfProducts>
        <kineticLaw metaid="_095387">
          <math xmlns="http://www.w3.org/1998/Math/MathML">          
            <apply>
              <times/>
              <ci> c2 </ci>
              <ci> k16 </ci>
              <ci> A3m </ci>
              <ci> A2c </ci>
            </apply>
          </math>
                </kineticLaw>
      </reaction>
      <reaction fast="false" id="v11b" metaid="metaid_0000082" name="vSYNT" reversible="false">
        <notes>
          <p xmlns="http://www.w3.org/1999/xhtml">
        Reactions v11a, v11a2 and v11b form a minimal description for the oxidative phosphorylation, v11b represents the production of ATP, coupled to the flux of protons from the cytosol to the mitochondria</p>
          
        </notes>
        <annotation>
          <rdf:RDF xmlns:rdf="http://www.w3.org/1999/02/22-rdf-syntax-ns#" xmlns:bqmodel="http://biomodels.net/model-qualifiers/" xmlns:bqbiol="http://biomodels.net/biology-qualifiers/">
            <rdf:Description rdf:about="#metaid_0000082">
              <bqbiol:isPartOf>
	<rdf:Bag>
	<rdf:li rdf:resource="http://identifiers.org/obo.go/GO:0042775"/>
	</rdf:Bag>
	</bqbiol:isPartOf>
	<bqbiol:isVersionOf>
	<rdf:Bag>
	<rdf:li rdf:resource="http://identifiers.org/obo.go/GO:0006119"/>
	</rdf:Bag>
	</bqbiol:isVersionOf>
	
	<bqbiol:hasVersion>
	<rdf:Bag>
	<rdf:li rdf:resource="http://identifiers.org/obo.go/GO:0002082"/>
	</rdf:Bag>
	</bqbiol:hasVersion>
	</rdf:Description>
	
          </rdf:RDF>
        </annotation>
              <listOfReactants>
          <speciesReference metaid="_095399" species="Ho"/>
          <speciesReference metaid="_095411" species="A2m"/>
        </listOfReactants>
        <listOfProducts>
          <speciesReference metaid="_095423" species="Hm"/>
          <speciesReference metaid="_095435" species="A3m"/>
        </listOfProducts>
        <listOfModifiers>
          <modifierSpeciesReference metaid="_095447" species="hyd"/>
          <modifierSpeciesReference metaid="_095459" species="N2"/>
          <modifierSpeciesReference metaid="_095471" species="oxy"/>
        </listOfModifiers>
        <kineticLaw metaid="_095483">
          <math xmlns="http://www.w3.org/1998/Math/MathML">          
            <apply>
              <divide/>
              <apply>
                <times/>
                <apply>
                  <divide/>
                  <apply>
                    <times/>
                    <ci> c2 </ci>
                    <cn type="integer"> 3 </cn>
                    <ci> k11 </ci>
                    <ci> N2 </ci>
                    <ci> oxy </ci>
                  </apply>
                  <apply>
                    <times/>
                    <apply>
                      <plus/>
                      <apply>
                        <times/>
                        <ci> a </ci>
                        <ci> N2 </ci>
                      </apply>
                      <ci> oxy </ci>
                    </apply>
                    <apply>
                      <plus/>
                      <cn type="integer"> 1 </cn>
                      <apply>
                        <power/>
                        <apply>
                          <divide/>
                          <ci> hyd </ci>
                          <ci> Kh </ci>
                        </apply>
                        <ci> m </ci>
                      </apply>
                    </apply>
                  </apply>
                </apply>
                <ci> A2m </ci>
              </apply>
              <apply>
                <plus/>
                <ci> Ka </ci>
                <ci> A2m </ci>
              </apply>
            </apply>
          </math>
                </kineticLaw>
      </reaction>
      <reaction fast="false" id="vLEAK" metaid="metaid_0000083" name="vLEAK" reversible="false">
        <notes>
          <p xmlns="http://www.w3.org/1999/xhtml">
        proton leakage of the inner mitochondrial membrane, no GO term applicable. The kinetic law is set to 0 as the leakage is handled in reactions v11a, v11a2 and v11b and the proton gradient is assumed to be in equlibrium.</p>
          
        </notes>
        <annotation>
          <rdf:RDF xmlns:rdf="http://www.w3.org/1999/02/22-rdf-syntax-ns#" xmlns:bqmodel="http://biomodels.net/model-qualifiers/" xmlns:bqbiol="http://biomodels.net/biology-qualifiers/">
            <rdf:Description rdf:about="#metaid_0000083">
	<bqbiol:isVersionOf>
	<rdf:Bag>
	<rdf:li rdf:resource="http://identifiers.org/obo.go/GO:0006810"/>
	</rdf:Bag>
	</bqbiol:isVersionOf>
	</rdf:Description>
	
          </rdf:RDF>
        </annotation>
              <listOfReactants>
          <speciesReference metaid="_095495" species="Ho"/>
        </listOfReactants>
        <listOfProducts>
          <speciesReference metaid="_095507" species="Hm"/>
        </listOfProducts>
        <kineticLaw metaid="_095520">
          <math xmlns="http://www.w3.org/1998/Math/MathML">          
            <cn type="integer"> 0 </cn>
          </math>
                </kineticLaw>
      </reaction>
      <reaction fast="false" id="v12" metaid="metaid_0000084" name="v12" reversible="false">
        <annotation>
          <rdf:RDF xmlns:rdf="http://www.w3.org/1999/02/22-rdf-syntax-ns#" xmlns:bqmodel="http://biomodels.net/model-qualifiers/" xmlns:bqbiol="http://biomodels.net/biology-qualifiers/">
            <rdf:Description rdf:about="#metaid_0000084">
	<bqbiol:isVersionOf>
	<rdf:Bag>
	<rdf:li rdf:resource="http://identifiers.org/obo.go/GO:0006200"/>
	</rdf:Bag>
	</bqbiol:isVersionOf>
	</rdf:Description>
	
          </rdf:RDF>
        </annotation>
              <listOfReactants>
          <speciesReference metaid="_095532" species="A3c"/>
        </listOfReactants>
        <listOfProducts>
          <speciesReference metaid="_095545" species="A2c"/>
        </listOfProducts>
        <kineticLaw metaid="_095557">
          <math xmlns="http://www.w3.org/1998/Math/MathML">          
            <apply>
              <times/>
              <ci> c1 </ci>
              <ci> k12 </ci>
              <ci> A3c </ci>
            </apply>
          </math>
                </kineticLaw>
      </reaction>
    </listOfReactions>
  </model>
</sbml>