<?xml version='1.0' encoding='UTF-8' standalone='no'?>
<sbml xmlns="http://www.sbml.org/sbml/level2" level="2" metaid="metaid_0000001" version="1">
  <model id="Model_1" metaid="metaid_0000002" name="Thomsen1988_AdenylateCyclase_Inhibition">
    <notes>
      <html xmlns="http://www.w3.org/1999/xhtml">
        <head>      <meta content="1" name="qrichtext"/>
                </head>
            <body style="font-size:13pt;font-family:Helvetica">      <p>This model was created according to the paper        <i>Inhibition of Adenylate Cyclase Is Mediated by the High Affinity Conformation of the alpha2-Adrenergic Receptor</i>
            published in 1988.        <p>The figure4 (steady state curve) in the paper has been simulated having the same plot with Copasi 4.0.19 (development) and roadRunner(online).Because the initial concentration of R and D were not  given in  the paper ,so we gave it 1e-9 Mol/L and 1e-8 Mol/L respectively.</p>
                    <p>Pay attention that the simulations of steady state concentration of species in arbitrary units are shown for figure4 and figure6 in the paper.</p>
                    </p>
                </body>
            </html>
      
    </notes>
    <annotation>
      <rdf:RDF xmlns:rdf="http://www.w3.org/1999/02/22-rdf-syntax-ns#" xmlns:bqmodel="http://biomodels.net/model-qualifiers/" xmlns:vCard="http://www.w3.org/2001/vcard-rdf/3.0#" xmlns:dc="http://purl.org/dc/elements/1.1/" xmlns:dcterms="http://purl.org/dc/terms/" xmlns:bqbiol="http://biomodels.net/biology-qualifiers/">
        <rdf:Description rdf:about="#metaid_0000002">
	<dc:creator>
	<rdf:Bag>
	<rdf:li rdf:parseType="Resource">
	<vCard:N rdf:parseType="Resource">
	<vCard:Family>He</vCard:Family>
	<vCard:Given>Enuo</vCard:Given>
	</vCard:N>
	<vCard:EMAIL>enuo.he@wolfson.ox.ac.uk</vCard:EMAIL>
	<vCard:ORG rdf:parseType="Resource">
	<vCard:Orgname>University of Oxford</vCard:Orgname>
	</vCard:ORG>
	</rdf:li>
	</rdf:Bag>
	</dc:creator>
	<dcterms:created rdf:parseType="Resource">
	<dcterms:W3CDTF>2006-09-26T18:47:38Z</dcterms:W3CDTF>
	</dcterms:created>
	<dcterms:modified rdf:parseType="Resource">
	<dcterms:W3CDTF>2014-02-13T15:49:53Z</dcterms:W3CDTF>
	</dcterms:modified>
	<bqmodel:is>
	<rdf:Bag>
	<rdf:li rdf:resource="http://identifiers.org/biomodels.db/MODEL1166069080"/>
	</rdf:Bag>
	</bqmodel:is>
	<bqmodel:is>
	<rdf:Bag>
	<rdf:li rdf:resource="http://identifiers.org/biomodels.db/BIOMD0000000082"/>
	</rdf:Bag>
	</bqmodel:is>
	<bqmodel:isDescribedBy>
	<rdf:Bag>
	<rdf:li rdf:resource="http://identifiers.org/pubmed/2904647"/>
	</rdf:Bag>
	</bqmodel:isDescribedBy>
	<bqmodel:isDerivedFrom>
	<rdf:Bag>
	<rdf:li rdf:resource="http://identifiers.org/pubmed/6248546"/>
	<rdf:li rdf:resource="http://identifiers.org/pubmed/6277164"/>
	</rdf:Bag>
	</bqmodel:isDerivedFrom>
	<bqbiol:isVersionOf>
	<rdf:Bag>
	<rdf:li rdf:resource="http://identifiers.org/go/GO:0031684"/>
	<rdf:li rdf:resource="http://identifiers.org/go/GO:0007194"/>
	</rdf:Bag>
	</bqbiol:isVersionOf>
	<bqbiol:hasTaxon>
	<rdf:Bag>
	<rdf:li rdf:resource="http://identifiers.org/taxonomy/9606"/>
	</rdf:Bag>
	</bqbiol:hasTaxon>
	</rdf:Description>
	
      </rdf:RDF>
    </annotation>
      <listOfCompartments>
      <compartment id="cell" metaid="metaid_0000003" name="cell" size="1">
        <annotation>
          <rdf:RDF xmlns:rdf="http://www.w3.org/1999/02/22-rdf-syntax-ns#" xmlns:bqmodel="http://biomodels.net/model-qualifiers/" xmlns:bqbiol="http://biomodels.net/biology-qualifiers/">
            <rdf:Description rdf:about="#metaid_0000003">
	<bqbiol:isVersionOf>
	<rdf:Bag>
	<rdf:li rdf:resource="http://identifiers.org/go/GO:0005623"/>
	</rdf:Bag>
	</bqbiol:isVersionOf>
	</rdf:Description>
	
          </rdf:RDF>
        </annotation>
            </compartment>
    </listOfCompartments>
    <listOfSpecies>
      <species compartment="cell" id="agonist" initialConcentration="1E-8" metaid="metaid_0000004" name="D">
        <annotation>
          <rdf:RDF xmlns:rdf="http://www.w3.org/1999/02/22-rdf-syntax-ns#" xmlns:bqmodel="http://biomodels.net/model-qualifiers/" xmlns:bqbiol="http://biomodels.net/biology-qualifiers/">
            <rdf:Description rdf:about="#metaid_0000004">
	<bqbiol:isVersionOf>
	<rdf:Bag>
	<rdf:li rdf:resource="http://identifiers.org/chebi/CHEBI:35569"/>
	</rdf:Bag>
	</bqbiol:isVersionOf>
	</rdf:Description>
	
          </rdf:RDF>
        </annotation>
            </species>
      <species compartment="cell" id="DR" initialConcentration="0" metaid="metaid_0000005" name="DR">
        <annotation>
          <rdf:RDF xmlns:rdf="http://www.w3.org/1999/02/22-rdf-syntax-ns#" xmlns:bqmodel="http://biomodels.net/model-qualifiers/" xmlns:bqbiol="http://biomodels.net/biology-qualifiers/">
            <rdf:Description rdf:about="#metaid_0000005">
              <bqbiol:hasPart>
	<rdf:Bag>
	<rdf:li rdf:resource="http://identifiers.org/chebi/CHEBI:35569"/>
	<rdf:li rdf:resource="http://identifiers.org/uniprot/P18825"/>
	</rdf:Bag>
	</bqbiol:hasPart>
	<bqbiol:hasPart>
	<rdf:Bag>
	<rdf:li rdf:resource="http://identifiers.org/chebi/CHEBI:35569"/>
	<rdf:li rdf:resource="http://identifiers.org/uniprot/P08913"/>
	</rdf:Bag>
	</bqbiol:hasPart>
	
	<bqbiol:hasPart>
	<rdf:Bag>
	<rdf:li rdf:resource="http://identifiers.org/chebi/CHEBI:35569"/>
	<rdf:li rdf:resource="http://identifiers.org/uniprot/P18089"/>
	</rdf:Bag>
	</bqbiol:hasPart>
	</rdf:Description>
	
          </rdf:RDF>
        </annotation>
            </species>
      <species compartment="cell" id="DRG_GDP" initialConcentration="0" metaid="metaid_0000006" name="DRG_GDP">
        <annotation>
          <rdf:RDF xmlns:rdf="http://www.w3.org/1999/02/22-rdf-syntax-ns#" xmlns:bqmodel="http://biomodels.net/model-qualifiers/" xmlns:bqbiol="http://biomodels.net/biology-qualifiers/">
            <rdf:Description rdf:about="#metaid_0000006">
              <bqbiol:hasPart>
	<rdf:Bag>
	<rdf:li rdf:resource="http://identifiers.org/chebi/CHEBI:17552"/>
	<rdf:li rdf:resource="http://identifiers.org/chebi/CHEBI:35569"/>
	<rdf:li rdf:resource="http://identifiers.org/uniprot/P08913"/>
	<rdf:li rdf:resource="http://identifiers.org/go/GO:0005834"/>
	</rdf:Bag>
	</bqbiol:hasPart>
	<bqbiol:hasPart>
	<rdf:Bag>
	<rdf:li rdf:resource="http://identifiers.org/chebi/CHEBI:17552"/>
	<rdf:li rdf:resource="http://identifiers.org/chebi/CHEBI:35569"/>
	<rdf:li rdf:resource="http://identifiers.org/uniprot/P18089"/>
	<rdf:li rdf:resource="http://identifiers.org/go/GO:0005834"/>
	</rdf:Bag>
	</bqbiol:hasPart>
	
	<bqbiol:hasPart>
	<rdf:Bag>
	<rdf:li rdf:resource="http://identifiers.org/chebi/CHEBI:17552"/>
	<rdf:li rdf:resource="http://identifiers.org/chebi/CHEBI:35569"/>
	<rdf:li rdf:resource="http://identifiers.org/uniprot/P18825"/>
	<rdf:li rdf:resource="http://identifiers.org/go/GO:0005834"/>
	</rdf:Bag>
	</bqbiol:hasPart>
	</rdf:Description>
	
          </rdf:RDF>
        </annotation>
            </species>
      <species compartment="cell" id="DRG" initialConcentration="0" metaid="metaid_0000009" name="DRG">
        <annotation>
          <rdf:RDF xmlns:rdf="http://www.w3.org/1999/02/22-rdf-syntax-ns#" xmlns:bqmodel="http://biomodels.net/model-qualifiers/" xmlns:bqbiol="http://biomodels.net/biology-qualifiers/">
            <rdf:Description rdf:about="#metaid_0000009">
              <bqbiol:hasPart>
	<rdf:Bag>
	<rdf:li rdf:resource="http://identifiers.org/chebi/CHEBI:35569"/>
	<rdf:li rdf:resource="http://identifiers.org/uniprot/P18089"/>
	<rdf:li rdf:resource="http://identifiers.org/go/GO:0005834"/>
	</rdf:Bag>
	</bqbiol:hasPart>
	<bqbiol:hasPart>
	<rdf:Bag>
	<rdf:li rdf:resource="http://identifiers.org/chebi/CHEBI:35569"/>
	<rdf:li rdf:resource="http://identifiers.org/uniprot/P08913"/>
	<rdf:li rdf:resource="http://identifiers.org/go/GO:0005834"/>
	</rdf:Bag>
	</bqbiol:hasPart>
	
	<bqbiol:hasPart>
	<rdf:Bag>
	<rdf:li rdf:resource="http://identifiers.org/chebi/CHEBI:35569"/>
	<rdf:li rdf:resource="http://identifiers.org/uniprot/P18825"/>
	<rdf:li rdf:resource="http://identifiers.org/go/GO:0005834"/>
	</rdf:Bag>
	</bqbiol:hasPart>
	</rdf:Description>
	
          </rdf:RDF>
        </annotation>
            </species>
      <species compartment="cell" id="GDP" initialConcentration="0" metaid="metaid_0000010" name="GDP">
        <annotation>
          <rdf:RDF xmlns:rdf="http://www.w3.org/1999/02/22-rdf-syntax-ns#" xmlns:bqmodel="http://biomodels.net/model-qualifiers/" xmlns:bqbiol="http://biomodels.net/biology-qualifiers/">
            <rdf:Description rdf:about="#metaid_0000010">
	<bqbiol:is>
	<rdf:Bag>
	<rdf:li rdf:resource="http://identifiers.org/chebi/CHEBI:17552"/>
	</rdf:Bag>
	</bqbiol:is>
	</rdf:Description>
	
          </rdf:RDF>
        </annotation>
            </species>
      <species compartment="cell" id="DRG_GTP" initialConcentration="0" metaid="metaid_0000011" name="DRG_GTP">
        <annotation>
          <rdf:RDF xmlns:rdf="http://www.w3.org/1999/02/22-rdf-syntax-ns#" xmlns:bqmodel="http://biomodels.net/model-qualifiers/" xmlns:bqbiol="http://biomodels.net/biology-qualifiers/">
            <rdf:Description rdf:about="#metaid_0000011">
              <bqbiol:hasPart>
	<rdf:Bag>
	<rdf:li rdf:resource="http://identifiers.org/chebi/CHEBI:15996"/>
	<rdf:li rdf:resource="http://identifiers.org/chebi/CHEBI:35569"/>
	<rdf:li rdf:resource="http://identifiers.org/uniprot/P08913"/>
	<rdf:li rdf:resource="http://identifiers.org/go/GO:0005834"/>
	</rdf:Bag>
	</bqbiol:hasPart>
	<bqbiol:hasPart>
	<rdf:Bag>
	<rdf:li rdf:resource="http://identifiers.org/chebi/CHEBI:15996"/>
	<rdf:li rdf:resource="http://identifiers.org/chebi/CHEBI:35569"/>
	<rdf:li rdf:resource="http://identifiers.org/uniprot/P18089"/>
	<rdf:li rdf:resource="http://identifiers.org/go/GO:0005834"/>
	</rdf:Bag>
	</bqbiol:hasPart>
	
	<bqbiol:hasPart>
	<rdf:Bag>
	<rdf:li rdf:resource="http://identifiers.org/chebi/CHEBI:15996"/>
	<rdf:li rdf:resource="http://identifiers.org/chebi/CHEBI:35569"/>
	<rdf:li rdf:resource="http://identifiers.org/uniprot/P18825"/>
	<rdf:li rdf:resource="http://identifiers.org/go/GO:0005834"/>
	</rdf:Bag>
	</bqbiol:hasPart>
	</rdf:Description>
	
          </rdf:RDF>
        </annotation>
            </species>
      <species compartment="cell" id="GTP" initialConcentration="1E-5" metaid="metaid_0000012" name="GTP">
        <annotation>
          <rdf:RDF xmlns:rdf="http://www.w3.org/1999/02/22-rdf-syntax-ns#" xmlns:bqmodel="http://biomodels.net/model-qualifiers/" xmlns:bqbiol="http://biomodels.net/biology-qualifiers/">
            <rdf:Description rdf:about="#metaid_0000012">
	<bqbiol:is>
	<rdf:Bag>
	<rdf:li rdf:resource="http://identifiers.org/chebi/CHEBI:15996"/>
	</rdf:Bag>
	</bqbiol:is>
	</rdf:Description>
	
          </rdf:RDF>
        </annotation>
            </species>
      <species compartment="cell" id="Recptor" initialConcentration="1E-9" metaid="metaid_0000015" name="R">
        <annotation>
          <rdf:RDF xmlns:rdf="http://www.w3.org/1999/02/22-rdf-syntax-ns#" xmlns:bqmodel="http://biomodels.net/model-qualifiers/" xmlns:bqbiol="http://biomodels.net/biology-qualifiers/">
            <rdf:Description rdf:about="#metaid_0000015">
	<bqbiol:hasVersion>
	<rdf:Bag>
	<rdf:li rdf:resource="http://identifiers.org/uniprot/P08913"/>
	<rdf:li rdf:resource="http://identifiers.org/uniprot/P18089"/>
	<rdf:li rdf:resource="http://identifiers.org/uniprot/P18825"/>
	</rdf:Bag>
	</bqbiol:hasVersion>
	</rdf:Description>
	
          </rdf:RDF>
        </annotation>
            </species>
      <species compartment="cell" id="G_GDP" initialConcentration="1E-9" metaid="metaid_0000008" name="G_GDP">
        <annotation>
          <rdf:RDF xmlns:rdf="http://www.w3.org/1999/02/22-rdf-syntax-ns#" xmlns:bqmodel="http://biomodels.net/model-qualifiers/" xmlns:bqbiol="http://biomodels.net/biology-qualifiers/">
            <rdf:Description rdf:about="#metaid_0000008">
	<bqbiol:hasPart>
	<rdf:Bag>
	<rdf:li rdf:resource="http://identifiers.org/chebi/CHEBI:17552"/>
	<rdf:li rdf:resource="http://identifiers.org/go/GO:0005834"/>
	</rdf:Bag>
	</bqbiol:hasPart>
	</rdf:Description>
	
          </rdf:RDF>
        </annotation>
            </species>
      <species compartment="cell" id="G_GTP" initialConcentration="0" metaid="metaid_0000014" name="G_GTP">
        <annotation>
          <rdf:RDF xmlns:rdf="http://www.w3.org/1999/02/22-rdf-syntax-ns#" xmlns:bqmodel="http://biomodels.net/model-qualifiers/" xmlns:bqbiol="http://biomodels.net/biology-qualifiers/">
            <rdf:Description rdf:about="#metaid_0000014">
	<bqbiol:hasPart>
	<rdf:Bag>
	<rdf:li rdf:resource="http://identifiers.org/chebi/CHEBI:15996"/>
	<rdf:li rdf:resource="http://identifiers.org/go/GO:0005834"/>
	</rdf:Bag>
	</bqbiol:hasPart>
	</rdf:Description>
	
          </rdf:RDF>
        </annotation>
            </species>
    </listOfSpecies>
    <listOfReactions>
      <reaction id="Forming" metaid="metaid_0000016" name="Forming  DR">
        <annotation>
          <rdf:RDF xmlns:rdf="http://www.w3.org/1999/02/22-rdf-syntax-ns#" xmlns:bqmodel="http://biomodels.net/model-qualifiers/" xmlns:bqbiol="http://biomodels.net/biology-qualifiers/">
            <rdf:Description rdf:about="#metaid_0000016">
	<bqbiol:isVersionOf>
	<rdf:Bag>
	<rdf:li rdf:resource="http://identifiers.org/go/GO:0031690"/>
	</rdf:Bag>
	</bqbiol:isVersionOf>
	</rdf:Description>
	
          </rdf:RDF>
        </annotation>
              <listOfReactants>
          <speciesReference metaid="_29775b0a-8e5e-4117-b450-1adbe91902de" species="agonist"/>
          <speciesReference metaid="_63f861aa-00c3-4012-9afb-6006e64e5f66" species="Recptor"/>
        </listOfReactants>
        <listOfProducts>
          <speciesReference metaid="_9e1044a8-387e-41b7-9696-4ff18ca98c94" species="DR"/>
        </listOfProducts>
        <kineticLaw metaid="_47589232-d330-4744-a763-8f4000c123cf">
          <math xmlns="http://www.w3.org/1998/Math/MathML">          
            <apply>
              <times/>
              <ci> cell </ci>
              <apply>
                <minus/>
                <apply>
                  <times/>
                  <ci> k1 </ci>
                  <ci> agonist </ci>
                  <ci> Recptor </ci>
                </apply>
                <apply>
                  <times/>
                  <ci> k7 </ci>
                  <ci> DR </ci>
                </apply>
              </apply>
            </apply>
          </math>
                  <listOfParameters>
            <parameter id="k1" metaid="fc7d130c-fc40-46cb-b3ac-60210eb1e160" value="5000000"/>
            <parameter id="k7" metaid="_5347ec96-7392-4507-9e41-06d425b691c1" name="k7" value="0.5"/>
          </listOfParameters>
        </kineticLaw>
      </reaction>
      <reaction id="reaction_1" metaid="metaid_0000017" name="DR binding with G_GDP produc DRG_GDP">
        <annotation>
          <rdf:RDF xmlns:rdf="http://www.w3.org/1999/02/22-rdf-syntax-ns#" xmlns:bqmodel="http://biomodels.net/model-qualifiers/" xmlns:bqbiol="http://biomodels.net/biology-qualifiers/">
            <rdf:Description rdf:about="#metaid_0000017">
	<bqbiol:isVersionOf>
	<rdf:Bag>
	<rdf:li rdf:resource="http://identifiers.org/go/GO:0001664"/>
	</rdf:Bag>
	</bqbiol:isVersionOf>
	</rdf:Description>
	
          </rdf:RDF>
        </annotation>
              <listOfReactants>
          <speciesReference metaid="b4739a88-13dd-4d40-953a-9f08ee1135af" species="DR"/>
          <speciesReference metaid="befd95fe-0304-45ae-b758-012bb6701ae6" species="G_GDP"/>
        </listOfReactants>
        <listOfProducts>
          <speciesReference metaid="cb5ec049-2c4b-4940-9569-1408fd0837ef" species="DRG_GDP"/>
        </listOfProducts>
        <kineticLaw metaid="a6ece38e-702e-4dde-86f0-a3a52c8b6eb7">
          <math xmlns="http://www.w3.org/1998/Math/MathML">          
            <apply>
              <times/>
              <ci> cell </ci>
              <apply>
                <minus/>
                <apply>
                  <times/>
                  <ci> k2 </ci>
                  <ci> DR </ci>
                  <ci> G_GDP </ci>
                </apply>
                <apply>
                  <times/>
                  <ci> k8 </ci>
                  <ci> DRG_GDP </ci>
                </apply>
              </apply>
            </apply>
          </math>
                  <listOfParameters>
            <parameter id="k2" metaid="_450498b1-89de-4639-9a03-4de0b93592c8" value="100000000"/>
            <parameter id="k8" metaid="f7c61f35-7da3-4de8-8ebf-4c859494b0c0" name="k8" value="0.1"/>
          </listOfParameters>
        </kineticLaw>
      </reaction>
      <reaction id="reaction_2" metaid="metaid_0000018" name="GDP releasing">
        <annotation>
          <rdf:RDF xmlns:rdf="http://www.w3.org/1999/02/22-rdf-syntax-ns#" xmlns:bqmodel="http://biomodels.net/model-qualifiers/" xmlns:bqbiol="http://biomodels.net/biology-qualifiers/">
            <rdf:Description rdf:about="#metaid_0000018">
	<bqbiol:isVersionOf>
	<rdf:Bag>
	<rdf:li rdf:resource="http://identifiers.org/go/GO:0043241"/>
	</rdf:Bag>
	</bqbiol:isVersionOf>
	</rdf:Description>
	
          </rdf:RDF>
        </annotation>
              <listOfReactants>
          <speciesReference metaid="_351a8dc7-77e1-46d4-8baa-c810a2cf979b" species="DRG_GDP"/>
        </listOfReactants>
        <listOfProducts>
          <speciesReference metaid="d001381f-77fe-44e0-8311-6492ef821049" species="GDP"/>
          <speciesReference metaid="_529b8923-44e3-4302-84b3-6d5a4a6dc117" species="DRG"/>
        </listOfProducts>
        <kineticLaw metaid="_9f454846-6a6c-4b6b-bf99-1e6495da8dcf">
          <math xmlns="http://www.w3.org/1998/Math/MathML">          
            <apply>
              <times/>
              <ci> cell </ci>
              <apply>
                <minus/>
                <apply>
                  <times/>
                  <ci> k3 </ci>
                  <ci> DRG_GDP </ci>
                </apply>
                <apply>
                  <times/>
                  <ci> k9 </ci>
                  <ci> DRG </ci>
                  <ci> GDP </ci>
                </apply>
              </apply>
            </apply>
          </math>
                  <listOfParameters>
            <parameter id="k3" metaid="_05635e7f-0f7c-431d-91b7-9271fb657ca8" value="0.1"/>
            <parameter id="k9" metaid="_85045e03-d8d9-45b2-a958-b4cf6c180140" name="k9" value="100000"/>
          </listOfParameters>
        </kineticLaw>
      </reaction>
      <reaction id="reaction_3" metaid="metaid_0000019" name="GTP binding with DRG">
        <annotation>
          <rdf:RDF xmlns:rdf="http://www.w3.org/1999/02/22-rdf-syntax-ns#" xmlns:bqmodel="http://biomodels.net/model-qualifiers/" xmlns:bqbiol="http://biomodels.net/biology-qualifiers/">
            <rdf:Description rdf:about="#metaid_0000019">
	<bqbiol:isVersionOf>
	<rdf:Bag>
	<rdf:li rdf:resource="http://identifiers.org/go/GO:0005525"/>
	<rdf:li rdf:resource="http://identifiers.org/go/GO:0032403"/>
	</rdf:Bag>
	</bqbiol:isVersionOf>
	</rdf:Description>
	
          </rdf:RDF>
        </annotation>
              <listOfReactants>
          <speciesReference metaid="_664245bc-c290-418c-8cf6-a4d091b66866" species="DRG"/>
          <speciesReference metaid="_04c58cc9-1080-4287-88b4-932b6f533d9b" species="GTP"/>
        </listOfReactants>
        <listOfProducts>
          <speciesReference metaid="_1058515b-c945-48c1-8522-2db461120ff1" species="DRG_GTP"/>
        </listOfProducts>
        <kineticLaw metaid="_665b1830-9d36-4250-aa8e-d7b513466ced">
          <math xmlns="http://www.w3.org/1998/Math/MathML">          
            <apply>
              <times/>
              <ci> cell </ci>
              <apply>
                <minus/>
                <apply>
                  <times/>
                  <ci> k4 </ci>
                  <ci> DRG </ci>
                  <ci> GTP </ci>
                </apply>
                <apply>
                  <times/>
                  <ci> k10 </ci>
                  <ci> DRG_GTP </ci>
                </apply>
              </apply>
            </apply>
          </math>
                  <listOfParameters>
            <parameter id="k4" metaid="_5f0f48d7-d697-4b9c-9b59-abc1c16aaaa0" value="10000000"/>
            <parameter id="k10" metaid="_337df6a7-0999-417c-9a33-42936d9b92a6" name="k10" value="0.1"/>
          </listOfParameters>
        </kineticLaw>
      </reaction>
      <reaction id="reaction_4" metaid="metaid_0000020" name="DRG_GTP dissociates(G protein activation)" reversible="false">
        <annotation>
          <rdf:RDF xmlns:rdf="http://www.w3.org/1999/02/22-rdf-syntax-ns#" xmlns:bqmodel="http://biomodels.net/model-qualifiers/" xmlns:bqbiol="http://biomodels.net/biology-qualifiers/">
            <rdf:Description rdf:about="#metaid_0000020">
	<bqbiol:isVersionOf>
	<rdf:Bag>
	<rdf:li rdf:resource="http://identifiers.org/go/GO:0043241"/>
	</rdf:Bag>
	</bqbiol:isVersionOf>
	</rdf:Description>
	
          </rdf:RDF>
        </annotation>
              <listOfReactants>
          <speciesReference metaid="_5e576af4-35ff-4071-a7a9-626bd58b45c5" species="DRG_GTP"/>
        </listOfReactants>
        <listOfProducts>
          <speciesReference metaid="_7f2463ed-edeb-4506-81b8-f7e8def6542c" species="G_GTP"/>
          <speciesReference metaid="_8d06cc7c-d889-438b-9ed9-72067867dd99" species="DR"/>
        </listOfProducts>
        <kineticLaw metaid="_73af7fa6-ce26-455a-bbb8-e0ec9585db7e">
          <math xmlns="http://www.w3.org/1998/Math/MathML">          
            <apply>
              <times/>
              <ci> cell </ci>
              <ci> k5 </ci>
              <ci> DRG_GTP </ci>
            </apply>
          </math>
                  <listOfParameters>
            <parameter id="k5" metaid="d7c7078f-97e6-4ec2-a116-8bb237594adc" value="0.05"/>
          </listOfParameters>
        </kineticLaw>
      </reaction>
      <reaction id="reaction_5" metaid="metaid_0000021" name="G protein inactivated" reversible="false">
        <annotation>
          <rdf:RDF xmlns:rdf="http://www.w3.org/1999/02/22-rdf-syntax-ns#" xmlns:bqmodel="http://biomodels.net/model-qualifiers/" xmlns:bqbiol="http://biomodels.net/biology-qualifiers/">
            <rdf:Description rdf:about="#metaid_0000021">
	<bqbiol:isVersionOf>
	<rdf:Bag>
	<rdf:li rdf:resource="http://identifiers.org/go/GO:0003924"/>
	</rdf:Bag>
	</bqbiol:isVersionOf>
	</rdf:Description>
	
          </rdf:RDF>
        </annotation>
              <listOfReactants>
          <speciesReference metaid="c452eaa2-221d-43f8-8b90-c8a8006f5512" species="G_GTP"/>
        </listOfReactants>
        <listOfProducts>
          <speciesReference metaid="afa3c3da-81c6-48cf-b53e-b878ae088c9c" species="G_GDP"/>
        </listOfProducts>
        <kineticLaw metaid="b03c130d-be91-434e-9d03-9be74232f695">
          <math xmlns="http://www.w3.org/1998/Math/MathML">          
            <apply>
              <times/>
              <ci> cell </ci>
              <ci> k6 </ci>
              <ci> G_GTP </ci>
            </apply>
          </math>
                  <listOfParameters>
            <parameter id="k6" metaid="_44abbdd5-cbf9-4532-866e-a61ed5920b60" value="0.1"/>
          </listOfParameters>
        </kineticLaw>
      </reaction>
    </listOfReactions>
  </model>
</sbml>