<?xml version='1.0' encoding='UTF-8' standalone='no'?>
<sbml xmlns="http://www.sbml.org/sbml/level2/version4" level="2" metaid="_000000" version="4">
  <annotation>
<mathsbml:AuthorConfiguration xmlns:mathsbml="http://sbml.org/software/mathsbml/ns">
      <mathsbml:date>2006-10-01T15:36:47</mathsbml:date>
      <mathsbml:MachineDomain/>
      <mathsbml:MachineID>5103-24185-26591</mathsbml:MachineID>
      <mathsbml:MachineName>Dont-Even-Think-About-It</mathsbml:MachineName>
      <mathsbml:MachineType>PC</mathsbml:MachineType>
      <mathsbml:MathematicaVersion>5.2 for Mac OS X x86 (32-bit) (February 24, 2006)</mathsbml:MathematicaVersion>
      <mathsbml:OperatingSystem>MacOSX</mathsbml:OperatingSystem>
      <mathsbml:ProcessorType>x86</mathsbml:ProcessorType>
      <mathsbml:ProductInformation mathsbml:ProductIDName="Mathematica" mathsbml:ProductKernelName="Mathematica 5.2 Kernel" mathsbml:ProductVersion="5.2 for Mac OS X x86 (32-bit) (February 24, 2006)" mathsbml:ProductVersionNumber="5.2"/>
      <mathsbml:SoftwareVersion>2.6.0.p960929 (Prerelease Version of 29-Sept-2006)</mathsbml:SoftwareVersion>
      <mathsbml:System>MacOSX-x86</mathsbml:System>
      <mathsbml:UserName>mathman</mathsbml:UserName>
    </mathsbml:AuthorConfiguration>
          </annotation>
  <model id="BIOMD0000000008" metaid="_000001" name="Gardner1998 - Cell Cycle Goldbeter">
    <notes>
      <body xmlns="http://www.w3.org/1999/xhtml">
        <div class="dc:title">Gardner1998 - Cell Cycle Goldbeter</div>
<div class="dc:description">
  <p>Mathematical modeling of cell division cycle (CDC)
  dynamics.</p>
</div>
<div class="dc:provenance">
  <p>The SBML file has been generated by MathSBML 2.6.0.p960929
  (Prerelease Version of 29-Sept-2006) 1-October-2006
  15:36:36.076517.</p>
</div>
<div class="dc:bibliographicCitation">
  <p>This model is described in the article:</p>
  <div class="bibo:title">
    <a href="http://identifiers.org/pubmed/9826676" title="Access to this publication">A theory for controlling
    cell cycle dynamics using a reversibly binding inhibitor.</a>
  </div>
  <div class="bibo:authorList">Gardner TS, Dolnik M, Collins
  JJ.</div>
  <div class="bibo:Journal">Proc. Natl. Acad. Sci. U.S.A. 1998 Nov;
  95(24): 14190-14195</div>
  <p>Abstract:</p>
  <div class="bibo:abstract">
    <p>We demonstrate, by using mathematical modeling of cell
    division cycle (CDC) dynamics, a potential mechanism for
    precisely controlling the frequency of cell division and
    regulating the size of a dividing cell. Control of the cell
    cycle is achieved by artificially expressing a protein that
    reversibly binds and inactivates any one of the CDC proteins.
    In the simplest case, such as the checkpoint-free situation
    encountered in early amphibian embryos, the frequency of CDC
    oscillations can be increased or decreased by regulating the
    rate of synthesis, the binding rate, or the equilibrium
    constant of the binding protein. In a more complex model of
    cell division, where size-control checkpoints are included, we
    show that the same reversible binding reaction can alter the
    mean cell mass in a continuously dividing cell. Because this
    control scheme is general and requires only the expression of a
    single protein, it provides a practical means for tuning the
    characteristics of the cell cycle in vivo.</p>
  </div>
</div>
<div class="dc:publisher">
  <p>This model is hosted on 
  <a href="http://www.ebi.ac.uk/biomodels/">BioModels Database</a>
  and identified by: 
  <a href="http://identifiers.org/biomodels.db/BIOMD0000000008">BIOMD0000000008</a>.</p>
  <p>To cite BioModels Database, please use: 
  <a href="http://identifiers.org/pubmed/20587024" title="Latest BioModels Database publication">BioModels Database:
  An enhanced, curated and annotated resource for published
  quantitative kinetic models</a>.</p>
</div>
<div class="dc:license">
  <p>To the extent possible under law, all copyright and related or
  neighbouring rights to this encoded model have been dedicated to
  the public domain worldwide. Please refer to 
  <a href="http://creativecommons.org/publicdomain/zero/1.0/" title="Access to: CC0 1.0 Universal (CC0 1.0), Public Domain Dedication">CC0
  Public Domain Dedication</a> for more information.</p>
</div>
</body>
    </notes>
    <annotation>
	<rdf:RDF xmlns:rdf="http://www.w3.org/1999/02/22-rdf-syntax-ns#" xmlns:dc="http://purl.org/dc/elements/1.1/" xmlns:vCard="http://www.w3.org/2001/vcard-rdf/3.0#" xmlns:dcterms="http://purl.org/dc/terms/" xmlns:bqmodel="http://biomodels.net/model-qualifiers/" xmlns:bqbiol="http://biomodels.net/biology-qualifiers/">
        <rdf:Description rdf:about="#_000001">
	<dc:creator>
	<rdf:Bag>
	<rdf:li rdf:parseType="Resource">
	<vCard:N rdf:parseType="Resource">
	<vCard:Family>Shapiro</vCard:Family>
	<vCard:Given>Bruce</vCard:Given>
	</vCard:N>
	<vCard:EMAIL>bshapiro@jpl.nasa.gov</vCard:EMAIL>
	<vCard:ORG rdf:parseType="Resource">
	<vCard:Orgname>NASA Jet Propulsion Laboratory</vCard:Orgname>
	</vCard:ORG>
	</rdf:li>
	</rdf:Bag>
	</dc:creator>
	<dcterms:created rdf:parseType="Resource">
	<dcterms:W3CDTF>2005-01-30T13:02:57Z</dcterms:W3CDTF>
	</dcterms:created>
	<dcterms:modified rdf:parseType="Resource">
	<dcterms:W3CDTF>2014-06-03T14:33:39Z</dcterms:W3CDTF>
	</dcterms:modified>
	<bqmodel:is>
	<rdf:Bag>
	<rdf:li rdf:resource="http://identifiers.org/biomodels.db/MODEL6614879888"/>
	</rdf:Bag>
	</bqmodel:is>
	<bqmodel:is>
	<rdf:Bag>
	<rdf:li rdf:resource="http://identifiers.org/biomodels.db/BIOMD0000000008"/>
	</rdf:Bag>
	</bqmodel:is>
	<bqmodel:isDescribedBy>
	<rdf:Bag>
	<rdf:li rdf:resource="http://identifiers.org/pubmed/9826676"/>
	</rdf:Bag>
	</bqmodel:isDescribedBy>
	<bqmodel:isDerivedFrom>
	<rdf:Bag>
	<rdf:li rdf:resource="http://identifiers.org/biomodels.db/BIOMD0000000003"/>
	<rdf:li rdf:resource="http://identifiers.org/biomodels.db/BIOMD0000000004"/>
	</rdf:Bag>
	</bqmodel:isDerivedFrom>
	<bqbiol:isVersionOf>
	<rdf:Bag>
	<rdf:li rdf:resource="http://identifiers.org/go/GO:0000278"/>
	</rdf:Bag>
	</bqbiol:isVersionOf>
	<bqbiol:hasTaxon>
	<rdf:Bag>
	<rdf:li rdf:resource="http://identifiers.org/taxonomy/8292"/>
	</rdf:Bag>
	</bqbiol:hasTaxon>
	<bqbiol:isHomologTo>
	<rdf:Bag>
	<rdf:li rdf:resource="http://identifiers.org/reactome/REACT_152"/>
	</rdf:Bag>
	</bqbiol:isHomologTo>
	</rdf:Description>
	
	</rdf:RDF>
	</annotation>
      <listOfCompartments>
      <compartment id="Cell" metaid="_202836" name="Cell" size="1" units="volume">
        <annotation>
	<rdf:RDF xmlns:rdf="http://www.w3.org/1999/02/22-rdf-syntax-ns#" xmlns:bqmodel="http://biomodels.net/model-qualifiers/" xmlns:bqbiol="http://biomodels.net/biology-qualifiers/">
            <rdf:Description rdf:about="#_202836">
	<bqbiol:is>
	<rdf:Bag>
	<rdf:li rdf:resource="http://identifiers.org/go/GO:0005737"/>
	</rdf:Bag>
	</bqbiol:is>
	</rdf:Description>
	
	</rdf:RDF>
	</annotation>
            </compartment>
    </listOfCompartments>
    <listOfSpecies>
      <species compartment="Cell" id="C" initialAmount="0" metaid="_202866" name="cyclin" substanceUnits="substance">
        <annotation>
	<rdf:RDF xmlns:rdf="http://www.w3.org/1999/02/22-rdf-syntax-ns#" xmlns:bqmodel="http://biomodels.net/model-qualifiers/" xmlns:bqbiol="http://biomodels.net/biology-qualifiers/">
            <rdf:Description rdf:about="#_202866">
	<bqbiol:is>
	<rdf:Bag>
	<rdf:li rdf:resource="http://identifiers.org/interpro/IPR006670"/>
	</rdf:Bag>
	</bqbiol:is>
	</rdf:Description>
	
	</rdf:RDF>
	</annotation>
            </species>
      <species compartment="Cell" id="X" initialAmount="0" metaid="_202906" name="protease" substanceUnits="substance">
        <annotation>
	<rdf:RDF xmlns:rdf="http://www.w3.org/1999/02/22-rdf-syntax-ns#" xmlns:bqmodel="http://biomodels.net/model-qualifiers/" xmlns:bqbiol="http://biomodels.net/biology-qualifiers/">
            <rdf:Description rdf:about="#_202906">
	<bqbiol:hasProperty>
	<rdf:Bag>
	<rdf:li rdf:resource="http://identifiers.org/go/GO:0008233"/>
	</rdf:Bag>
	</bqbiol:hasProperty>
	</rdf:Description>
	
	</rdf:RDF>
	</annotation>
            </species>
      <species compartment="Cell" id="M" initialAmount="0" metaid="_202886" name="cdc2k" substanceUnits="substance">
        <annotation>
	<rdf:RDF xmlns:rdf="http://www.w3.org/1999/02/22-rdf-syntax-ns#" xmlns:bqmodel="http://biomodels.net/model-qualifiers/" xmlns:bqbiol="http://biomodels.net/biology-qualifiers/">
            <rdf:Description rdf:about="#_202886">
	<bqbiol:hasVersion>
	<rdf:Bag>
	<rdf:li rdf:resource="http://identifiers.org/uniprot/P35567"/>
	<rdf:li rdf:resource="http://identifiers.org/uniprot/P24033"/>
	</rdf:Bag>
	</bqbiol:hasVersion>
	</rdf:Description>
	
	</rdf:RDF>
	</annotation>
            </species>
      <species compartment="Cell" id="Y" initialAmount="1" metaid="_202926" name="cyclin inhibitor" substanceUnits="substance"/>
      <species compartment="Cell" id="Z" initialAmount="1" metaid="_202946" name="complex inhibitor-cyclin" substanceUnits="substance">
        <annotation>
	<rdf:RDF xmlns:rdf="http://www.w3.org/1999/02/22-rdf-syntax-ns#" xmlns:bqmodel="http://biomodels.net/model-qualifiers/" xmlns:bqbiol="http://biomodels.net/biology-qualifiers/">
            <rdf:Description rdf:about="#_202946">
	<bqbiol:hasPart>
	<rdf:Bag>
	<rdf:li rdf:resource="http://identifiers.org/interpro/IPR006670"/>
	</rdf:Bag>
	</bqbiol:hasPart>
	</rdf:Description>
	
	</rdf:RDF>
	</annotation>
            </species>
    </listOfSpecies>
    <listOfParameters>
      <parameter constant="false" id="V1" metaid="_324288" name="V1"/>
      <parameter id="K6" metaid="_324289" name="K6" value="0.3"/>
      <parameter id="V1p" metaid="_324291" name="V1p" value="0.75"/>
      <parameter constant="false" id="V3" metaid="_324293" name="V3"/>
      <parameter id="V3p" metaid="_324295" name="V3p" value="0.3"/>
    </listOfParameters>
    <listOfRules>
      <assignmentRule metaid="rule1" variable="V1">
        <math xmlns="http://www.w3.org/1998/Math/MathML">        
          <apply>
            <times/>
            <ci> C </ci>
            <ci> V1p </ci>
            <apply>
              <power/>
              <apply>
                <plus/>
                <ci> C </ci>
                <ci> K6 </ci>
              </apply>
              <cn type="integer"> -1 </cn>
            </apply>
          </apply>
        </math>
            </assignmentRule>
      <assignmentRule metaid="rule2" variable="V3">
        <math xmlns="http://www.w3.org/1998/Math/MathML">        
          <apply>
            <times/>
            <ci> M </ci>
            <ci> V3p </ci>
          </apply>
        </math>
            </assignmentRule>
    </listOfRules>
    <listOfReactions>
      <reaction fast="false" id="reaction1" metaid="_202966" name="creation of cyclin" reversible="false">
        <annotation>
	<rdf:RDF xmlns:rdf="http://www.w3.org/1999/02/22-rdf-syntax-ns#" xmlns:bqmodel="http://biomodels.net/model-qualifiers/" xmlns:bqbiol="http://biomodels.net/biology-qualifiers/">
            <rdf:Description rdf:about="#_202966">
	<bqbiol:isVersionOf>
	<rdf:Bag>
	<rdf:li rdf:resource="http://identifiers.org/go/GO:0006412"/>
	</rdf:Bag>
	</bqbiol:isVersionOf>
	</rdf:Description>
	
	</rdf:RDF>
	</annotation>
              <listOfProducts>
          <speciesReference metaid="_655368" species="C"/>
        </listOfProducts>
        <kineticLaw metaid="_655381">
          <math xmlns="http://www.w3.org/1998/Math/MathML">          
            <ci> vi </ci>
          </math>
                  <listOfParameters>
            <parameter id="vi" metaid="_324256" value="0.1"/>
          </listOfParameters>
        </kineticLaw>
      </reaction>
      <reaction fast="false" id="reaction2" metaid="_203006" name="cdc2 kinase triggered degration of cyclin" reversible="false">
        <annotation>
	<rdf:RDF xmlns:rdf="http://www.w3.org/1999/02/22-rdf-syntax-ns#" xmlns:bqmodel="http://biomodels.net/model-qualifiers/" xmlns:bqbiol="http://biomodels.net/biology-qualifiers/">
            <rdf:Description rdf:about="#_203006">
	<bqbiol:isVersionOf>
	<rdf:Bag>
	<rdf:li rdf:resource="http://identifiers.org/go/GO:0008054"/>
	</rdf:Bag>
	</bqbiol:isVersionOf>
	</rdf:Description>
	
	</rdf:RDF>
	</annotation>
              <listOfReactants>
          <speciesReference metaid="_655393" species="C"/>
        </listOfReactants>
        <listOfModifiers>
          <modifierSpeciesReference metaid="_655405" species="X"/>
        </listOfModifiers>
        <kineticLaw metaid="_655417">
          <math xmlns="http://www.w3.org/1998/Math/MathML">          
            <apply>
              <times/>
              <ci> C </ci>
              <ci> k1 </ci>
              <ci> X </ci>
              <apply>
                <power/>
                <apply>
                  <plus/>
                  <ci> C </ci>
                  <ci> K5 </ci>
                </apply>
                <cn type="integer"> -1 </cn>
              </apply>
            </apply>
          </math>
                  <listOfParameters>
            <parameter id="k1" metaid="_324258" value="0.5"/>
            <parameter id="K5" metaid="_324260" value="0.02"/>
          </listOfParameters>
        </kineticLaw>
      </reaction>
      <reaction fast="false" id="reaction3" metaid="_202986" name="default degradation of cyclin" reversible="false">
        <annotation>
	<rdf:RDF xmlns:rdf="http://www.w3.org/1999/02/22-rdf-syntax-ns#" xmlns:bqmodel="http://biomodels.net/model-qualifiers/" xmlns:bqbiol="http://biomodels.net/biology-qualifiers/">
            <rdf:Description rdf:about="#_202986">
	<bqbiol:isVersionOf>
	<rdf:Bag>
	<rdf:li rdf:resource="http://identifiers.org/go/GO:0008054"/>
	</rdf:Bag>
	</bqbiol:isVersionOf>
	</rdf:Description>
	
	</rdf:RDF>
	</annotation>
              <listOfReactants>
          <speciesReference metaid="_655429" species="C"/>
        </listOfReactants>
        <kineticLaw metaid="_655441">
          <math xmlns="http://www.w3.org/1998/Math/MathML">          
            <apply>
              <times/>
              <ci> C </ci>
              <ci> kd </ci>
            </apply>
          </math>
                  <listOfParameters>
            <parameter id="kd" metaid="_324262" value="0.02"/>
          </listOfParameters>
        </kineticLaw>
      </reaction>
      <reaction fast="false" id="reaction4" metaid="_203147" name="activation of cdc2 kinase" reversible="false">
        <annotation>
	<rdf:RDF xmlns:rdf="http://www.w3.org/1999/02/22-rdf-syntax-ns#" xmlns:bqmodel="http://biomodels.net/model-qualifiers/" xmlns:bqbiol="http://biomodels.net/biology-qualifiers/">
            <rdf:Description rdf:about="#_203147">
	<bqbiol:isVersionOf>
	<rdf:Bag>
	<rdf:li rdf:resource="http://identifiers.org/go/GO:0045737"/>
	</rdf:Bag>
	</bqbiol:isVersionOf>
	</rdf:Description>
	
	</rdf:RDF>
	</annotation>
              <listOfProducts>
          <speciesReference metaid="_655453" species="M"/>
        </listOfProducts>
        <kineticLaw metaid="_655465">
          <math xmlns="http://www.w3.org/1998/Math/MathML">          
            <apply>
              <times/>
              <apply>
                <plus/>
                <cn type="integer"> 1 </cn>
                <apply>
                  <times/>
                  <cn type="integer"> -1 </cn>
                  <ci> M </ci>
                </apply>
              </apply>
              <ci> V1 </ci>
              <apply>
                <power/>
                <apply>
                  <plus/>
                  <ci> K1 </ci>
                  <apply>
                    <times/>
                    <cn type="integer"> -1 </cn>
                    <ci> M </ci>
                  </apply>
                  <cn type="integer"> 1 </cn>
                </apply>
                <cn type="integer"> -1 </cn>
              </apply>
            </apply>
          </math>
                  <listOfParameters>
            <parameter id="K1" metaid="_324263" value="0.1"/>
          </listOfParameters>
        </kineticLaw>
      </reaction>
      <reaction fast="false" id="reaction5" metaid="_203187" name="deactivation of cdc2 kinase" reversible="false">
        <annotation>
	<rdf:RDF xmlns:rdf="http://www.w3.org/1999/02/22-rdf-syntax-ns#" xmlns:bqmodel="http://biomodels.net/model-qualifiers/" xmlns:bqbiol="http://biomodels.net/biology-qualifiers/">
            <rdf:Description rdf:about="#_203187">
	<bqbiol:isVersionOf>
	<rdf:Bag>
	<rdf:li rdf:resource="http://identifiers.org/go/GO:0045736"/>
	</rdf:Bag>
	</bqbiol:isVersionOf>
	</rdf:Description>
	
	</rdf:RDF>
	</annotation>
              <listOfReactants>
          <speciesReference metaid="_655477" species="M"/>
        </listOfReactants>
        <kineticLaw metaid="_655489">
          <math xmlns="http://www.w3.org/1998/Math/MathML">          
            <apply>
              <times/>
              <ci> M </ci>
              <ci> V2 </ci>
              <apply>
                <power/>
                <apply>
                  <plus/>
                  <ci> K2 </ci>
                  <ci> M </ci>
                </apply>
                <cn type="integer"> -1 </cn>
              </apply>
            </apply>
          </math>
                  <listOfParameters>
            <parameter id="V2" metaid="_324264" value="0.25"/>
            <parameter id="K2" metaid="_324266" value="0.1"/>
          </listOfParameters>
        </kineticLaw>
      </reaction>
      <reaction fast="false" id="reaction6" metaid="_203167" name="activation of cyclin protease" reversible="false">
        <listOfProducts>
          <speciesReference metaid="_655501" species="X"/>
        </listOfProducts>
        <kineticLaw metaid="_655513">
          <math xmlns="http://www.w3.org/1998/Math/MathML">          
            <apply>
              <times/>
              <ci> V3 </ci>
              <apply>
                <plus/>
                <cn type="integer"> 1 </cn>
                <apply>
                  <times/>
                  <cn type="integer"> -1 </cn>
                  <ci> X </ci>
                </apply>
              </apply>
              <apply>
                <power/>
                <apply>
                  <plus/>
                  <ci> K3 </ci>
                  <apply>
                    <times/>
                    <cn type="integer"> -1 </cn>
                    <ci> X </ci>
                  </apply>
                  <cn type="integer"> 1 </cn>
                </apply>
                <cn type="integer"> -1 </cn>
              </apply>
            </apply>
          </math>
                  <listOfParameters>
            <parameter id="K3" metaid="_324268" value="0.2"/>
          </listOfParameters>
        </kineticLaw>
      </reaction>
      <reaction fast="false" id="reaction7" metaid="_203207" name="deactivation of cyclin protease" reversible="false">
        <listOfReactants>
          <speciesReference metaid="_655525" species="X"/>
        </listOfReactants>
        <kineticLaw metaid="_655537">
          <math xmlns="http://www.w3.org/1998/Math/MathML">          
            <apply>
              <times/>
              <ci> V4 </ci>
              <ci> X </ci>
              <apply>
                <power/>
                <apply>
                  <plus/>
                  <ci> K4 </ci>
                  <ci> X </ci>
                </apply>
                <cn type="integer"> -1 </cn>
              </apply>
            </apply>
          </math>
                  <listOfParameters>
            <parameter id="K4" metaid="_324269" value="0.1"/>
            <parameter id="V4" metaid="_324271" value="0.1"/>
          </listOfParameters>
        </kineticLaw>
      </reaction>
      <reaction fast="false" id="reaction8" metaid="_663209" name="reaction8" reversible="false">
        <listOfReactants>
          <speciesReference metaid="_655549" species="C"/>
          <speciesReference metaid="_655561" species="Y"/>
        </listOfReactants>
        <listOfProducts>
          <speciesReference metaid="_655574" species="Z"/>
        </listOfProducts>
        <kineticLaw metaid="_655586">
          <math xmlns="http://www.w3.org/1998/Math/MathML">          
            <apply>
              <times/>
              <ci> a1 </ci>
              <ci> C </ci>
              <ci> Y </ci>
            </apply>
          </math>
                  <listOfParameters>
            <parameter id="a1" metaid="_324273" value="0.05"/>
          </listOfParameters>
        </kineticLaw>
      </reaction>
      <reaction fast="false" id="reaction9" metaid="_203087" name="reaction9" reversible="false">
        <annotation>
	<rdf:RDF xmlns:rdf="http://www.w3.org/1999/02/22-rdf-syntax-ns#" xmlns:bqmodel="http://biomodels.net/model-qualifiers/" xmlns:bqbiol="http://biomodels.net/biology-qualifiers/">
            <rdf:Description rdf:about="#_203087">
	<bqbiol:isVersionOf>
	<rdf:Bag>
	<rdf:li rdf:resource="http://identifiers.org/go/GO:0043241"/>
	</rdf:Bag>
	</bqbiol:isVersionOf>
	</rdf:Description>
	
	</rdf:RDF>
	</annotation>
              <listOfReactants>
          <speciesReference metaid="_655598" species="Z"/>
        </listOfReactants>
        <listOfProducts>
          <speciesReference metaid="_655610" species="C"/>
          <speciesReference metaid="_655622" species="Y"/>
        </listOfProducts>
        <kineticLaw metaid="_655634">
          <math xmlns="http://www.w3.org/1998/Math/MathML">          
            <apply>
              <times/>
              <ci> a2 </ci>
              <ci> Z </ci>
            </apply>
          </math>
                  <listOfParameters>
            <parameter id="a2" metaid="_324275" value="0.05"/>
          </listOfParameters>
        </kineticLaw>
      </reaction>
      <reaction fast="false" id="reaction10" metaid="_203126" name="desinhibition of cyclin" reversible="false">
        <annotation>
	<rdf:RDF xmlns:rdf="http://www.w3.org/1999/02/22-rdf-syntax-ns#" xmlns:bqmodel="http://biomodels.net/model-qualifiers/" xmlns:bqbiol="http://biomodels.net/biology-qualifiers/">
            <rdf:Description rdf:about="#_203126">
	<bqbiol:isVersionOf>
	<rdf:Bag>
	<rdf:li rdf:resource="http://identifiers.org/go/GO:0044257"/>
	</rdf:Bag>
	</bqbiol:isVersionOf>
	</rdf:Description>
	
	</rdf:RDF>
	</annotation>
              <listOfReactants>
          <speciesReference metaid="_655646" species="Z"/>
        </listOfReactants>
        <listOfProducts>
          <speciesReference metaid="_655658" species="C"/>
        </listOfProducts>
        <kineticLaw metaid="_655670">
          <math xmlns="http://www.w3.org/1998/Math/MathML">          
            <apply>
              <times/>
              <ci> alpha </ci>
              <ci> d1 </ci>
              <ci> Z </ci>
            </apply>
          </math>
                  <listOfParameters>
            <parameter id="alpha" metaid="_324276" value="0.1"/>
            <parameter id="d1" metaid="_324278" value="0.05"/>
          </listOfParameters>
        </kineticLaw>
      </reaction>
      <reaction fast="false" id="reaction11" metaid="_203107" name="degradation of inhibited cyclin" reversible="false">
        <annotation>
	<rdf:RDF xmlns:rdf="http://www.w3.org/1999/02/22-rdf-syntax-ns#" xmlns:bqmodel="http://biomodels.net/model-qualifiers/" xmlns:bqbiol="http://biomodels.net/biology-qualifiers/">
            <rdf:Description rdf:about="#_203107">
	<bqbiol:isVersionOf>
	<rdf:Bag>
	<rdf:li rdf:resource="http://identifiers.org/go/GO:0008054"/>
	</rdf:Bag>
	</bqbiol:isVersionOf>
	</rdf:Description>
	
	</rdf:RDF>
	</annotation>
              <listOfReactants>
          <speciesReference metaid="_655682" species="Z"/>
        </listOfReactants>
        <listOfProducts>
          <speciesReference metaid="_655694" species="Y"/>
        </listOfProducts>
        <kineticLaw metaid="_655706">
          <math xmlns="http://www.w3.org/1998/Math/MathML">          
            <apply>
              <times/>
              <ci> alpha </ci>
              <ci> kd </ci>
              <ci> Z </ci>
            </apply>
          </math>
                  <listOfParameters>
            <parameter id="kd" metaid="_324280" value="0.02"/>
            <parameter id="alpha" metaid="_324282" value="0.1"/>
          </listOfParameters>
        </kineticLaw>
      </reaction>
      <reaction fast="false" id="reaction12" metaid="_203027" name="creation of cyclin inhibitor" reversible="false">
        <annotation>
	<rdf:RDF xmlns:rdf="http://www.w3.org/1999/02/22-rdf-syntax-ns#" xmlns:bqmodel="http://biomodels.net/model-qualifiers/" xmlns:bqbiol="http://biomodels.net/biology-qualifiers/">
            <rdf:Description rdf:about="#_203027">
	<bqbiol:isVersionOf>
	<rdf:Bag>
	<rdf:li rdf:resource="http://identifiers.org/go/GO:0006412"/>
	</rdf:Bag>
	</bqbiol:isVersionOf>
	</rdf:Description>
	
	</rdf:RDF>
	</annotation>
              <listOfProducts>
          <speciesReference metaid="_655718" species="Y"/>
        </listOfProducts>
        <kineticLaw metaid="_655730">
          <math xmlns="http://www.w3.org/1998/Math/MathML">          
            <ci> vs </ci>
          </math>
                  <listOfParameters>
            <parameter id="vs" metaid="_324283" value="0.2"/>
          </listOfParameters>
        </kineticLaw>
      </reaction>
      <reaction fast="false" id="reaction13" metaid="_203047" name="degradation of cyclin inhibitor" reversible="false">
        <annotation>
	<rdf:RDF xmlns:rdf="http://www.w3.org/1999/02/22-rdf-syntax-ns#" xmlns:bqmodel="http://biomodels.net/model-qualifiers/" xmlns:bqbiol="http://biomodels.net/biology-qualifiers/">
            <rdf:Description rdf:about="#_203047">
	<bqbiol:isVersionOf>
	<rdf:Bag>
	<rdf:li rdf:resource="http://identifiers.org/go/GO:0044257"/>
	</rdf:Bag>
	</bqbiol:isVersionOf>
	</rdf:Description>
	
	</rdf:RDF>
	</annotation>
              <listOfReactants>
          <speciesReference metaid="_655742" species="Y"/>
        </listOfReactants>
        <kineticLaw metaid="_655754">
          <math xmlns="http://www.w3.org/1998/Math/MathML">          
            <apply>
              <times/>
              <ci> d1 </ci>
              <ci> Y </ci>
            </apply>
          </math>
                  <listOfParameters>
            <parameter id="d1" metaid="_324285" value="0.05"/>
          </listOfParameters>
        </kineticLaw>
      </reaction>
    </listOfReactions>
  </model>
</sbml>