<?xml version='1.0' encoding='UTF-8' standalone='no'?>
<sbml xmlns="http://www.sbml.org/sbml/level2/version4" level="2" metaid="_749150" version="4">
  <model id="Kim2011_Oscillator_SimpleIII" metaid="COPASI1" name="Kim2011_Oscillator_SimpleIII">
    <notes>
      <body xmlns="http://www.w3.org/1999/xhtml">
        <p>This a model from the article:      <br/>
                <strong>Synthetic in vitro transcriptional oscillators.</strong>
                <br/>
          Kim J, Winfree E      <em>Mol. Syst. Biol.</em>
          2011 Feb 1;7:465.      <a href="http://www.ncbi.nlm.nih.gov/pubmed/21283141">21283141</a>
          ,      <br/>
                <strong>Abstract:</strong>
                <br/>
          The construction of synthetic biochemical circuits from simple components illuminates how complex behaviors can arise in chemistry and builds a foundation for future biological technologies. A simplified analog of genetic regulatory networks, in vitro transcriptional circuits, provides a modular platform for the systematic construction of arbitrary circuits and requires only two essential enzymes, bacteriophage T7 RNA polymerase and Escherichia coli ribonuclease H, to produce and degrade RNA signals. In this study, we design and experimentally demonstrate three transcriptional oscillators in vitro. First, a negative feedback oscillator comprising two switches, regulated by excitatory and inhibitory RNA signals, showed up to five complete cycles. To demonstrate modularity and to explore the design space further, a positive-feedback loop was added that modulates and extends the oscillatory regime. Finally, a three-switch ring oscillator was constructed and analyzed. Mathematical modeling guided the design process, identified experimental conditions likely to yield oscillations, and explained the system's robust response to interference by short degradation products. Synthetic transcriptional oscillators could prove valuable for systematic exploration of biochemical circuit design principles and for controlling nanoscale devices and orchestrating processes within artificial cells.      </p>
            <p>      <b>Notes:</b>
                </p>
            <p>The paper describes 7 models (MODEL1012090000-6) and all these are submitted by the authors. This model (MODEL1012090001) corresponds to the Simple model of the three-switch ring oscillator (Design III). The model reproduces figure 6 (central figures) of the reference publication. The time is rescaled by s=v_d/K_I*t where K_I=0.333 and v_d=1 (for alpha = 1) and v_d=0.5 (for alpha = 0.5). i.e. For alpha = 1, s = 0.003 * t (roughly 10 unitless time = 1hr; the time-course should be run for 60 timeunits (6hrs) to get figure 6a). For alpha = 2, s= 0.0015 * t (roughly 5 unitless time = 1hr; the time-course shoue be run for 100 timesunits (20hrs) to get figure 6b).</p>
            <p>This model originates from BioModels Database: A Database of Annotated Published Models (http://www.ebi.ac.uk/biomodels/). It is copyright (c) 2005-2011 The BioModels.net Team.      <br/>
          For more information see the      <a href="http://www.ebi.ac.uk/biomodels/legal.html" target="_blank">terms of use</a>
          .      <br/>
          To cite BioModels Database, please use:      <a href="http://www.ncbi.nlm.nih.gov/pubmed/20587024" target="_blank">Li C, Donizelli M, Rodriguez N, Dharuri H, Endler L, Chelliah V, Li L, He E, Henry A, Stefan MI, Snoep JL, Hucka M, Le Novère N, Laibe C (2010) BioModels Database: An enhanced, curated and annotated resource for published quantitative kinetic models. BMC Syst Biol., 4:92.</a>
                </p>
            </body>
      
    </notes>
    <annotation>
<COPASI xmlns="http://www.copasi.org/static/sbml">
      <rdf:RDF xmlns:dcterms="http://purl.org/dc/terms/" xmlns:rdf="http://www.w3.org/1999/02/22-rdf-syntax-ns#">
        <rdf:Description rdf:about="#COPASI1">
          <dcterms:created>
            <rdf:Description>
              <dcterms:W3CDTF>2010-12-08T16:54:04Z</dcterms:W3CDTF>
            </rdf:Description>
          </dcterms:created>
        </rdf:Description>
      </rdf:RDF>
    </COPASI>
                                <rdf:RDF xmlns:rdf="http://www.w3.org/1999/02/22-rdf-syntax-ns#" xmlns:bqmodel="http://biomodels.net/model-qualifiers/" xmlns:vCard="http://www.w3.org/2001/vcard-rdf/3.0#" xmlns:dc="http://purl.org/dc/elements/1.1/" xmlns:dcterms="http://purl.org/dc/terms/" xmlns:bqbiol="http://biomodels.net/biology-qualifiers/">
        <rdf:Description rdf:about="#COPASI1">
	<dc:creator>
	<rdf:Bag>
	<rdf:li rdf:parseType="Resource">
	<vCard:N rdf:parseType="Resource">
	<vCard:Family>Chelliah</vCard:Family>
	<vCard:Given>Vijayalakshmi</vCard:Given>
	</vCard:N>
	<vCard:EMAIL>viji@ebi.ac.uk</vCard:EMAIL>
	<vCard:ORG rdf:parseType="Resource">
	<vCard:Orgname>EMBL-EBI</vCard:Orgname>
	</vCard:ORG>
	</rdf:li>
	<rdf:li rdf:parseType="Resource">
	<vCard:N rdf:parseType="Resource">
	<vCard:Family>Kim</vCard:Family>
	<vCard:Given>Jongmin</vCard:Given>
	</vCard:N>
	<vCard:EMAIL>jongmin@centrosome.dna.caltech.edu</vCard:EMAIL>
	<vCard:ORG rdf:parseType="Resource">
	<vCard:Orgname>Department of Bioengineering, California Institute of Technology, Pasadena, CA, USA.</vCard:Orgname>
	</vCard:ORG>
	</rdf:li>
	</rdf:Bag>
	</dc:creator>
	<dcterms:created rdf:parseType="Resource">
	<dcterms:W3CDTF>2010-12-08T16:54:04Z</dcterms:W3CDTF>
	</dcterms:created>
	<dcterms:modified rdf:parseType="Resource">
	<dcterms:W3CDTF>2012-04-20T21:58:04Z</dcterms:W3CDTF>
	</dcterms:modified>
	<bqmodel:is>
	<rdf:Bag>
	<rdf:li rdf:resource="http://identifiers.org/biomodels.db/MODEL1012090001"/>
	</rdf:Bag>
	</bqmodel:is>
	<bqmodel:is>
	<rdf:Bag>
	<rdf:li rdf:resource="http://identifiers.org/biomodels.db/BIOMD0000000323"/>
	</rdf:Bag>
	</bqmodel:is>
	<bqmodel:isDescribedBy>
	<rdf:Bag>
	<rdf:li rdf:resource="http://identifiers.org/pubmed/21283141"/>
	</rdf:Bag>
	</bqmodel:isDescribedBy>
	<bqbiol:isVersionOf>
	<rdf:Bag>
	<rdf:li rdf:resource="http://identifiers.org/obo.go/GO:0010468"/>
	</rdf:Bag>
	</bqbiol:isVersionOf>
	<bqbiol:hasTaxon>
	<rdf:Bag>
	<rdf:li rdf:resource="http://identifiers.org/taxonomy/131567"/>
	</rdf:Bag>
	</bqbiol:hasTaxon>
	</rdf:Description>
	
      </rdf:RDF>
    </annotation>
      <listOfFunctionDefinitions>
      <functionDefinition id="function_1" metaid="COPASI12" name="Hill inhibition">
        <annotation>
<COPASI xmlns="http://www.copasi.org/static/sbml">
          <rdf:RDF xmlns:dcterms="http://purl.org/dc/terms/" xmlns:rdf="http://www.w3.org/1999/02/22-rdf-syntax-ns#">
            <rdf:Description rdf:about="#COPASI12">
              <dcterms:created>
                <rdf:Description>
                  <dcterms:W3CDTF>2010-12-08T16:18:02Z</dcterms:W3CDTF>
                </rdf:Description>
              </dcterms:created>
            </rdf:Description>
          </rdf:RDF>
        </COPASI>
                              </annotation>
        <math xmlns="http://www.w3.org/1998/Math/MathML">        
          <lambda>
            <bvar>
              <ci> V </ci>
            </bvar>
            <bvar>
              <ci> Shalve </ci>
            </bvar>
            <bvar>
              <ci> h </ci>
            </bvar>
            <bvar>
              <ci> substrate </ci>
            </bvar>
            <apply>
              <divide/>
              <ci> V </ci>
              <apply>
                <plus/>
                <apply>
                  <power/>
                  <ci> Shalve </ci>
                  <ci> h </ci>
                </apply>
                <apply>
                  <power/>
                  <ci> substrate </ci>
                  <ci> h </ci>
                </apply>
              </apply>
            </apply>
          </lambda>
        </math>
            </functionDefinition>
      <functionDefinition id="function_3" metaid="COPASI13" name="Simple inhibition">
        <annotation>
<COPASI xmlns="http://www.copasi.org/static/sbml">
          <rdf:RDF xmlns:dcterms="http://purl.org/dc/terms/" xmlns:rdf="http://www.w3.org/1999/02/22-rdf-syntax-ns#">
            <rdf:Description rdf:about="#COPASI13">
              <dcterms:created>
                <rdf:Description>
                  <dcterms:W3CDTF>2010-12-08T17:06:45Z</dcterms:W3CDTF>
                </rdf:Description>
              </dcterms:created>
            </rdf:Description>
          </rdf:RDF>
        </COPASI>
                              </annotation>
        <math xmlns="http://www.w3.org/1998/Math/MathML">        
          <lambda>
            <bvar>
              <ci> x </ci>
            </bvar>
            <bvar>
              <ci> beta </ci>
            </bvar>
            <apply>
              <divide/>
              <apply>
                <divide/>
                <ci> x </ci>
                <ci> beta </ci>
              </apply>
              <apply>
                <plus/>
                <cn> 1 </cn>
                <apply>
                  <divide/>
                  <ci> x </ci>
                  <ci> beta </ci>
                </apply>
              </apply>
            </apply>
          </lambda>
        </math>
            </functionDefinition>
    </listOfFunctionDefinitions>
    <listOfUnitDefinitions>
      <unitDefinition id="volume" metaid="_749163">
        <listOfUnits>
          <unit kind="dimensionless" metaid="_749175"/>
        </listOfUnits>
      </unitDefinition>
      <unitDefinition id="time" metaid="_749187">
        <listOfUnits>
          <unit kind="dimensionless" metaid="_749199"/>
        </listOfUnits>
      </unitDefinition>
      <unitDefinition id="substance" metaid="_749211">
        <listOfUnits>
          <unit kind="dimensionless" metaid="_749223"/>
        </listOfUnits>
      </unitDefinition>
    </listOfUnitDefinitions>
    <listOfCompartments>
      <compartment id="compartment_1" metaid="_202406" name="compartment" sboTerm="SBO:0000290" size="1">
        <annotation>
          <rdf:RDF xmlns:rdf="http://www.w3.org/1999/02/22-rdf-syntax-ns#" xmlns:bqmodel="http://biomodels.net/model-qualifiers/" xmlns:bqbiol="http://biomodels.net/biology-qualifiers/">
            <rdf:Description rdf:about="#_202406">
	<bqbiol:isVersionOf>
	<rdf:Bag>
	<rdf:li rdf:resource="http://identifiers.org/obo.go/GO:0005623"/>
	</rdf:Bag>
	</bqbiol:isVersionOf>
	</rdf:Description>
	
          </rdf:RDF>
        </annotation>
            </compartment>
    </listOfCompartments>
    <listOfSpecies>
      <species compartment="compartment_1" id="species_1" initialConcentration="0" metaid="COPASI2" name="x1" sboTerm="SBO:0000020">
        <annotation>
<COPASI xmlns="http://www.copasi.org/static/sbml">
          <rdf:RDF xmlns:dcterms="http://purl.org/dc/terms/" xmlns:rdf="http://www.w3.org/1999/02/22-rdf-syntax-ns#">
            <rdf:Description rdf:about="#COPASI2">
              <dcterms:created>
                <rdf:Description>
                  <dcterms:W3CDTF>2010-12-08T16:55:42Z</dcterms:W3CDTF>
                </rdf:Description>
              </dcterms:created>
            </rdf:Description>
          </rdf:RDF>
        </COPASI>
                                                            <rdf:RDF xmlns:rdf="http://www.w3.org/1999/02/22-rdf-syntax-ns#" xmlns:bqmodel="http://biomodels.net/model-qualifiers/" xmlns:dcterms="http://purl.org/dc/terms/" xmlns:bqbiol="http://biomodels.net/biology-qualifiers/">
            <rdf:Description rdf:about="#COPASI2">
	<bqbiol:isVersionOf>
	<rdf:Bag>
	<rdf:li rdf:resource="http://identifiers.org/obo.chebi/CHEBI:35222"/>
	<rdf:li rdf:resource="http://identifiers.org/obo.chebi/CHEBI:33697"/>
	</rdf:Bag>
	</bqbiol:isVersionOf>
	</rdf:Description>
	
          </rdf:RDF>
        </annotation>
            </species>
      <species compartment="compartment_1" id="species_2" initialConcentration="0" metaid="_202426" name="x2" sboTerm="SBO:0000020">
        <annotation>
          <rdf:RDF xmlns:rdf="http://www.w3.org/1999/02/22-rdf-syntax-ns#" xmlns:bqmodel="http://biomodels.net/model-qualifiers/" xmlns:bqbiol="http://biomodels.net/biology-qualifiers/">
            <rdf:Description rdf:about="#_202426">
	<bqbiol:isVersionOf>
	<rdf:Bag>
	<rdf:li rdf:resource="http://identifiers.org/obo.chebi/CHEBI:35222"/>
	<rdf:li rdf:resource="http://identifiers.org/obo.chebi/CHEBI:33697"/>
	</rdf:Bag>
	</bqbiol:isVersionOf>
	</rdf:Description>
	
          </rdf:RDF>
        </annotation>
            </species>
      <species compartment="compartment_1" id="species_3" initialConcentration="0.33" metaid="_202429" name="x3" sboTerm="SBO:0000020">
        <annotation>
          <rdf:RDF xmlns:rdf="http://www.w3.org/1999/02/22-rdf-syntax-ns#" xmlns:bqmodel="http://biomodels.net/model-qualifiers/" xmlns:bqbiol="http://biomodels.net/biology-qualifiers/">
            <rdf:Description rdf:about="#_202429">
	<bqbiol:isVersionOf>
	<rdf:Bag>
	<rdf:li rdf:resource="http://identifiers.org/obo.chebi/CHEBI:35222"/>
	<rdf:li rdf:resource="http://identifiers.org/obo.chebi/CHEBI:33697"/>
	</rdf:Bag>
	</bqbiol:isVersionOf>
	</rdf:Description>
	
          </rdf:RDF>
        </annotation>
            </species>
    </listOfSpecies>
    <listOfParameters>
      <parameter id="parameter_1" metaid="COPASI3" name="alpha" sboTerm="SBO:0000009" value="1">
        <annotation>
<COPASI xmlns="http://www.copasi.org/static/sbml">
          <rdf:RDF xmlns:dcterms="http://purl.org/dc/terms/" xmlns:rdf="http://www.w3.org/1999/02/22-rdf-syntax-ns#">
            <rdf:Description rdf:about="#COPASI3">
              <dcterms:created>
                <rdf:Description>
                  <dcterms:W3CDTF>2010-12-08T16:56:19Z</dcterms:W3CDTF>
                </rdf:Description>
              </dcterms:created>
            </rdf:Description>
          </rdf:RDF>
        </COPASI>
                              </annotation>
            </parameter>
      <parameter id="parameter_2" metaid="COPASI4" name="beta" sboTerm="SBO:0000009" value="0.3">
        <annotation>
<COPASI xmlns="http://www.copasi.org/static/sbml">
          <rdf:RDF xmlns:dcterms="http://purl.org/dc/terms/" xmlns:rdf="http://www.w3.org/1999/02/22-rdf-syntax-ns#">
            <rdf:Description rdf:about="#COPASI4">
              <dcterms:created>
                <rdf:Description>
                  <dcterms:W3CDTF>2010-12-08T16:56:24Z</dcterms:W3CDTF>
                </rdf:Description>
              </dcterms:created>
            </rdf:Description>
          </rdf:RDF>
        </COPASI>
                              </annotation>
            </parameter>
      <parameter id="parameter_3" metaid="COPASI5" name="n" sboTerm="SBO:0000190" value="5">
        <annotation>
<COPASI xmlns="http://www.copasi.org/static/sbml">
          <rdf:RDF xmlns:dcterms="http://purl.org/dc/terms/" xmlns:rdf="http://www.w3.org/1999/02/22-rdf-syntax-ns#">
            <rdf:Description rdf:about="#COPASI5">
              <dcterms:created>
                <rdf:Description>
                  <dcterms:W3CDTF>2010-12-08T16:56:54Z</dcterms:W3CDTF>
                </rdf:Description>
              </dcterms:created>
            </rdf:Description>
          </rdf:RDF>
        </COPASI>
                              </annotation>
            </parameter>
    </listOfParameters>
    <listOfReactions>
      <reaction id="reaction_1" metaid="COPASI6" name="reaction1" reversible="false">
        <annotation>
<COPASI xmlns="http://www.copasi.org/static/sbml">
          <rdf:RDF xmlns:dcterms="http://purl.org/dc/terms/" xmlns:rdf="http://www.w3.org/1999/02/22-rdf-syntax-ns#">
            <rdf:Description rdf:about="#COPASI6">
              <dcterms:created>
                <rdf:Description>
                  <dcterms:W3CDTF>2010-12-08T16:57:50Z</dcterms:W3CDTF>
                </rdf:Description>
              </dcterms:created>
            </rdf:Description>
          </rdf:RDF>
        </COPASI>
                              </annotation>
              <listOfReactants>
          <speciesReference metaid="_749236" species="species_1"/>
        </listOfReactants>
        <listOfProducts>
          <speciesReference metaid="_749248" species="species_1"/>
          <speciesReference metaid="_749260" species="species_3"/>
        </listOfProducts>
        <kineticLaw metaid="_749272">
          <math xmlns="http://www.w3.org/1998/Math/MathML">          
            <apply>
              <times/>
              <ci> compartment_1 </ci>
              <apply>
                <ci> function_1 </ci>
                <ci> parameter_1 </ci>
                <ci> Shalve </ci>
                <ci> parameter_3 </ci>
                <ci> species_1 </ci>
              </apply>
            </apply>
          </math>
                  <listOfParameters>
            <parameter id="Shalve" metaid="_202540" name="Shalve" sboTerm="SBO:0000009" value="1"/>
          </listOfParameters>
        </kineticLaw>
      </reaction>
      <reaction id="reaction_2" metaid="COPASI7" name="reaction2" reversible="false">
        <annotation>
<COPASI xmlns="http://www.copasi.org/static/sbml">
          <rdf:RDF xmlns:dcterms="http://purl.org/dc/terms/" xmlns:rdf="http://www.w3.org/1999/02/22-rdf-syntax-ns#">
            <rdf:Description rdf:about="#COPASI7">
              <dcterms:created>
                <rdf:Description>
                  <dcterms:W3CDTF>2010-12-08T17:00:26Z</dcterms:W3CDTF>
                </rdf:Description>
              </dcterms:created>
            </rdf:Description>
          </rdf:RDF>
        </COPASI>
                              </annotation>
              <listOfReactants>
          <speciesReference metaid="_749284" species="species_2"/>
        </listOfReactants>
        <listOfProducts>
          <speciesReference metaid="_749296" species="species_2"/>
          <speciesReference metaid="_749308" species="species_1"/>
        </listOfProducts>
        <kineticLaw metaid="_749320">
          <math xmlns="http://www.w3.org/1998/Math/MathML">          
            <apply>
              <times/>
              <ci> compartment_1 </ci>
              <apply>
                <ci> function_1 </ci>
                <ci> parameter_1 </ci>
                <ci> Shalve </ci>
                <ci> parameter_3 </ci>
                <ci> species_2 </ci>
              </apply>
            </apply>
          </math>
                  <listOfParameters>
            <parameter id="Shalve" metaid="_202541" name="Shalve" sboTerm="SBO:0000009" value="1"/>
          </listOfParameters>
        </kineticLaw>
      </reaction>
      <reaction id="reaction_3" metaid="COPASI8" name="reaction3" reversible="false">
        <annotation>
<COPASI xmlns="http://www.copasi.org/static/sbml">
          <rdf:RDF xmlns:dcterms="http://purl.org/dc/terms/" xmlns:rdf="http://www.w3.org/1999/02/22-rdf-syntax-ns#">
            <rdf:Description rdf:about="#COPASI8">
              <dcterms:created>
                <rdf:Description>
                  <dcterms:W3CDTF>2010-12-08T17:01:10Z</dcterms:W3CDTF>
                </rdf:Description>
              </dcterms:created>
            </rdf:Description>
          </rdf:RDF>
        </COPASI>
                              </annotation>
              <listOfReactants>
          <speciesReference metaid="_749332" species="species_3"/>
        </listOfReactants>
        <listOfProducts>
          <speciesReference metaid="_749344" species="species_3"/>
          <speciesReference metaid="_749356" species="species_2"/>
        </listOfProducts>
        <kineticLaw metaid="_749368">
          <math xmlns="http://www.w3.org/1998/Math/MathML">          
            <apply>
              <times/>
              <ci> compartment_1 </ci>
              <apply>
                <ci> function_1 </ci>
                <ci> parameter_1 </ci>
                <ci> Shalve </ci>
                <ci> parameter_3 </ci>
                <ci> species_3 </ci>
              </apply>
            </apply>
          </math>
                  <listOfParameters>
            <parameter id="Shalve" metaid="_202542" name="Shalve" sboTerm="SBO:0000009" value="1"/>
          </listOfParameters>
        </kineticLaw>
      </reaction>
      <reaction id="reaction_4" metaid="COPASI9" name="reaction4" reversible="false">
        <annotation>
<COPASI xmlns="http://www.copasi.org/static/sbml">
          <rdf:RDF xmlns:dcterms="http://purl.org/dc/terms/" xmlns:rdf="http://www.w3.org/1999/02/22-rdf-syntax-ns#">
            <rdf:Description rdf:about="#COPASI9">
              <dcterms:created>
                <rdf:Description>
                  <dcterms:W3CDTF>2010-12-08T17:05:38Z</dcterms:W3CDTF>
                </rdf:Description>
              </dcterms:created>
            </rdf:Description>
          </rdf:RDF>
        </COPASI>
                              </annotation>
              <listOfReactants>
          <speciesReference metaid="_749380" species="species_1"/>
        </listOfReactants>
        <kineticLaw metaid="_749392">
          <math xmlns="http://www.w3.org/1998/Math/MathML">          
            <apply>
              <times/>
              <ci> compartment_1 </ci>
              <apply>
                <ci> function_3 </ci>
                <ci> species_1 </ci>
                <ci> parameter_2 </ci>
              </apply>
            </apply>
          </math>
                </kineticLaw>
      </reaction>
      <reaction id="reaction_5" metaid="COPASI10" name="reaction5" reversible="false">
        <annotation>
<COPASI xmlns="http://www.copasi.org/static/sbml">
          <rdf:RDF xmlns:dcterms="http://purl.org/dc/terms/" xmlns:rdf="http://www.w3.org/1999/02/22-rdf-syntax-ns#">
            <rdf:Description rdf:about="#COPASI10">
              <dcterms:created>
                <rdf:Description>
                  <dcterms:W3CDTF>2010-12-08T17:09:43Z</dcterms:W3CDTF>
                </rdf:Description>
              </dcterms:created>
            </rdf:Description>
          </rdf:RDF>
        </COPASI>
                              </annotation>
              <listOfReactants>
          <speciesReference metaid="_749404" species="species_2"/>
        </listOfReactants>
        <kineticLaw metaid="_749416">
          <math xmlns="http://www.w3.org/1998/Math/MathML">          
            <apply>
              <times/>
              <ci> compartment_1 </ci>
              <apply>
                <ci> function_3 </ci>
                <ci> species_2 </ci>
                <ci> parameter_2 </ci>
              </apply>
            </apply>
          </math>
                </kineticLaw>
      </reaction>
      <reaction id="reaction_6" metaid="COPASI11" name="reaction6" reversible="false">
        <annotation>
<COPASI xmlns="http://www.copasi.org/static/sbml">
          <rdf:RDF xmlns:dcterms="http://purl.org/dc/terms/" xmlns:rdf="http://www.w3.org/1999/02/22-rdf-syntax-ns#">
            <rdf:Description rdf:about="#COPASI11">
              <dcterms:created>
                <rdf:Description>
                  <dcterms:W3CDTF>2010-12-08T17:10:04Z</dcterms:W3CDTF>
                </rdf:Description>
              </dcterms:created>
            </rdf:Description>
          </rdf:RDF>
        </COPASI>
                              </annotation>
              <listOfReactants>
          <speciesReference metaid="_749428" species="species_3"/>
        </listOfReactants>
        <kineticLaw metaid="_749440">
          <math xmlns="http://www.w3.org/1998/Math/MathML">          
            <apply>
              <times/>
              <ci> compartment_1 </ci>
              <apply>
                <ci> function_3 </ci>
                <ci> species_3 </ci>
                <ci> parameter_2 </ci>
              </apply>
            </apply>
          </math>
                </kineticLaw>
      </reaction>
    </listOfReactions>
  </model>
</sbml>