<?xml version='1.0' encoding='UTF-8' standalone='no'?>
<sbml xmlns="http://www.sbml.org/sbml/level2/version4" level="2" metaid="_81d9bcd4-e8dd-4f23-ad6f-e36fcff19670" version="4">
  <model id="MODEL1411100000" metaid="COPASI0" name="Auer2010 - Correlation between lag time and aggregation rate in protein aggregation">
    <notes>
      <body xmlns="http://www.w3.org/1999/xhtml">
        <div class="dc:title">Auer2010 - Correlation between lag time and
aggregation rate in protein aggregation</div>
<div class="dc:bibliographicCitation">
  <p>This model is described in the article:</p>
  <div class="bibo:title">
    <a href="http://identifiers.org/pubmed/20602358" title="Access to this publication">Insight into the correlation
    between lag time and aggregation rate in the kinetics of
    protein aggregation.</a>
  </div>
  <div class="bibo:authorList">Auer S, Kashchiev D.</div>
  <div class="bibo:Journal">Proteins 2010 Aug; 78(11):
  2412-2416</div>
  <p>Abstract:</p>
  <div class="bibo:abstract">
    <p>Under favorable conditions, many proteins can assemble into
    macroscopically large aggregates such as the amyloid fibrils
    that are associated with Alzheimer's, Parkinson's, and other
    neurological and systemic diseases. The overall process of
    protein aggregation is characterized by initial lag time during
    which no detectable aggregation occurs in the solution and by
    maximal aggregation rate at which the dissolved protein
    converts into aggregates. In this study, the correlation
    between the lag time and the maximal rate of protein
    aggregation is analyzed. It is found that the product of these
    two quantities depends on a single numerical parameter, the
    kinetic index of the curve quantifying the time evolution of
    the fraction of protein aggregated. As this index depends
    relatively little on the conditions and/or system studied, our
    finding provides insight into why for many experiments the
    values of the product of the lag time and the maximal
    aggregation rate are often equal or quite close to each other.
    It is shown how the kinetic index is related to a basic kinetic
    parameter of a recently proposed theory of protein
    aggregation.</p>
  </div>
</div>
<div class="dc:publisher">
  <p>This model is hosted on 
  <a href="http://www.ebi.ac.uk/biomodels/">BioModels Database</a>
  and identified by: 
  <a href="http://identifiers.org/biomodels.db/BIOMD0000000555">BIOMD0000000555</a>.</p>
  <p>To cite BioModels Database, please use: 
  <a href="http://identifiers.org/pubmed/20587024" title="Latest BioModels Database publication">BioModels Database:
  An enhanced, curated and annotated resource for published
  quantitative kinetic models</a>.</p>
</div>
<div class="dc:license">
  <p>To the extent possible under law, all copyright and related or
  neighbouring rights to this encoded model have been dedicated to
  the public domain worldwide. Please refer to 
  <a href="http://creativecommons.org/publicdomain/zero/1.0/" title="Access to: CC0 1.0 Universal (CC0 1.0), Public Domain Dedication">CC0
  Public Domain Dedication</a> for more information.</p>
</div>
</body>
    </notes>
    <annotation>
      <COPASI xmlns="http://www.copasi.org/static/sbml">
        <rdf:RDF xmlns:dcterms="http://purl.org/dc/terms/" xmlns:rdf="http://www.w3.org/1999/02/22-rdf-syntax-ns#">
          <rdf:Description rdf:about="#COPASI0">
            <dcterms:created>
              <rdf:Description>
                <dcterms:W3CDTF>2014-11-03T13:44:19Z</dcterms:W3CDTF>
              </rdf:Description>
            </dcterms:created>
          </rdf:Description>
        </rdf:RDF>
      </COPASI>
	<rdf:RDF xmlns:rdf="http://www.w3.org/1999/02/22-rdf-syntax-ns#" xmlns:dc="http://purl.org/dc/elements/1.1/" xmlns:vCard="http://www.w3.org/2001/vcard-rdf/3.0#" xmlns:dcterms="http://purl.org/dc/terms/" xmlns:bqmodel="http://biomodels.net/model-qualifiers/" xmlns:bqbiol="http://biomodels.net/biology-qualifiers/">
        <rdf:Description rdf:about="#COPASI0">
	<dc:creator>
	<rdf:Bag>
	<rdf:li rdf:parseType="Resource">
	<vCard:N rdf:parseType="Resource">
	<vCard:Family>Lloret i Villas</vCard:Family>
	<vCard:Given>Audald</vCard:Given>
	</vCard:N>
	<vCard:EMAIL>lloret@ebi.ac.uk</vCard:EMAIL>
	<vCard:ORG rdf:parseType="Resource">
	<vCard:Orgname>EMBL-EBI</vCard:Orgname>
	</vCard:ORG>
	</rdf:li>
	</rdf:Bag>
	</dc:creator>
	<dcterms:created rdf:parseType="Resource">
	<dcterms:W3CDTF>2014-11-10T14:26:52Z</dcterms:W3CDTF>
	</dcterms:created>
	<dcterms:modified rdf:parseType="Resource">
	<dcterms:W3CDTF>2016-04-08T17:42:51Z</dcterms:W3CDTF>
	</dcterms:modified>
	<bqmodel:is>
	<rdf:Bag>
	<rdf:li rdf:resource="http://identifiers.org/biomodels.db/MODEL1411100000"/>
	</rdf:Bag>
	</bqmodel:is>
	<bqmodel:is>
	<rdf:Bag>
	<rdf:li rdf:resource="http://identifiers.org/biomodels.db/BIOMD0000000555"/>
	</rdf:Bag>
	</bqmodel:is>
	<bqmodel:isDescribedBy>
	<rdf:Bag>
	<rdf:li rdf:resource="http://identifiers.org/pubmed/20602358"/>
	</rdf:Bag>
	</bqmodel:isDescribedBy>
	<bqbiol:hasTaxon>
	<rdf:Bag>
	<rdf:li rdf:resource="http://identifiers.org/taxonomy/9606"/>
	</rdf:Bag>
	</bqbiol:hasTaxon>
	<bqbiol:isVersionOf>
	<rdf:Bag>
	<rdf:li rdf:resource="http://identifiers.org/go/GO:1990000"/>
	</rdf:Bag>
	</bqbiol:isVersionOf>
	<bqbiol:hasProperty>
	<rdf:Bag>
	<rdf:li rdf:resource="http://identifiers.org/doid/DOID:10652"/>
	<rdf:li rdf:resource="http://identifiers.org/doid/DOID:14330"/>
	</rdf:Bag>
	</bqbiol:hasProperty>
	</rdf:Description>
	
	</rdf:RDF>
	</annotation>
      <listOfUnitDefinitions>
      <unitDefinition id="volume" metaid="fc2202ec-06eb-481b-b3aa-288692ea3109" name="volume">
        <listOfUnits>
          <unit exponent="1" kind="litre" metaid="_160c2d32-2fbf-4ed6-aa09-ea19823d174a" multiplier="1" scale="-3"/>
        </listOfUnits>
      </unitDefinition>
      <unitDefinition id="time" metaid="_136ae581-7c41-4381-b137-63cf57ef3f41" name="time">
        <listOfUnits>
          <unit exponent="1" kind="second" metaid="f1f0de44-7894-45f1-ab0a-20b41aea83ad" multiplier="3600" scale="0"/>
        </listOfUnits>
      </unitDefinition>
      <unitDefinition id="substance" metaid="_808c760d-c216-47ae-ae7c-747c26e65acc" name="substance">
        <listOfUnits>
          <unit exponent="1" kind="mole" metaid="_2ea098b1-6fe1-45a5-9138-746574b367c7" multiplier="1" scale="-3"/>
        </listOfUnits>
      </unitDefinition>
    </listOfUnitDefinitions>
    <listOfCompartments>
      <compartment constant="true" id="Brain" metaid="_5637168c-89e2-40b9-8df8-6a642bd62ee9" name="Brain" size="1" spatialDimensions="3">
        <annotation>
	<rdf:RDF xmlns:rdf="http://www.w3.org/1999/02/22-rdf-syntax-ns#" xmlns:bqbiol="http://biomodels.net/biology-qualifiers/">
            <rdf:Description rdf:about="#_5637168c-89e2-40b9-8df8-6a642bd62ee9">
	<bqbiol:is>
	<rdf:Bag>
	<rdf:li rdf:resource="http://identifiers.org/bto/BTO:0000142"/>
	</rdf:Bag>
	</bqbiol:is>
	</rdf:Description>
	
	</rdf:RDF>
	</annotation>
            </compartment>
    </listOfCompartments>
    <listOfSpecies>
      <species boundaryCondition="true" compartment="Brain" constant="false" hasOnlySubstanceUnits="false" id="Amyloid" initialConcentration="0" metaid="COPASI1" name="Amyloid">
        <notes>
          <body xmlns="http://www.w3.org/1999/xhtml">
            <pre>Amyloid fibrils or other aggregates</pre>
          </body>
        </notes>
        <annotation>
          <COPASI xmlns="http://www.copasi.org/static/sbml">
            <rdf:RDF xmlns:dcterms="http://purl.org/dc/terms/" xmlns:rdf="http://www.w3.org/1999/02/22-rdf-syntax-ns#">
              <rdf:Description rdf:about="#COPASI1">
                <dcterms:created>
                  <rdf:Description>
                    <dcterms:W3CDTF>2014-11-03T13:44:51Z</dcterms:W3CDTF>
                  </rdf:Description>
                </dcterms:created>
              </rdf:Description>
            </rdf:RDF>
          </COPASI>
	<rdf:RDF xmlns:rdf="http://www.w3.org/1999/02/22-rdf-syntax-ns#" xmlns:bqbiol="http://biomodels.net/biology-qualifiers/">
            <rdf:Description rdf:about="#COPASI1">
              <bqbiol:isVersionOf>
	<rdf:Bag>
	<rdf:li rdf:resource="http://identifiers.org/chebi/CHEBI:60425"/>
	</rdf:Bag>
	</bqbiol:isVersionOf>
	
	<bqbiol:hasProperty>
	<rdf:Bag>
	<rdf:li rdf:resource="http://identifiers.org/pato/PATO:0001629"/>
	</rdf:Bag>
	</bqbiol:hasProperty>
	</rdf:Description>
	
	</rdf:RDF>
	</annotation>
            </species>
    </listOfSpecies>
    <listOfParameters>
      <parameter constant="true" id="omega" metaid="COPASI2" name="omega" value="35.3">
        <annotation>
          <COPASI xmlns="http://www.copasi.org/static/sbml">
            <rdf:RDF xmlns:dcterms="http://purl.org/dc/terms/" xmlns:rdf="http://www.w3.org/1999/02/22-rdf-syntax-ns#">
              <rdf:Description rdf:about="#COPASI2">
                <dcterms:created>
                  <rdf:Description>
                    <dcterms:W3CDTF>2014-11-07T15:19:52Z</dcterms:W3CDTF>
                  </rdf:Description>
                </dcterms:created>
              </rdf:Description>
            </rdf:RDF>
          </COPASI>
        </annotation>
            </parameter>
      <parameter constant="true" id="n" metaid="COPASI3" name="n" value="7.2">
        <annotation>
          <COPASI xmlns="http://www.copasi.org/static/sbml">
            <rdf:RDF xmlns:dcterms="http://purl.org/dc/terms/" xmlns:rdf="http://www.w3.org/1999/02/22-rdf-syntax-ns#">
              <rdf:Description rdf:about="#COPASI3">
                <dcterms:created>
                  <rdf:Description>
                    <dcterms:W3CDTF>2014-11-07T15:17:28Z</dcterms:W3CDTF>
                  </rdf:Description>
                </dcterms:created>
              </rdf:Description>
            </rdf:RDF>
          </COPASI>
        </annotation>
            </parameter>
      <parameter constant="false" id="a" metaid="COPASI4" name="a" value="2.04338357605325">
        <annotation>
          <COPASI xmlns="http://www.copasi.org/static/sbml">
            <rdf:RDF xmlns:dcterms="http://purl.org/dc/terms/" xmlns:rdf="http://www.w3.org/1999/02/22-rdf-syntax-ns#">
              <rdf:Description rdf:about="#COPASI4">
                <dcterms:created>
                  <rdf:Description>
                    <dcterms:W3CDTF>2014-11-07T15:16:33Z</dcterms:W3CDTF>
                  </rdf:Description>
                </dcterms:created>
              </rdf:Description>
            </rdf:RDF>
          </COPASI>
        </annotation>
            </parameter>
      <parameter constant="true" id="e" metaid="cf6a4a44-bd75-4151-a17f-dea58061e2d5" name="e" value="2.718"/>
      <parameter constant="true" id="k" metaid="COPASI5" name="k" value="0.205">
        <annotation>
          <COPASI xmlns="http://www.copasi.org/static/sbml">
            <rdf:RDF xmlns:dcterms="http://purl.org/dc/terms/" xmlns:rdf="http://www.w3.org/1999/02/22-rdf-syntax-ns#">
              <rdf:Description rdf:about="#COPASI5">
                <dcterms:created>
                  <rdf:Description>
                    <dcterms:W3CDTF>2014-11-10T10:37:31Z</dcterms:W3CDTF>
                  </rdf:Description>
                </dcterms:created>
              </rdf:Description>
            </rdf:RDF>
          </COPASI>
        </annotation>
            </parameter>
      <parameter constant="false" id="ka" metaid="COPASI6" name="ka" value="0.0754231052244297">
        <annotation>
          <COPASI xmlns="http://www.copasi.org/static/sbml">
            <rdf:RDF xmlns:dcterms="http://purl.org/dc/terms/" xmlns:rdf="http://www.w3.org/1999/02/22-rdf-syntax-ns#">
              <rdf:Description rdf:about="#COPASI6">
                <dcterms:created>
                  <rdf:Description>
                    <dcterms:W3CDTF>2014-11-10T10:40:39Z</dcterms:W3CDTF>
                  </rdf:Description>
                </dcterms:created>
              </rdf:Description>
            </rdf:RDF>
          </COPASI>
        </annotation>
            </parameter>
      <parameter constant="true" id="C" metaid="COPASI7" name="C+" value="0.00069">
        <annotation>
          <COPASI xmlns="http://www.copasi.org/static/sbml">
            <rdf:RDF xmlns:dcterms="http://purl.org/dc/terms/" xmlns:rdf="http://www.w3.org/1999/02/22-rdf-syntax-ns#">
              <rdf:Description rdf:about="#COPASI7">
                <dcterms:created>
                  <rdf:Description>
                    <dcterms:W3CDTF>2014-11-10T10:38:10Z</dcterms:W3CDTF>
                  </rdf:Description>
                </dcterms:created>
              </rdf:Description>
            </rdf:RDF>
          </COPASI>
        </annotation>
            </parameter>
      <parameter constant="false" id="t1" metaid="COPASI8" name="t1" value="27.1259461481608">
        <annotation>
          <COPASI xmlns="http://www.copasi.org/static/sbml">
            <rdf:RDF xmlns:dcterms="http://purl.org/dc/terms/" xmlns:rdf="http://www.w3.org/1999/02/22-rdf-syntax-ns#">
              <rdf:Description rdf:about="#COPASI8">
                <dcterms:created>
                  <rdf:Description>
                    <dcterms:W3CDTF>2014-11-10T10:38:39Z</dcterms:W3CDTF>
                  </rdf:Description>
                </dcterms:created>
              </rdf:Description>
            </rdf:RDF>
          </COPASI>
        </annotation>
            </parameter>
    </listOfParameters>
    <listOfRules>
      <assignmentRule metaid="d597e7c5-0129-45c6-9095-9ab813b66ec2" variable="Amyloid">
        <math xmlns="http://www.w3.org/1998/Math/MathML">        
          <apply>
            <minus/>
            <cn> 1 </cn>
            <apply>
              <exp/>
              <apply>
                <minus/>
                <apply>
                  <power/>
                  <apply>
                    <divide/>
                    <csymbol encoding="text" definitionURL="http://www.sbml.org/sbml/symbols/time"> time </csymbol>
                    <ci> omega </ci>
                  </apply>
                  <ci> n </ci>
                </apply>
              </apply>
            </apply>
          </apply>
        </math>
            </assignmentRule>
      <assignmentRule metaid="ae1c4267-7d41-46e5-8fe6-e9c177cd5ce4" variable="a">
        <math xmlns="http://www.w3.org/1998/Math/MathML">        
          <apply>
            <minus/>
            <apply>
              <times/>
              <ci> n </ci>
              <apply>
                <exp/>
                <apply>
                  <divide/>
                  <apply>
                    <minus/>
                    <apply>
                      <minus/>
                      <ci> n </ci>
                      <cn> 1 </cn>
                    </apply>
                  </apply>
                  <ci> n </ci>
                </apply>
              </apply>
            </apply>
            <cn> 1 </cn>
          </apply>
        </math>
            </assignmentRule>
      <assignmentRule metaid="cc2ce8bc-d7cd-467b-9dfa-dc96ba778f75" variable="ka">
        <math xmlns="http://www.w3.org/1998/Math/MathML">        
          <apply>
            <divide/>
            <ci> k </ci>
            <ci> e </ci>
          </apply>
        </math>
            </assignmentRule>
      <assignmentRule metaid="_10887d93-f93f-4e50-aee3-9142431bdc11" variable="t1">
        <math xmlns="http://www.w3.org/1998/Math/MathML">        
          <apply>
            <times/>
            <apply>
              <plus/>
              <apply>
                <minus/>
                <apply>
                  <ln/>
                  <apply>
                    <divide/>
                    <cn> 1 </cn>
                    <ci> C </ci>
                  </apply>
                </apply>
                <ci> e </ci>
              </apply>
              <cn> 1 </cn>
            </apply>
            <apply>
              <divide/>
              <cn> 1 </cn>
              <ci> k </ci>
            </apply>
          </apply>
        </math>
            </assignmentRule>
    </listOfRules>
  </model>
</sbml>