<?xml version='1.0' encoding='UTF-8' standalone='no'?>
<sbml xmlns="http://www.sbml.org/sbml/level2/version4" level="2" metaid="_290f8f8c-2c41-4964-a6a4-0af6af59d303" version="4">
  <model id="Wodarz2007_CTL_inflation_Model_A" metaid="COPASI0" name="Wodarz2007 - Basic Model of Cytomegalovirus Infection">
    <notes>
      <body xmlns="http://www.w3.org/1999/xhtml">
        <p>This a model from the article:      <br/>
        <strong>Dynamics of killer T cell inflation in viral infections.</strong>
        <br/>
          Wodarz D, Sierro S, Klenerman P.      <em>J R Soc Interface</em>
          2007 Jun 22;4(14):533-43      <a href="http://www.ncbi.nlm.nih.gov/pubmed/17251133">17251133</a>
          ,      <br/>
        <strong>Abstract:</strong>
        <br/>
          Upon acute viral infection, a typical cytotoxic T lymphocyte (CTL) response is
characterized by a phase of expansion and contraction after which it settles at
a relatively stable memory level. Recently, experimental data from mice infected
with murine cytomegalovirus (MCMV) showed different and unusual dynamics. After
acute infection had resolved, some antigen specific CTL started to expand over
time despite the fact that no replicative virus was detectable. This phenomenon
has been termed as "CTL memory inflation". In order to examine the dynamics of
this system further, we developed a mathematical model analysing the impact of
innate and adaptive immune responses. According to this model, a potentially
important contributor to CTL inflation is competition between the specific CTL
response and an innate natural killer (NK) cell response. Inflation occurs most
readily if the NK cell response is more efficient than the CTL at reducing virus
load during acute infection, but thereafter maintains a chronic virus load which
is sufficient to induce CTL proliferation. The model further suggests that
weaker NK cell mediated protection can correlate with more pronounced CTL
inflation dynamics over time. We present experimental data from mice infected
with MCMV which are consistent with the theoretical predictions. This model
provides valuable information and may help to explain the inflation of CMV
specific CD8+T cells seen in humans as they age.      </p>
        <p>This model was taken from the      <a href="http://www.cellml.org/models">CellML repository</a>
          and automatically converted to SBML.      <br/>
          The original model was:      <a href="http://models.cellml.org/exposure/61368ae57b0bdf4cfbcc0701fd3a35c2">
          <strong>Wodarz D, Sierro S, Klenerman P. (2007) - version=1.0</strong>
        </a>
        <br/>
          The original CellML model was created by:      <br/>
        <strong>Catherine Lloyd</strong>
        <br/>
          c.lloyd@auckland.ac.nz      <br/>
          The University of Auckland      <br/></p>
        <p>This model originates from BioModels Database: A Database of Annotated Published Models (http://www.ebi.ac.uk/biomodels/). It is copyright (c) 2005-2011 The BioModels.net Team.      <br/>
          To the extent possible under law, all copyright and related or neighbouring rights to this encoded model have been dedicated to the public domain worldwide. Please refer to      <a href="http://creativecommons.org/publicdomain/zero/1.0/" title="Creative Commons CC0">CC0 Public Domain Dedication</a>
          for more information.      </p>
        <p>In summary, you are entitled to use this encoded model in absolutely any manner you deem suitable, verbatim, or with modification, alone or embedded it in a larger context, redistribute it, commercially or not, in a restricted way or not..      <br/>
        <br/>
          To cite BioModels Database, please use:      <a href="http://www.ncbi.nlm.nih.gov/pubmed/20587024" target="_blank">Li C, Donizelli M, Rodriguez N, Dharuri H, Endler L, Chelliah V, Li L, He E, Henry A, Stefan MI, Snoep JL, Hucka M, Le Novère N, Laibe C (2010) BioModels Database: An enhanced, curated and annotated resource for published quantitative kinetic models. BMC Syst Biol., 4:92.</a>
      </p>
    </body>
  </notes>
    <annotation>
    <rdf:RDF xmlns:rdf="http://www.w3.org/1999/02/22-rdf-syntax-ns#" xmlns:dc="http://purl.org/dc/elements/1.1/" xmlns:dcterms="http://purl.org/dc/terms/" xmlns:vCard="http://www.w3.org/2001/vcard-rdf/3.0#" xmlns:bqbiol="http://biomodels.net/biology-qualifiers/" xmlns:bqmodel="http://biomodels.net/model-qualifiers/">
        <rdf:Description rdf:about="#COPASI0">
	<dc:creator>
	<rdf:Bag>
	<rdf:li rdf:parseType="Resource">
	<vCard:N rdf:parseType="Resource">
	<vCard:Family>Roberts</vCard:Family>
	<vCard:Given>Matthew Grant</vCard:Given>
	</vCard:N>
	<vCard:EMAIL>mroberts@embl.ac.uk</vCard:EMAIL>
	<vCard:ORG rdf:parseType="Resource">
	<vCard:Orgname>EMBL-EBI</vCard:Orgname>
	</vCard:ORG>
	</rdf:li>
	<rdf:li rdf:parseType="Resource">
	<vCard:N rdf:parseType="Resource">
	<vCard:Family>Lloyd</vCard:Family>
	<vCard:Given>Catherine</vCard:Given>
	</vCard:N>
	<vCard:EMAIL>c.lloyd@auckland.ac.nz</vCard:EMAIL>
	<vCard:ORG rdf:parseType="Resource">
	<vCard:Orgname>University of Auckland</vCard:Orgname>
	</vCard:ORG>
	</rdf:li>
	</rdf:Bag>
	</dc:creator>
	<dcterms:created rdf:parseType="Resource">
	<dcterms:W3CDTF>2010-06-25T13:41:46Z</dcterms:W3CDTF>
	</dcterms:created>
	<dcterms:modified rdf:parseType="Resource">
	<dcterms:W3CDTF>2018-03-09T16:21:04Z</dcterms:W3CDTF>
	</dcterms:modified>
	<dcterms:modified rdf:parseType="Resource">
	<dcterms:W3CDTF>2018-03-09T16:21:04Z</dcterms:W3CDTF>
	</dcterms:modified>
	<bqmodel:is>
	<rdf:Bag>
	<rdf:li rdf:resource="http://identifiers.org/biomodels.db/MODEL1006230086"/>
	</rdf:Bag>
	</bqmodel:is>
	<bqmodel:isDescribedBy>
	<rdf:Bag>
	<rdf:li rdf:resource="http://identifiers.org/pubmed/17251133"/>
	</rdf:Bag>
	</bqmodel:isDescribedBy>
	<bqmodel:is>
	<rdf:Bag>
	<rdf:li rdf:resource="http://identifiers.org/biomodels.db/BIOMD0000000686"/>
	</rdf:Bag>
	</bqmodel:is>
	<bqbiol:isVersionOf>
	<rdf:Bag>
	<rdf:li rdf:resource="http://identifiers.org/go/GO:0009615"/>
	</rdf:Bag>
	</bqbiol:isVersionOf>
	<bqbiol:occursIn>
	<rdf:Bag>
	<rdf:li rdf:resource="http://identifiers.org/bto/BTO:0000289"/>
	</rdf:Bag>
	</bqbiol:occursIn>
	<bqbiol:hasTaxon>
	<rdf:Bag>
	<rdf:li rdf:resource="http://identifiers.org/taxonomy/10088"/>
	</rdf:Bag>
	</bqbiol:hasTaxon>
	<bqbiol:isDescribedBy>
	<rdf:Bag>
	<rdf:li rdf:resource="http://identifiers.org/pubmed/17251133"/>
	</rdf:Bag>
	</bqbiol:isDescribedBy>
	</rdf:Description>
	
	
	
	
	
	
    </rdf:RDF>
    <COPASI xmlns="http://www.copasi.org/static/sbml">
      <rdf:RDF xmlns:rdf="http://www.w3.org/1999/02/22-rdf-syntax-ns#" xmlns:CopasiMT="http://www.copasi.org/RDF/MiriamTerms#" xmlns:bqbiol="http://biomodels.net/biology-qualifiers/" xmlns:dcterms="http://purl.org/dc/terms/" xmlns:vCard="http://www.w3.org/2001/vcard-rdf/3.0#">
        <rdf:Description rdf:about="#COPASI0">
          <bqbiol:hasTaxon>
            <rdf:Bag>
              <rdf:li rdf:resource="http://identifiers.org/taxonomy/10088"/>
            </rdf:Bag>
          </bqbiol:hasTaxon>
          <dcterms:bibliographicCitation>
            <rdf:Bag>
              <rdf:li>
                <rdf:Description>
                  <CopasiMT:isDescribedBy rdf:resource="http://identifiers.org/pubmed/17251133"/>
                </rdf:Description>
              </rdf:li>
            </rdf:Bag>
          </dcterms:bibliographicCitation>
          <dcterms:created>
            <rdf:Description>
              <dcterms:W3CDTF>2010-06-25T13:41:46Z</dcterms:W3CDTF>
            </rdf:Description>
          </dcterms:created>
          <dcterms:creator>
            <rdf:Description>
              <vCard:EMAIL>mroberts@embl.ac.uk</vCard:EMAIL>
              <vCard:N>
                <rdf:Description>
                  <vCard:Family>Roberts</vCard:Family>
                  <vCard:Given>Matthew Grant</vCard:Given>
                </rdf:Description>
              </vCard:N>
              <vCard:ORG>
                <rdf:Description>
                  <vCard:Orgname>EMBL-EBI</vCard:Orgname>
                </rdf:Description>
              </vCard:ORG>
            </rdf:Description>
          </dcterms:creator>
          <dcterms:creator>
            <rdf:Bag>
              <rdf:li>
                <rdf:Description>
                  <vCard:EMAIL>c.lloyd@auckland.ac.nz</vCard:EMAIL>
                  <vCard:N>
                    <rdf:Description>
                      <vCard:Family>Lloyd</vCard:Family>
                      <vCard:Given>Catherine</vCard:Given>
                    </rdf:Description>
                  </vCard:N>
                  <vCard:ORG>
                    <rdf:Description>
                      <vCard:Orgname>University of Auckland</vCard:Orgname>
                    </rdf:Description>
                  </vCard:ORG>
                </rdf:Description>
              </rdf:li>
            </rdf:Bag>
          </dcterms:creator>
          <dcterms:modified>
            <rdf:Description>
              <dcterms:W3CDTF>2010-06-25T13:41:46Z</dcterms:W3CDTF>
            </rdf:Description>
          </dcterms:modified>
          <CopasiMT:is>
            <rdf:Bag>
              <rdf:li rdf:resource="http://identifiers.org/biomodels.db/MODEL1006230086"/>
            </rdf:Bag>
          </CopasiMT:is>
          <CopasiMT:isVersionOf>
            <rdf:Bag>
              <rdf:li rdf:resource="http://identifiers.org/go/GO:0009615"/>
            </rdf:Bag>
          </CopasiMT:isVersionOf>
          <CopasiMT:occursIn>
            <rdf:Bag>
              <rdf:li rdf:resource="http://identifiers.org/bto/BTO:0000289"/>
            </rdf:Bag>
          </CopasiMT:occursIn>
        </rdf:Description>
      </rdf:RDF>
    </COPASI>
  </annotation>
      <listOfUnitDefinitions>
      <unitDefinition id="time" metaid="_8247db49-518c-49ae-bd96-a95b9eb6bbed" name="time">
        <listOfUnits>
          <unit exponent="1" kind="second" metaid="_6d79b0f2-7e50-4661-b7bd-785c807504c6" multiplier="3600" scale="0"/>
        </listOfUnits>
      </unitDefinition>
      <unitDefinition id="unit_0" metaid="_6ccc5980-1db2-4478-8bd9-38733b8554a0" name="1">
        <listOfUnits>
          <unit exponent="0" kind="dimensionless" metaid="_466ea334-d000-40b5-9041-ba3308f82483" multiplier="1" scale="0"/>
        </listOfUnits>
      </unitDefinition>
      <unitDefinition id="unit_1" metaid="_1dc2bd22-926e-4735-830a-6374d0253c78" name="1/(0.277778*ms)">
        <listOfUnits>
          <unit exponent="-1" kind="second" metaid="_5dacf2ee-5843-4406-a341-67c950bacae8" multiplier="0.277778" scale="-3"/>
        </listOfUnits>
      </unitDefinition>
    </listOfUnitDefinitions>
    <listOfCompartments>
      <compartment constant="true" id="COMpartment" metaid="COPASI1" name="Mouse" size="1" spatialDimensions="3">
        <annotation>
        <COPASI xmlns="http://www.copasi.org/static/sbml">
          <rdf:RDF xmlns:rdf="http://www.w3.org/1999/02/22-rdf-syntax-ns#" xmlns:dcterms="http://purl.org/dc/terms/">
            <rdf:Description rdf:about="#COPASI1">
              <dcterms:created>
                <rdf:Description>
                  <dcterms:W3CDTF>2018-03-09T17:13:30Z</dcterms:W3CDTF>
                </rdf:Description>
              </dcterms:created>
            </rdf:Description>
          </rdf:RDF>
        </COPASI>
      </annotation>
            </compartment>
    </listOfCompartments>
    <listOfParameters>
      <parameter constant="false" id="x" metaid="COPASI2" name="x" units="unit_0" value="1">
        <annotation>
        <rdf:RDF xmlns:rdf="http://www.w3.org/1999/02/22-rdf-syntax-ns#" xmlns:dc="http://purl.org/dc/elements/1.1/" xmlns:dcterms="http://purl.org/dc/terms/" xmlns:vCard="http://www.w3.org/2001/vcard-rdf/3.0#" xmlns:bqbiol="http://biomodels.net/biology-qualifiers/" xmlns:bqmodel="http://biomodels.net/model-qualifiers/">
            <rdf:Description rdf:about="#COPASI2">
              <bqbiol:isVersionOf>
	<rdf:Bag>
	<rdf:li rdf:resource="http://identifiers.org/go/GO:0005623"/>
	</rdf:Bag>
	</bqbiol:isVersionOf>
	<bqbiol:isVersionOf>
	<rdf:Bag>
	<rdf:li rdf:resource="http://identifiers.org/cl/CL:0000000"/>
	</rdf:Bag>
	</bqbiol:isVersionOf>
	
	<bqbiol:hasProperty>
	<rdf:Bag>
	<rdf:li rdf:resource="http://identifiers.org/ncit/C16505"/>
	</rdf:Bag>
	</bqbiol:hasProperty>
	</rdf:Description>
	
	
	
	
	
	
        </rdf:RDF>
        <COPASI xmlns="http://www.copasi.org/static/sbml">
          <rdf:RDF xmlns:rdf="http://www.w3.org/1999/02/22-rdf-syntax-ns#" xmlns:CopasiMT="http://www.copasi.org/RDF/MiriamTerms#" xmlns:bqbiol="http://biomodels.net/biology-qualifiers/" xmlns:dcterms="http://purl.org/dc/terms/">
            <rdf:Description rdf:about="#COPASI2">
              <bqbiol:hasProperty rdf:resource="urn:miriam:ncit:C16505"/>
              <dcterms:created>
                <rdf:Description>
                  <dcterms:W3CDTF>2018-03-09T17:23:03Z</dcterms:W3CDTF>
                </rdf:Description>
              </dcterms:created>
              <CopasiMT:isVersionOf rdf:resource="urn:miriam:cl:CL:0000000"/>
              <CopasiMT:isVersionOf rdf:resource="urn:miriam:go:GO:0005623"/>
            </rdf:Description>
          </rdf:RDF>
        </COPASI>
      </annotation>
            </parameter>
      <parameter constant="false" id="y0" metaid="COPASI3" name="y0" units="unit_0" value="0">
        <annotation>
        <rdf:RDF xmlns:rdf="http://www.w3.org/1999/02/22-rdf-syntax-ns#" xmlns:dc="http://purl.org/dc/elements/1.1/" xmlns:dcterms="http://purl.org/dc/terms/" xmlns:vCard="http://www.w3.org/2001/vcard-rdf/3.0#" xmlns:bqbiol="http://biomodels.net/biology-qualifiers/" xmlns:bqmodel="http://biomodels.net/model-qualifiers/">
            <rdf:Description rdf:about="#COPASI3">
              <bqbiol:hasPart>
	<rdf:Bag>
	<rdf:li rdf:resource="http://identifiers.org/efo/0001062"/>
	</rdf:Bag>
	</bqbiol:hasPart>
	
	<bqbiol:isVersionOf>
	<rdf:Bag>
	<rdf:li rdf:resource="http://identifiers.org/bto/BTO:0000152"/>
	</rdf:Bag>
	</bqbiol:isVersionOf>
	</rdf:Description>
	
	
	
	
	
	
        </rdf:RDF>
        <COPASI xmlns="http://www.copasi.org/static/sbml">
          <rdf:RDF xmlns:rdf="http://www.w3.org/1999/02/22-rdf-syntax-ns#" xmlns:CopasiMT="http://www.copasi.org/RDF/MiriamTerms#" xmlns:dcterms="http://purl.org/dc/terms/">
            <rdf:Description rdf:about="#COPASI3">
              <dcterms:created>
                <rdf:Description>
                  <dcterms:W3CDTF>2018-03-09T17:23:44Z</dcterms:W3CDTF>
                </rdf:Description>
              </dcterms:created>
              <CopasiMT:hasPart rdf:resource="urn:miriam:efo:0001062"/>
              <CopasiMT:isVersionOf rdf:resource="urn:miriam:bto:BTO:0000152"/>
            </rdf:Description>
          </rdf:RDF>
        </COPASI>
      </annotation>
            </parameter>
      <parameter constant="false" id="y1" metaid="COPASI4" name="y1" units="unit_0" value="0">
        <annotation>
        <rdf:RDF xmlns:rdf="http://www.w3.org/1999/02/22-rdf-syntax-ns#" xmlns:dc="http://purl.org/dc/elements/1.1/" xmlns:dcterms="http://purl.org/dc/terms/" xmlns:vCard="http://www.w3.org/2001/vcard-rdf/3.0#" xmlns:bqbiol="http://biomodels.net/biology-qualifiers/" xmlns:bqmodel="http://biomodels.net/model-qualifiers/">
            <rdf:Description rdf:about="#COPASI4">
              <bqbiol:hasPart>
	<rdf:Bag>
	<rdf:li rdf:resource="http://identifiers.org/efo/0001062"/>
	</rdf:Bag>
	</bqbiol:hasPart>
	
	<bqbiol:isVersionOf>
	<rdf:Bag>
	<rdf:li rdf:resource="http://identifiers.org/bto/BTO:0000152"/>
	</rdf:Bag>
	</bqbiol:isVersionOf>
	</rdf:Description>
	
	
	
	
	
	
        </rdf:RDF>
        <COPASI xmlns="http://www.copasi.org/static/sbml">
          <rdf:RDF xmlns:rdf="http://www.w3.org/1999/02/22-rdf-syntax-ns#" xmlns:CopasiMT="http://www.copasi.org/RDF/MiriamTerms#" xmlns:dcterms="http://purl.org/dc/terms/">
            <rdf:Description rdf:about="#COPASI4">
              <dcterms:created>
                <rdf:Description>
                  <dcterms:W3CDTF>2018-03-09T17:24:04Z</dcterms:W3CDTF>
                </rdf:Description>
              </dcterms:created>
              <CopasiMT:hasPart rdf:resource="urn:miriam:efo:0001062"/>
              <CopasiMT:isVersionOf rdf:resource="urn:miriam:bto:BTO:0000152"/>
            </rdf:Description>
          </rdf:RDF>
        </COPASI>
      </annotation>
            </parameter>
      <parameter constant="false" id="L" metaid="COPASI5" name="L" units="unit_0" value="0">
        <annotation>
        <rdf:RDF xmlns:rdf="http://www.w3.org/1999/02/22-rdf-syntax-ns#" xmlns:dc="http://purl.org/dc/elements/1.1/" xmlns:dcterms="http://purl.org/dc/terms/" xmlns:vCard="http://www.w3.org/2001/vcard-rdf/3.0#" xmlns:bqbiol="http://biomodels.net/biology-qualifiers/" xmlns:bqmodel="http://biomodels.net/model-qualifiers/">
            <rdf:Description rdf:about="#COPASI5">
              <bqbiol:hasPart>
	<rdf:Bag>
	<rdf:li rdf:resource="http://identifiers.org/efo/0001062"/>
	</rdf:Bag>
	</bqbiol:hasPart>
	
	<bqbiol:isVersionOf>
	<rdf:Bag>
	<rdf:li rdf:resource="http://identifiers.org/bto/BTO:0000152"/>
	</rdf:Bag>
	</bqbiol:isVersionOf>
	</rdf:Description>
	
	
	
	
	
	
        </rdf:RDF>
        <COPASI xmlns="http://www.copasi.org/static/sbml">
          <rdf:RDF xmlns:rdf="http://www.w3.org/1999/02/22-rdf-syntax-ns#" xmlns:CopasiMT="http://www.copasi.org/RDF/MiriamTerms#" xmlns:dcterms="http://purl.org/dc/terms/">
            <rdf:Description rdf:about="#COPASI5">
              <dcterms:created>
                <rdf:Description>
                  <dcterms:W3CDTF>2018-03-09T17:20:51Z</dcterms:W3CDTF>
                </rdf:Description>
              </dcterms:created>
              <CopasiMT:hasPart rdf:resource="urn:miriam:efo:0001062"/>
              <CopasiMT:isVersionOf rdf:resource="urn:miriam:bto:BTO:0000152"/>
            </rdf:Description>
          </rdf:RDF>
        </COPASI>
      </annotation>
            </parameter>
      <parameter constant="false" id="v" metaid="COPASI6" name="v" units="unit_0" value="1">
        <annotation>
        <rdf:RDF xmlns:rdf="http://www.w3.org/1999/02/22-rdf-syntax-ns#" xmlns:dc="http://purl.org/dc/elements/1.1/" xmlns:dcterms="http://purl.org/dc/terms/" xmlns:vCard="http://www.w3.org/2001/vcard-rdf/3.0#" xmlns:bqbiol="http://biomodels.net/biology-qualifiers/" xmlns:bqmodel="http://biomodels.net/model-qualifiers/">
            <rdf:Description rdf:about="#COPASI6">
              <bqbiol:isVersionOf>
	<rdf:Bag>
	<rdf:li rdf:resource="http://identifiers.org/go/GO:0019012"/>
	</rdf:Bag>
	</bqbiol:isVersionOf>
	
	<bqbiol:isVersionOf>
	<rdf:Bag>
	<rdf:li rdf:resource="http://identifiers.org/efo/0001062"/>
	</rdf:Bag>
	</bqbiol:isVersionOf>
	</rdf:Description>
	
	
	
	
	
	
        </rdf:RDF>
        <COPASI xmlns="http://www.copasi.org/static/sbml">
          <rdf:RDF xmlns:rdf="http://www.w3.org/1999/02/22-rdf-syntax-ns#" xmlns:CopasiMT="http://www.copasi.org/RDF/MiriamTerms#" xmlns:dcterms="http://purl.org/dc/terms/">
            <rdf:Description rdf:about="#COPASI6">
              <dcterms:created>
                <rdf:Description>
                  <dcterms:W3CDTF>2018-03-09T17:22:44Z</dcterms:W3CDTF>
                </rdf:Description>
              </dcterms:created>
              <CopasiMT:isVersionOf rdf:resource="urn:miriam:efo:0001062"/>
              <CopasiMT:isVersionOf rdf:resource="urn:miriam:go:GO:0019012"/>
            </rdf:Description>
          </rdf:RDF>
        </COPASI>
      </annotation>
            </parameter>
      <parameter constant="false" id="R0" metaid="COPASI7" name="R0" units="unit_0" value="15.9090909090909">
        <annotation>
        <COPASI xmlns="http://www.copasi.org/static/sbml">
          <rdf:RDF xmlns:rdf="http://www.w3.org/1999/02/22-rdf-syntax-ns#" xmlns:dcterms="http://purl.org/dc/terms/">
            <rdf:Description rdf:about="#COPASI7">
              <dcterms:created>
                <rdf:Description>
                  <dcterms:W3CDTF>2018-03-09T17:22:25Z</dcterms:W3CDTF>
                </rdf:Description>
              </dcterms:created>
            </rdf:Description>
          </rdf:RDF>
        </COPASI>
      </annotation>
            </parameter>
      <parameter constant="true" id="a0" metaid="COPASI8" name="a0" units="unit_1" value="0.1">
        <annotation>
        <rdf:RDF xmlns:rdf="http://www.w3.org/1999/02/22-rdf-syntax-ns#" xmlns:dc="http://purl.org/dc/elements/1.1/" xmlns:dcterms="http://purl.org/dc/terms/" xmlns:vCard="http://www.w3.org/2001/vcard-rdf/3.0#" xmlns:bqbiol="http://biomodels.net/biology-qualifiers/" xmlns:bqmodel="http://biomodels.net/model-qualifiers/">
            <rdf:Description rdf:about="#COPASI8">
	<bqbiol:encodes>
	<rdf:Bag>
	<rdf:li rdf:resource="http://identifiers.org/go/GO:0008219"/>
	</rdf:Bag>
	</bqbiol:encodes>
	</rdf:Description>
	
	
	
	
	
	
        </rdf:RDF>
        <COPASI xmlns="http://www.copasi.org/static/sbml">
          <rdf:RDF xmlns:rdf="http://www.w3.org/1999/02/22-rdf-syntax-ns#" xmlns:CopasiMT="http://www.copasi.org/RDF/MiriamTerms#" xmlns:dcterms="http://purl.org/dc/terms/">
            <rdf:Description rdf:about="#COPASI8">
              <dcterms:created>
                <rdf:Description>
                  <dcterms:W3CDTF>2018-03-09T17:13:37Z</dcterms:W3CDTF>
                </rdf:Description>
              </dcterms:created>
              <CopasiMT:encodes rdf:resource="urn:miriam:go:GO:0008219"/>
            </rdf:Description>
          </rdf:RDF>
        </COPASI>
      </annotation>
            </parameter>
      <parameter constant="true" id="a1" metaid="COPASI9" name="a1" units="unit_1" value="0.2">
        <annotation>
        <rdf:RDF xmlns:rdf="http://www.w3.org/1999/02/22-rdf-syntax-ns#" xmlns:dc="http://purl.org/dc/elements/1.1/" xmlns:dcterms="http://purl.org/dc/terms/" xmlns:vCard="http://www.w3.org/2001/vcard-rdf/3.0#" xmlns:bqbiol="http://biomodels.net/biology-qualifiers/" xmlns:bqmodel="http://biomodels.net/model-qualifiers/">
            <rdf:Description rdf:about="#COPASI9">
	<bqbiol:encodes>
	<rdf:Bag>
	<rdf:li rdf:resource="http://identifiers.org/go/GO:0008219"/>
	</rdf:Bag>
	</bqbiol:encodes>
	</rdf:Description>
	
	
	
	
	
	
        </rdf:RDF>
        <COPASI xmlns="http://www.copasi.org/static/sbml">
          <rdf:RDF xmlns:rdf="http://www.w3.org/1999/02/22-rdf-syntax-ns#" xmlns:CopasiMT="http://www.copasi.org/RDF/MiriamTerms#" xmlns:dcterms="http://purl.org/dc/terms/">
            <rdf:Description rdf:about="#COPASI9">
              <dcterms:created>
                <rdf:Description>
                  <dcterms:W3CDTF>2018-03-09T17:14:28Z</dcterms:W3CDTF>
                </rdf:Description>
              </dcterms:created>
              <CopasiMT:encodes rdf:resource="urn:miriam:go:GO:0008219"/>
            </rdf:Description>
          </rdf:RDF>
        </COPASI>
      </annotation>
            </parameter>
      <parameter constant="true" id="k" metaid="COPASI10" name="k" units="unit_1" value="1">
        <annotation>
        <rdf:RDF xmlns:rdf="http://www.w3.org/1999/02/22-rdf-syntax-ns#" xmlns:dc="http://purl.org/dc/elements/1.1/" xmlns:dcterms="http://purl.org/dc/terms/" xmlns:vCard="http://www.w3.org/2001/vcard-rdf/3.0#" xmlns:bqbiol="http://biomodels.net/biology-qualifiers/" xmlns:bqmodel="http://biomodels.net/model-qualifiers/">
            <rdf:Description rdf:about="#COPASI10">
	<bqbiol:encodes>
	<rdf:Bag>
	<rdf:li rdf:resource="http://identifiers.org/sbo/SBO:0000393"/>
	</rdf:Bag>
	</bqbiol:encodes>
	</rdf:Description>
	
	
	
	
	
	
        </rdf:RDF>
        <COPASI xmlns="http://www.copasi.org/static/sbml">
          <rdf:RDF xmlns:rdf="http://www.w3.org/1999/02/22-rdf-syntax-ns#" xmlns:CopasiMT="http://www.copasi.org/RDF/MiriamTerms#" xmlns:dcterms="http://purl.org/dc/terms/">
            <rdf:Description rdf:about="#COPASI10">
              <dcterms:created>
                <rdf:Description>
                  <dcterms:W3CDTF>2018-03-09T17:20:22Z</dcterms:W3CDTF>
                </rdf:Description>
              </dcterms:created>
              <CopasiMT:encodes rdf:resource="urn:miriam:sbo:SBO:0000393"/>
            </rdf:Description>
          </rdf:RDF>
        </COPASI>
      </annotation>
            </parameter>
      <parameter constant="true" id="u" metaid="COPASI11" name="u" units="unit_1" value="1">
        <annotation>
        <rdf:RDF xmlns:rdf="http://www.w3.org/1999/02/22-rdf-syntax-ns#" xmlns:dc="http://purl.org/dc/elements/1.1/" xmlns:dcterms="http://purl.org/dc/terms/" xmlns:vCard="http://www.w3.org/2001/vcard-rdf/3.0#" xmlns:bqbiol="http://biomodels.net/biology-qualifiers/" xmlns:bqmodel="http://biomodels.net/model-qualifiers/">
            <rdf:Description rdf:about="#COPASI11">
	<bqbiol:encodes>
	<rdf:Bag>
	<rdf:li rdf:resource="http://identifiers.org/sbo/SBO:0000179"/>
	</rdf:Bag>
	</bqbiol:encodes>
	</rdf:Description>
	
	
	
	
	
	
        </rdf:RDF>
        <COPASI xmlns="http://www.copasi.org/static/sbml">
          <rdf:RDF xmlns:rdf="http://www.w3.org/1999/02/22-rdf-syntax-ns#" xmlns:CopasiMT="http://www.copasi.org/RDF/MiriamTerms#" xmlns:dcterms="http://purl.org/dc/terms/">
            <rdf:Description rdf:about="#COPASI11">
              <dcterms:created>
                <rdf:Description>
                  <dcterms:W3CDTF>2018-03-09T17:22:25Z</dcterms:W3CDTF>
                </rdf:Description>
              </dcterms:created>
              <CopasiMT:encodes rdf:resource="urn:miriam:sbo:SBO:0000179"/>
            </rdf:Description>
          </rdf:RDF>
        </COPASI>
      </annotation>
            </parameter>
      <parameter constant="true" id="lambda" metaid="COPASI12" name="lambda" units="unit_1" value="10">
        <annotation>
        <rdf:RDF xmlns:rdf="http://www.w3.org/1999/02/22-rdf-syntax-ns#" xmlns:dc="http://purl.org/dc/elements/1.1/" xmlns:dcterms="http://purl.org/dc/terms/" xmlns:vCard="http://www.w3.org/2001/vcard-rdf/3.0#" xmlns:bqbiol="http://biomodels.net/biology-qualifiers/" xmlns:bqmodel="http://biomodels.net/model-qualifiers/">
            <rdf:Description rdf:about="#COPASI12">
	<bqbiol:encodes>
	<rdf:Bag>
	<rdf:li rdf:resource="http://identifiers.org/go/GO:0008283"/>
	</rdf:Bag>
	</bqbiol:encodes>
	</rdf:Description>
	
	
	
	
	
	
        </rdf:RDF>
        <COPASI xmlns="http://www.copasi.org/static/sbml">
          <rdf:RDF xmlns:rdf="http://www.w3.org/1999/02/22-rdf-syntax-ns#" xmlns:CopasiMT="http://www.copasi.org/RDF/MiriamTerms#" xmlns:dcterms="http://purl.org/dc/terms/">
            <rdf:Description rdf:about="#COPASI12">
              <dcterms:created>
                <rdf:Description>
                  <dcterms:W3CDTF>2018-03-09T17:21:21Z</dcterms:W3CDTF>
                </rdf:Description>
              </dcterms:created>
              <CopasiMT:encodes rdf:resource="urn:miriam:go:GO:0008283"/>
            </rdf:Description>
          </rdf:RDF>
        </COPASI>
      </annotation>
            </parameter>
      <parameter constant="true" id="d" metaid="COPASI13" name="d" units="unit_1" value="0.1">
        <annotation>
        <rdf:RDF xmlns:rdf="http://www.w3.org/1999/02/22-rdf-syntax-ns#" xmlns:dc="http://purl.org/dc/elements/1.1/" xmlns:dcterms="http://purl.org/dc/terms/" xmlns:vCard="http://www.w3.org/2001/vcard-rdf/3.0#" xmlns:bqbiol="http://biomodels.net/biology-qualifiers/" xmlns:bqmodel="http://biomodels.net/model-qualifiers/">
            <rdf:Description rdf:about="#COPASI13">
	<bqbiol:encodes>
	<rdf:Bag>
	<rdf:li rdf:resource="http://identifiers.org/go/GO:0008219"/>
	</rdf:Bag>
	</bqbiol:encodes>
	</rdf:Description>
	
	
	
	
	
	
        </rdf:RDF>
        <COPASI xmlns="http://www.copasi.org/static/sbml">
          <rdf:RDF xmlns:rdf="http://www.w3.org/1999/02/22-rdf-syntax-ns#" xmlns:CopasiMT="http://www.copasi.org/RDF/MiriamTerms#" xmlns:dcterms="http://purl.org/dc/terms/">
            <rdf:Description rdf:about="#COPASI13">
              <dcterms:created>
                <rdf:Description>
                  <dcterms:W3CDTF>2018-03-09T17:15:35Z</dcterms:W3CDTF>
                </rdf:Description>
              </dcterms:created>
              <CopasiMT:encodes rdf:resource="urn:miriam:go:GO:0008219"/>
            </rdf:Description>
          </rdf:RDF>
        </COPASI>
      </annotation>
            </parameter>
      <parameter constant="true" id="beta" metaid="COPASI14" name="beta" units="unit_1" value="0.1">
        <annotation>
        <rdf:RDF xmlns:rdf="http://www.w3.org/1999/02/22-rdf-syntax-ns#" xmlns:dc="http://purl.org/dc/elements/1.1/" xmlns:dcterms="http://purl.org/dc/terms/" xmlns:vCard="http://www.w3.org/2001/vcard-rdf/3.0#" xmlns:bqbiol="http://biomodels.net/biology-qualifiers/" xmlns:bqmodel="http://biomodels.net/model-qualifiers/">
            <rdf:Description rdf:about="#COPASI14">
	<bqbiol:encodes>
	<rdf:Bag>
	<rdf:li rdf:resource="http://identifiers.org/efo/0001062"/>
	</rdf:Bag>
	</bqbiol:encodes>
	</rdf:Description>
	
	
	
	
	
	
        </rdf:RDF>
        <COPASI xmlns="http://www.copasi.org/static/sbml">
          <rdf:RDF xmlns:rdf="http://www.w3.org/1999/02/22-rdf-syntax-ns#" xmlns:CopasiMT="http://www.copasi.org/RDF/MiriamTerms#" xmlns:dcterms="http://purl.org/dc/terms/">
            <rdf:Description rdf:about="#COPASI14">
              <dcterms:created>
                <rdf:Description>
                  <dcterms:W3CDTF>2018-03-09T17:14:33Z</dcterms:W3CDTF>
                </rdf:Description>
              </dcterms:created>
              <CopasiMT:encodes rdf:resource="urn:miriam:efo:0001062"/>
            </rdf:Description>
          </rdf:RDF>
        </COPASI>
      </annotation>
            </parameter>
      <parameter constant="true" id="gamma" metaid="COPASI15" name="gamma" units="unit_1" value="0.5">
        <annotation>
        <rdf:RDF xmlns:rdf="http://www.w3.org/1999/02/22-rdf-syntax-ns#" xmlns:dc="http://purl.org/dc/elements/1.1/" xmlns:dcterms="http://purl.org/dc/terms/" xmlns:vCard="http://www.w3.org/2001/vcard-rdf/3.0#" xmlns:bqbiol="http://biomodels.net/biology-qualifiers/" xmlns:bqmodel="http://biomodels.net/model-qualifiers/">
            <rdf:Description rdf:about="#COPASI15">
	<bqbiol:encodes>
	<rdf:Bag>
	<rdf:li rdf:resource="http://identifiers.org/efo/0001062"/>
	</rdf:Bag>
	</bqbiol:encodes>
	</rdf:Description>
	
	
	
	
	
	
        </rdf:RDF>
        <COPASI xmlns="http://www.copasi.org/static/sbml">
          <rdf:RDF xmlns:rdf="http://www.w3.org/1999/02/22-rdf-syntax-ns#" xmlns:CopasiMT="http://www.copasi.org/RDF/MiriamTerms#" xmlns:dcterms="http://purl.org/dc/terms/">
            <rdf:Description rdf:about="#COPASI15">
              <dcterms:created>
                <rdf:Description>
                  <dcterms:W3CDTF>2018-03-09T17:19:56Z</dcterms:W3CDTF>
                </rdf:Description>
              </dcterms:created>
              <CopasiMT:encodes rdf:resource="urn:miriam:efo:0001062"/>
            </rdf:Description>
          </rdf:RDF>
        </COPASI>
      </annotation>
            </parameter>
      <parameter constant="true" id="phi" metaid="COPASI16" name="phi" units="unit_1" value="0.1">
        <annotation>
        <COPASI xmlns="http://www.copasi.org/static/sbml">
          <rdf:RDF xmlns:rdf="http://www.w3.org/1999/02/22-rdf-syntax-ns#" xmlns:dcterms="http://purl.org/dc/terms/">
            <rdf:Description rdf:about="#COPASI16">
              <dcterms:created>
                <rdf:Description>
                  <dcterms:W3CDTF>2018-03-09T17:22:04Z</dcterms:W3CDTF>
                </rdf:Description>
              </dcterms:created>
            </rdf:Description>
          </rdf:RDF>
        </COPASI>
      </annotation>
            </parameter>
      <parameter constant="true" id="eta" metaid="COPASI17" name="eta" units="unit_1" value="0.01">
        <annotation>
        <COPASI xmlns="http://www.copasi.org/static/sbml">
          <rdf:RDF xmlns:rdf="http://www.w3.org/1999/02/22-rdf-syntax-ns#" xmlns:dcterms="http://purl.org/dc/terms/">
            <rdf:Description rdf:about="#COPASI17">
              <dcterms:created>
                <rdf:Description>
                  <dcterms:W3CDTF>2018-03-09T17:15:55Z</dcterms:W3CDTF>
                </rdf:Description>
              </dcterms:created>
            </rdf:Description>
          </rdf:RDF>
        </COPASI>
      </annotation>
            </parameter>
    </listOfParameters>
    <listOfRules>
      <assignmentRule metaid="cb20d023-79f6-4e4a-a344-7f06809613ba" variable="R0">
        <math xmlns="http://www.w3.org/1998/Math/MathML">        
          <apply>
            <times/>
            <apply>
              <divide/>
              <apply>
                <times/>
                <ci> lambda </ci>
                <ci> eta </ci>
              </apply>
              <apply>
                <times/>
                <ci> d </ci>
                <ci> a1 </ci>
                <apply>
                  <plus/>
                  <ci> a0 </ci>
                  <ci> eta </ci>
                </apply>
              </apply>
            </apply>
            <apply>
              <plus/>
              <ci> beta </ci>
              <apply>
                <divide/>
                <apply>
                  <times/>
                  <ci> gamma </ci>
                  <ci> phi </ci>
                </apply>
                <apply>
                  <plus/>
                  <ci> phi </ci>
                  <ci> d </ci>
                </apply>
              </apply>
            </apply>
          </apply>
        </math>
            </assignmentRule>
      <rateRule metaid="f224f550-a172-47e2-b80c-eca699897a14" variable="x">
        <math xmlns="http://www.w3.org/1998/Math/MathML">        
          <apply>
            <minus/>
            <ci> lambda </ci>
            <apply>
              <plus/>
              <apply>
                <times/>
                <ci> d </ci>
                <ci> x </ci>
              </apply>
              <apply>
                <times/>
                <ci> beta </ci>
                <ci> x </ci>
                <ci> v </ci>
              </apply>
              <apply>
                <times/>
                <ci> gamma </ci>
                <ci> x </ci>
                <ci> v </ci>
              </apply>
            </apply>
          </apply>
        </math>
            </rateRule>
      <rateRule metaid="fadc2f1b-2edd-4a94-9d14-7e466f107145" variable="y0">
        <math xmlns="http://www.w3.org/1998/Math/MathML">        
          <apply>
            <plus/>
            <apply>
              <minus/>
              <apply>
                <times/>
                <ci> beta </ci>
                <ci> x </ci>
                <ci> v </ci>
              </apply>
              <apply>
                <plus/>
                <apply>
                  <times/>
                  <ci> a0 </ci>
                  <ci> y0 </ci>
                </apply>
                <apply>
                  <times/>
                  <ci> eta </ci>
                  <ci> y0 </ci>
                </apply>
              </apply>
            </apply>
            <apply>
              <times/>
              <ci> phi </ci>
              <ci> L </ci>
            </apply>
          </apply>
        </math>
            </rateRule>
      <rateRule metaid="f1b351cc-4df3-4964-8e1b-280774b96eaa" variable="y1">
        <math xmlns="http://www.w3.org/1998/Math/MathML">        
          <apply>
            <minus/>
            <apply>
              <times/>
              <ci> eta </ci>
              <ci> y0 </ci>
            </apply>
            <apply>
              <times/>
              <ci> a1 </ci>
              <ci> y1 </ci>
            </apply>
          </apply>
        </math>
            </rateRule>
      <rateRule metaid="b8d00a05-4fa8-4e43-a8b8-6e090c92809c" variable="L">
        <math xmlns="http://www.w3.org/1998/Math/MathML">        
          <apply>
            <minus/>
            <apply>
              <times/>
              <ci> gamma </ci>
              <ci> x </ci>
              <ci> v </ci>
            </apply>
            <apply>
              <plus/>
              <apply>
                <times/>
                <ci> phi </ci>
                <ci> L </ci>
              </apply>
              <apply>
                <times/>
                <ci> d </ci>
                <ci> L </ci>
              </apply>
            </apply>
          </apply>
        </math>
            </rateRule>
      <rateRule metaid="_0263a0ca-d0fb-4f9d-93f8-69ce33d190e8" variable="v">
        <math xmlns="http://www.w3.org/1998/Math/MathML">        
          <apply>
            <minus/>
            <apply>
              <times/>
              <ci> k </ci>
              <ci> y1 </ci>
            </apply>
            <apply>
              <times/>
              <ci> u </ci>
              <ci> v </ci>
            </apply>
          </apply>
        </math>
            </rateRule>
    </listOfRules>
  </model>
</sbml>