<?xml version='1.0' encoding='UTF-8' standalone='no'?>
<sbml xmlns="http://www.sbml.org/sbml/level2/version4" level="2" metaid="ea196397-e549-4ca0-ab16-04e1bdeac821" version="4">
  <annotation>
    <SimBiology xmlns="http://www.mathworks.com">
      <Version Major="5" Minor="0" Point="0"/>
    </SimBiology>
  </annotation>
  <model id="MODEL1407230000" metaid="_70ff832c-1052-4e74-80a1-aa5eef075347" name="Ouyang2014 - photomorphogenic UV-B signalling network">
    <notes>
      <body xmlns="http://www.w3.org/1999/xhtml">
        <div class="dc:title">Ouyang2014 - photomorphogenic UV-B signalling
network</div>
<div class="dc:bibliographicCitation">
  <p>This model is described in the article:</p>
  <div class="bibo:title">
    <a href="http://identifiers.org/pubmed/25049395" title="Access to this publication">Coordinated photomorphogenic
    UV-B signaling network captured by mathematical modeling.</a>
  </div>
  <div class="bibo:authorList">Ouyang X, Huang X, Jin X, Chen Z,
  Yang P, Ge H, Li S, Deng XW.</div>
  <div class="bibo:Journal">Proc. Natl. Acad. Sci. U.S.A. 2014 Aug;
  111(31): 11539-11544</div>
  <p>Abstract:</p>
  <div class="bibo:abstract">
    <p>Long-wavelength and low-fluence UV-B light is an
    informational signal known to induce photomorphogenic
    development in plants. Using the model plant Arabidopsis
    thaliana, a variety of factors involved in UV-B-specific
    signaling have been experimentally characterized over the past
    decade, including the UV-B light receptor UV resistance locus
    8; the positive regulators constitutive photomorphogenesis 1
    and elongated hypocotyl 5; and the negative regulators cullin4,
    repressor of UV-B photomorphogenesis 1 (RUP1), and RUP2.
    Individual genetic and molecular studies have revealed that
    these proteins function in either positive or negative
    regulatory capacities for the sufficient and balanced
    transduction of photomorphogenic UV-B signal. Less is known,
    however, regarding how these signaling events are
    systematically linked. In our study, we use a systems biology
    approach to investigate the dynamic behaviors and correlations
    of multiple signaling components involved in Arabidopsis
    UV-B-induced photomorphogenesis. We define a mathematical
    representation of photomorphogenic UV-B signaling at a temporal
    scale. Supplemented with experimental validation, our
    computational modeling demonstrates the functional interaction
    that occurs among different protein complexes in early and
    prolonged response to photomorphogenic UV-B.</p>
  </div>
</div>
<div class="dc:publisher">
  <p>This model is hosted on 
  <a href="http://www.ebi.ac.uk/biomodels/">BioModels Database</a>
  and identified by: 
  <a href="http://identifiers.org/biomodels.db/BIOMD0000000545">BIOMD0000000545</a>.</p>
  <p>To cite BioModels Database, please use: 
  <a href="http://identifiers.org/pubmed/20587024" title="Latest BioModels Database publication">BioModels Database:
  An enhanced, curated and annotated resource for published
  quantitative kinetic models</a>.</p>
</div>
<div class="dc:license">
  <p>To the extent possible under law, all copyright and related or
  neighbouring rights to this encoded model have been dedicated to
  the public domain worldwide. Please refer to 
  <a href="http://creativecommons.org/publicdomain/zero/1.0/" title="Access to: CC0 1.0 Universal (CC0 1.0), Public Domain Dedication">CC0
  Public Domain Dedication</a> for more information.</p>
</div>
</body>
    </notes>
    <annotation>
	<rdf:RDF xmlns:rdf="http://www.w3.org/1999/02/22-rdf-syntax-ns#" xmlns:dc="http://purl.org/dc/elements/1.1/" xmlns:vCard="http://www.w3.org/2001/vcard-rdf/3.0#" xmlns:dcterms="http://purl.org/dc/terms/" xmlns:bqmodel="http://biomodels.net/model-qualifiers/" xmlns:bqbiol="http://biomodels.net/biology-qualifiers/">
        <rdf:Description rdf:about="#_70ff832c-1052-4e74-80a1-aa5eef075347">
	<dc:creator>
	<rdf:Bag>
	<rdf:li rdf:parseType="Resource">
	<vCard:N rdf:parseType="Resource">
	<vCard:Family>Chelliah</vCard:Family>
	<vCard:Given>Vijayalakshmi</vCard:Given>
	</vCard:N>
	<vCard:EMAIL>viji@ebi.ac.uk</vCard:EMAIL>
	<vCard:ORG rdf:parseType="Resource">
	<vCard:Orgname>EMBL-EBI</vCard:Orgname>
	</vCard:ORG>
	</rdf:li>
	<rdf:li rdf:parseType="Resource">
	<vCard:N rdf:parseType="Resource">
	<vCard:Family>Ouyang</vCard:Family>
	<vCard:Given>Xinhao</vCard:Given>
	</vCard:N>
	<vCard:EMAIL>oyxh1983@126.com</vCard:EMAIL>
	<vCard:ORG rdf:parseType="Resource">
	<vCard:Orgname>Pkeing University</vCard:Orgname>
	</vCard:ORG>
	</rdf:li>
	</rdf:Bag>
	</dc:creator>
	<dcterms:created rdf:parseType="Resource">
	<dcterms:W3CDTF>2014-09-04T12:37:51Z</dcterms:W3CDTF>
	</dcterms:created>
	<dcterms:modified rdf:parseType="Resource">
	<dcterms:W3CDTF>2014-09-04T14:22:39Z</dcterms:W3CDTF>
	</dcterms:modified>
	<bqmodel:is>
	<rdf:Bag>
	<rdf:li rdf:resource="http://identifiers.org/biomodels.db/MODEL1407230000"/>
	</rdf:Bag>
	</bqmodel:is>
	<bqmodel:is>
	<rdf:Bag>
	<rdf:li rdf:resource="http://identifiers.org/biomodels.db/BIOMD0000000545"/>
	</rdf:Bag>
	</bqmodel:is>
	<bqmodel:isDescribedBy>
	<rdf:Bag>
	<rdf:li rdf:resource="http://identifiers.org/pubmed/25049395"/>
	</rdf:Bag>
	</bqmodel:isDescribedBy>
	<bqbiol:hasTaxon>
	<rdf:Bag>
	<rdf:li rdf:resource="http://identifiers.org/taxonomy/3702"/>
	</rdf:Bag>
	</bqbiol:hasTaxon>
	<bqbiol:isVersionOf>
	<rdf:Bag>
	<rdf:li rdf:resource="http://identifiers.org/go/GO:0009640"/>
	</rdf:Bag>
	</bqbiol:isVersionOf>
	</rdf:Description>
	
	</rdf:RDF>
	</annotation>
      <listOfCompartments>
      <compartment id="Hypctol" metaid="_6f85919d-49c1-4166-bc53-b35f7ff8a4d3" name="Hypctol" size="1">
        <annotation>
	<rdf:RDF xmlns:rdf="http://www.w3.org/1999/02/22-rdf-syntax-ns#" xmlns:bqmodel="http://biomodels.net/model-qualifiers/" xmlns:bqbiol="http://biomodels.net/biology-qualifiers/">
            <rdf:Description rdf:about="#_6f85919d-49c1-4166-bc53-b35f7ff8a4d3">
	<bqbiol:isVersionOf>
	<rdf:Bag>
	<rdf:li rdf:resource="http://identifiers.org/bto/BTO:0000613"/>
	</rdf:Bag>
	</bqbiol:isVersionOf>
	</rdf:Description>
	
	</rdf:RDF>
	</annotation>
            </compartment>
    </listOfCompartments>
    <listOfSpecies>
      <species compartment="Hypctol" hasOnlySubstanceUnits="true" id="CS" initialAmount="0.2" metaid="_598f3a64-9c64-4b62-b21d-d99d4b1eec41" name="CS" substanceUnits="mole">
        <annotation>
	<rdf:RDF xmlns:rdf="http://www.w3.org/1999/02/22-rdf-syntax-ns#" xmlns:bqmodel="http://biomodels.net/model-qualifiers/" xmlns:bqbiol="http://biomodels.net/biology-qualifiers/">
            <rdf:Description rdf:about="#_598f3a64-9c64-4b62-b21d-d99d4b1eec41">
	<bqbiol:hasPart>
	<rdf:Bag>
	<rdf:li rdf:resource="http://identifiers.org/uniprot/Q9SYX2"/>
	<rdf:li rdf:resource="http://identifiers.org/uniprot/P43254"/>
	</rdf:Bag>
	</bqbiol:hasPart>
	</rdf:Description>
	
	</rdf:RDF>
	</annotation>
            </species>
      <species compartment="Hypctol" hasOnlySubstanceUnits="true" id="CD" initialAmount="10" metaid="c5ed6d97-a571-4cc1-a403-9a994db1e4bb" name="CD" substanceUnits="mole">
        <annotation>
	<rdf:RDF xmlns:rdf="http://www.w3.org/1999/02/22-rdf-syntax-ns#" xmlns:bqmodel="http://biomodels.net/model-qualifiers/" xmlns:bqbiol="http://biomodels.net/biology-qualifiers/">
            <rdf:Description rdf:about="#c5ed6d97-a571-4cc1-a403-9a994db1e4bb">
	<bqbiol:hasPart>
	<rdf:Bag>
	<rdf:li rdf:resource="http://identifiers.org/uniprot/Q8LGH4"/>
	<rdf:li rdf:resource="http://identifiers.org/uniprot/Q9M086"/>
	</rdf:Bag>
	</bqbiol:hasPart>
	</rdf:Description>
	
	</rdf:RDF>
	</annotation>
            </species>
      <species compartment="Hypctol" hasOnlySubstanceUnits="true" id="CDCS" initialAmount="2" metaid="fba79f4e-f46c-41af-af33-309c2db78e29" name="CDCS" substanceUnits="mole">
        <annotation>
	<rdf:RDF xmlns:rdf="http://www.w3.org/1999/02/22-rdf-syntax-ns#" xmlns:bqmodel="http://biomodels.net/model-qualifiers/" xmlns:bqbiol="http://biomodels.net/biology-qualifiers/">
            <rdf:Description rdf:about="#fba79f4e-f46c-41af-af33-309c2db78e29">
	<bqbiol:hasPart>
	<rdf:Bag>
	<rdf:li rdf:resource="http://identifiers.org/uniprot/P43254"/>
	<rdf:li rdf:resource="http://identifiers.org/uniprot/Q9SYX2"/>
	<rdf:li rdf:resource="http://identifiers.org/uniprot/Q9M086"/>
	<rdf:li rdf:resource="http://identifiers.org/uniprot/Q8LGH4"/>
	</rdf:Bag>
	</bqbiol:hasPart>
	</rdf:Description>
	
	</rdf:RDF>
	</annotation>
            </species>
      <species compartment="Hypctol" hasOnlySubstanceUnits="true" id="UVR8M" initialAmount="0" metaid="_09b25d57-1f88-4e6f-b1e8-b509c68032d6" name="UVR8M" substanceUnits="mole">
        <annotation>
	<rdf:RDF xmlns:rdf="http://www.w3.org/1999/02/22-rdf-syntax-ns#" xmlns:bqmodel="http://biomodels.net/model-qualifiers/" xmlns:bqbiol="http://biomodels.net/biology-qualifiers/">
            <rdf:Description rdf:about="#_09b25d57-1f88-4e6f-b1e8-b509c68032d6">
	<bqbiol:isVersionOf>
	<rdf:Bag>
	<rdf:li rdf:resource="http://identifiers.org/uniprot/Q9FN03"/>
	</rdf:Bag>
	</bqbiol:isVersionOf>
	</rdf:Description>
	
	</rdf:RDF>
	</annotation>
            </species>
      <species compartment="Hypctol" hasOnlySubstanceUnits="true" id="UCS" initialAmount="0" metaid="d181a6b6-a185-45e2-8e4a-2195df209849" name="UCS" substanceUnits="mole">
        <annotation>
	<rdf:RDF xmlns:rdf="http://www.w3.org/1999/02/22-rdf-syntax-ns#" xmlns:bqmodel="http://biomodels.net/model-qualifiers/" xmlns:bqbiol="http://biomodels.net/biology-qualifiers/">
            <rdf:Description rdf:about="#d181a6b6-a185-45e2-8e4a-2195df209849">
	<bqbiol:hasPart>
	<rdf:Bag>
	<rdf:li rdf:resource="http://identifiers.org/uniprot/Q9SYX2"/>
	<rdf:li rdf:resource="http://identifiers.org/uniprot/P43254"/>
	<rdf:li rdf:resource="http://identifiers.org/uniprot/Q9FN03"/>
	</rdf:Bag>
	</bqbiol:hasPart>
	</rdf:Description>
	
	</rdf:RDF>
	</annotation>
            </species>
      <species compartment="Hypctol" hasOnlySubstanceUnits="true" id="UVR8D" initialAmount="20" metaid="a969d28f-7dc2-4fd4-87b3-dfada4755f0f" name="UVR8D" substanceUnits="mole">
        <annotation>
	<rdf:RDF xmlns:rdf="http://www.w3.org/1999/02/22-rdf-syntax-ns#" xmlns:bqmodel="http://biomodels.net/model-qualifiers/" xmlns:bqbiol="http://biomodels.net/biology-qualifiers/">
            <rdf:Description rdf:about="#a969d28f-7dc2-4fd4-87b3-dfada4755f0f">
	<bqbiol:isVersionOf>
	<rdf:Bag>
	<rdf:li rdf:resource="http://identifiers.org/uniprot/Q9FN03"/>
	</rdf:Bag>
	</bqbiol:isVersionOf>
	</rdf:Description>
	
	</rdf:RDF>
	</annotation>
            </species>
      <species compartment="Hypctol" hasOnlySubstanceUnits="true" id="RUP" initialAmount="0" metaid="_7373912e-3852-44f0-a258-50fd041008c0" name="RUP" substanceUnits="mole">
        <annotation>
	<rdf:RDF xmlns:rdf="http://www.w3.org/1999/02/22-rdf-syntax-ns#" xmlns:bqmodel="http://biomodels.net/model-qualifiers/" xmlns:bqbiol="http://biomodels.net/biology-qualifiers/">
            <rdf:Description rdf:about="#_7373912e-3852-44f0-a258-50fd041008c0">
	<bqbiol:isVersionOf>
	<rdf:Bag>
	<rdf:li rdf:resource="http://identifiers.org/uniprot/Q9LTJ6"/>
	</rdf:Bag>
	</bqbiol:isVersionOf>
	</rdf:Description>
	
	</rdf:RDF>
	</annotation>
            </species>
      <species compartment="Hypctol" hasOnlySubstanceUnits="true" id="UR" initialAmount="0" metaid="_56f87c4b-a7aa-406c-a8d7-2daef3d564ba" name="UR" substanceUnits="mole">
        <annotation>
	<rdf:RDF xmlns:rdf="http://www.w3.org/1999/02/22-rdf-syntax-ns#" xmlns:bqmodel="http://biomodels.net/model-qualifiers/" xmlns:bqbiol="http://biomodels.net/biology-qualifiers/">
            <rdf:Description rdf:about="#_56f87c4b-a7aa-406c-a8d7-2daef3d564ba">
	<bqbiol:hasPart>
	<rdf:Bag>
	<rdf:li rdf:resource="http://identifiers.org/uniprot/Q9LTJ6"/>
	<rdf:li rdf:resource="http://identifiers.org/uniprot/Q9FFA7"/>
	</rdf:Bag>
	</bqbiol:hasPart>
	</rdf:Description>
	
	</rdf:RDF>
	</annotation>
            </species>
      <species compartment="Hypctol" hasOnlySubstanceUnits="true" id="UVR8_M" initialAmount="0" metaid="_9d9060e2-f279-42b5-b295-19a9a5b0aadb" name="UVR8_M" substanceUnits="mole">
        <annotation>
	<rdf:RDF xmlns:rdf="http://www.w3.org/1999/02/22-rdf-syntax-ns#" xmlns:bqmodel="http://biomodels.net/model-qualifiers/" xmlns:bqbiol="http://biomodels.net/biology-qualifiers/">
            <rdf:Description rdf:about="#_9d9060e2-f279-42b5-b295-19a9a5b0aadb">
	<bqbiol:isVersionOf>
	<rdf:Bag>
	<rdf:li rdf:resource="http://identifiers.org/uniprot/Q9FN03"/>
	</rdf:Bag>
	</bqbiol:isVersionOf>
	</rdf:Description>
	
	</rdf:RDF>
	</annotation>
            </species>
      <species compartment="Hypctol" id="COP1" initialAmount="4.2" metaid="_8e067543-47c4-4443-abe0-b275e437871f" name="COP1">
        <annotation>
	<rdf:RDF xmlns:rdf="http://www.w3.org/1999/02/22-rdf-syntax-ns#" xmlns:bqmodel="http://biomodels.net/model-qualifiers/" xmlns:bqbiol="http://biomodels.net/biology-qualifiers/">
            <rdf:Description rdf:about="#_8e067543-47c4-4443-abe0-b275e437871f">
	<bqbiol:isVersionOf>
	<rdf:Bag>
	<rdf:li rdf:resource="http://identifiers.org/uniprot/P43254"/>
	</rdf:Bag>
	</bqbiol:isVersionOf>
	</rdf:Description>
	
	</rdf:RDF>
	</annotation>
            </species>
      <species compartment="Hypctol" id="HY5" initialAmount="0.25" metaid="_3ab0115d-9ae8-4803-b7a5-a50c1bab6ee2" name="HY5">
        <annotation>
	<rdf:RDF xmlns:rdf="http://www.w3.org/1999/02/22-rdf-syntax-ns#" xmlns:bqmodel="http://biomodels.net/model-qualifiers/" xmlns:bqbiol="http://biomodels.net/biology-qualifiers/">
            <rdf:Description rdf:about="#_3ab0115d-9ae8-4803-b7a5-a50c1bab6ee2">
	<bqbiol:isVersionOf>
	<rdf:Bag>
	<rdf:li rdf:resource="http://identifiers.org/uniprot/O24646"/>
	</rdf:Bag>
	</bqbiol:isVersionOf>
	</rdf:Description>
	
	</rdf:RDF>
	</annotation>
            </species>
      <species compartment="Hypctol" constant="true" id="FHY3" initialAmount="5" metaid="_423cadbb-911e-4b52-a93b-469d9aac3a91" name="FHY3">
        <annotation>
	<rdf:RDF xmlns:rdf="http://www.w3.org/1999/02/22-rdf-syntax-ns#" xmlns:bqmodel="http://biomodels.net/model-qualifiers/" xmlns:bqbiol="http://biomodels.net/biology-qualifiers/">
            <rdf:Description rdf:about="#_423cadbb-911e-4b52-a93b-469d9aac3a91">
	<bqbiol:isVersionOf>
	<rdf:Bag>
	<rdf:li rdf:resource="http://identifiers.org/uniprot/Q9LIE5"/>
	</rdf:Bag>
	</bqbiol:isVersionOf>
	</rdf:Description>
	
	</rdf:RDF>
	</annotation>
            </species>
      <species compartment="Hypctol" id="DWD" initialAmount="20" metaid="_8a04c376-43e3-4846-a26a-41c503ebd1c7" name="DWD">
        <annotation>
	<rdf:RDF xmlns:rdf="http://www.w3.org/1999/02/22-rdf-syntax-ns#" xmlns:bqmodel="http://biomodels.net/model-qualifiers/" xmlns:bqbiol="http://biomodels.net/biology-qualifiers/">
            <rdf:Description rdf:about="#_8a04c376-43e3-4846-a26a-41c503ebd1c7">
	<bqbiol:isVersionOf>
	<rdf:Bag>
	<rdf:li rdf:resource="http://identifiers.org/interpro/IPR001680"/>
	</rdf:Bag>
	</bqbiol:isVersionOf>
	</rdf:Description>
	
	</rdf:RDF>
	</annotation>
            </species>
      <species compartment="Hypctol" id="CDW" initialAmount="0" metaid="e1629371-3f84-4f20-9019-0c5ec941feb7" name="CDW">
        <annotation>
	<rdf:RDF xmlns:rdf="http://www.w3.org/1999/02/22-rdf-syntax-ns#" xmlns:bqmodel="http://biomodels.net/model-qualifiers/" xmlns:bqbiol="http://biomodels.net/biology-qualifiers/">
            <rdf:Description rdf:about="#e1629371-3f84-4f20-9019-0c5ec941feb7">
	<bqbiol:hasPart>
	<rdf:Bag>
	<rdf:li rdf:resource="http://identifiers.org/uniprot/Q8LGH4"/>
	<rdf:li rdf:resource="http://identifiers.org/uniprot/Q9M086"/>
	<rdf:li rdf:resource="http://identifiers.org/interpro/IPR001680"/>
	</rdf:Bag>
	</bqbiol:hasPart>
	</rdf:Description>
	
	</rdf:RDF>
	</annotation>
            </species>
    </listOfSpecies>
    <listOfParameters>
      <parameter id="ks1" metaid="_86a84fc2-2302-482a-bc40-09efdec686a2" name="ks1" value="0.23"/>
      <parameter id="ks2" metaid="_969818e9-a93e-4d5a-b511-9a3846b11002" name="ks2" value="4.0526"/>
      <parameter id="kdr1" metaid="fa41be82-c65f-4cbc-b624-7d3fbac98b0c" name="kdr1" value="0.1"/>
      <parameter id="kdr2" metaid="_94515595-d68f-49ce-9493-c989871cef1d" name="kdr2" value="0.2118"/>
      <parameter id="k1" metaid="_9be052bf-fadf-4c9b-9bec-7cea0b257207" name="k1" value="0.0043"/>
      <parameter id="k2" metaid="_33c32c97-1cbd-4ea3-ac19-74974a9a51d5" name="k2" value="161.62"/>
      <parameter id="ka1" metaid="a527d4f1-872d-4626-bafe-c45c79b16f26" name="ka1" value="0.0372"/>
      <parameter id="ka2" metaid="_92802993-7b95-4092-9356-ca1c06c006f9" name="ka2" value="0.0611"/>
      <parameter id="ka3" metaid="ea28243d-a4fc-45cb-b978-c734ec374f55" name="ka3" value="4.7207"/>
      <parameter id="kd1" metaid="b5e6e3a9-c3a2-4d6b-a7c8-10ec4fef59a0" name="kd1" value="94.3524"/>
      <parameter id="kd2" metaid="_749e3926-bef3-4511-aec7-36a3657d1836" name="kd2" value="50.6973"/>
      <parameter id="kd3" metaid="_1e26b9af-c219-49e3-a036-a20f5c0c5b51" name="kd3" value="0.5508"/>
      <parameter id="ks3" metaid="a0d1cd10-e5ae-4b2a-b288-34130bb99521" name="ks3" value="0.4397"/>
      <parameter id="kdr3" metaid="c3ca7826-bbc1-4a2a-befc-45b1cd808e43" name="kdr3" value="1.246"/>
      <parameter id="UV" metaid="_01072168-3395-49eb-b700-db4a52cd0aff" name="UV" value="1"/>
      <parameter id="ka4" metaid="_1e0fb8c2-62eb-4c4b-8619-59a499fdeae8" name="ka4" value="10.1285"/>
      <parameter id="kd4" metaid="_670655f7-3dd6-4f89-af8d-820a69f50b96" name="kd4" value="1.1999"/>
      <parameter id="n1" metaid="_93118613-d95e-4d15-89f2-ffd5e166df1b" name="n1" value="3"/>
      <parameter id="n2" metaid="f2554aa9-cab0-405e-8405-da7a2c73c82f" name="n2" value="2"/>
      <parameter id="n3" metaid="d6f1be30-4ca1-415b-92ef-b26e2ea3ea1a" name="n3" value="3.5"/>
      <parameter id="kdr3a" metaid="_36195397-e5cf-4caf-afe2-ef17f73affda" name="kdr3a" value="0.9735"/>
      <parameter id="kdr3b" metaid="bf6ecb77-bc74-4e9a-b218-0685ecea4f10" name="kdr3b" value="0.406"/>
      <parameter id="ksr" metaid="_673d28b2-4e11-4184-bd9e-b2d5aa1f3a06" name="ksr" value="0.7537"/>
      <parameter constant="false" id="UM_Total" metaid="_7e95eeed-4945-4559-bae9-6e6285dda17b" name="UM_Total" value="0"/>
      <parameter constant="false" id="COP1_Total" metaid="f1942cbf-7faa-436a-b99e-07229a048a20" name="COP1_Total" value="0"/>
    </listOfParameters>
    <listOfRules>
      <assignmentRule metaid="ea61fca3-5002-4539-af32-4a582966e5b2" variable="UM_Total">
        <math xmlns="http://www.w3.org/1998/Math/MathML">        
          <apply>
            <plus/>
            <apply>
              <times/>
              <cn> 2 </cn>
              <ci> UCS </ci>
            </apply>
            <ci> UVR8M </ci>
            <ci> UR </ci>
          </apply>
        </math>
            </assignmentRule>
      <assignmentRule metaid="_0d618cc2-444a-4b47-9a01-d44439fe3408" variable="COP1_Total">
        <math xmlns="http://www.w3.org/1998/Math/MathML">        
          <apply>
            <plus/>
            <apply>
              <times/>
              <cn> 2 </cn>
              <ci> UCS </ci>
            </apply>
            <apply>
              <times/>
              <cn> 2 </cn>
              <ci> CDCS </ci>
            </apply>
            <ci> CS </ci>
          </apply>
        </math>
            </assignmentRule>
    </listOfRules>
    <listOfReactions>
      <reaction fast="false" id="r1" metaid="_3fa2fb19-c73b-44b9-a66e-068a1dce11a7" reversible="false">
        <listOfProducts>
          <speciesReference metaid="_134b877c-a44b-4963-9e5c-a0cbad367ba4" species="CS"/>
        </listOfProducts>
        <listOfModifiers>
          <modifierSpeciesReference metaid="_2496bc58-fed8-4489-8cb3-329a0d89e5eb" species="HY5"/>
          <modifierSpeciesReference metaid="_0204e893-ff68-4ea6-982a-ff4266ec7800" species="FHY3"/>
          <modifierSpeciesReference metaid="e5a20c26-5581-40a4-a6fb-96e360cebd39" species="HY5"/>
          <modifierSpeciesReference metaid="a0b6960f-fa99-4666-9479-f74b9bef5af4" species="FHY3"/>
          <modifierSpeciesReference metaid="_6c8e3e41-2472-461f-a084-23374e27bac9" species="CS"/>
        </listOfModifiers>
        <kineticLaw metaid="ba63f221-ebfb-4a1e-b149-7b345a709bb9">
          <math xmlns="http://www.w3.org/1998/Math/MathML">          
            <apply>
              <minus/>
              <apply>
                <times/>
                <ci> ks1 </ci>
                <apply>
                  <plus/>
                  <cn type="integer"> 1 </cn>
                  <apply>
                    <times/>
                    <ci> UV </ci>
                    <ci> n3 </ci>
                    <apply>
                      <plus/>
                      <ci> HY5 </ci>
                      <ci> FHY3 </ci>
                    </apply>
                  </apply>
                </apply>
              </apply>
              <apply>
                <times/>
                <ci> kdr1 </ci>
                <apply>
                  <plus/>
                  <cn type="integer"> 1 </cn>
                  <apply>
                    <times/>
                    <ci> n1 </ci>
                    <ci> UV </ci>
                  </apply>
                </apply>
                <ci> CS </ci>
              </apply>
            </apply>
          </math>
                </kineticLaw>
      </reaction>
      <reaction fast="false" id="r2" metaid="fd45d992-945f-431c-84ec-c56fb9774368" reversible="false">
        <listOfProducts>
          <speciesReference metaid="_2ce92a23-6a78-4113-aa20-3e21492fe64c" species="RUP"/>
        </listOfProducts>
        <listOfModifiers>
          <modifierSpeciesReference metaid="cbcd56c4-9685-4375-80b2-5efaad640411" species="UCS"/>
          <modifierSpeciesReference metaid="a8833046-8ab1-47f2-8360-442c7b2cf768" species="UCS"/>
          <modifierSpeciesReference metaid="_2d6c2018-61ce-4f3a-9428-a76c7d97f9df" species="RUP"/>
        </listOfModifiers>
        <kineticLaw metaid="a1be2ec6-b980-4bc9-9923-1e019c42d1f4">
          <math xmlns="http://www.w3.org/1998/Math/MathML">          
            <apply>
              <minus/>
              <apply>
                <times/>
                <ci> ks2 </ci>
                <apply>
                  <plus/>
                  <cn type="integer"> 1 </cn>
                  <apply>
                    <times/>
                    <ci> UV </ci>
                    <ci> UCS </ci>
                  </apply>
                </apply>
              </apply>
              <apply>
                <times/>
                <ci> kdr2 </ci>
                <ci> RUP </ci>
              </apply>
            </apply>
          </math>
                </kineticLaw>
      </reaction>
      <reaction fast="false" id="r3" metaid="_810401c0-827e-4345-afbf-ed5a030e6a68" reversible="false">
        <listOfReactants>
          <speciesReference metaid="_2fe53ee1-92ab-4184-917a-61a114f5c1da" species="UVR8M" stoichiometry="2"/>
        </listOfReactants>
        <listOfProducts>
          <speciesReference metaid="_317dacaf-c8ff-45a2-b3e0-0ceb7b65513f" species="UVR8D"/>
        </listOfProducts>
        <listOfModifiers>
          <modifierSpeciesReference metaid="dcdb851c-d81a-4229-b049-f0177add7651" species="UVR8M"/>
        </listOfModifiers>
        <kineticLaw metaid="_68a407e2-3c76-4fdb-8403-31ae47382bcd">
          <math xmlns="http://www.w3.org/1998/Math/MathML">          
            <apply>
              <times/>
              <ci> k1 </ci>
              <apply>
                <power/>
                <ci> UVR8M </ci>
                <cn type="integer"> 2 </cn>
              </apply>
            </apply>
          </math>
                </kineticLaw>
      </reaction>
      <reaction fast="false" id="r4" metaid="_546fa5b3-bf51-428c-8618-4ba3275947e6">
        <listOfReactants>
          <speciesReference metaid="_73584de2-5280-4bf0-83d0-16540301257f" species="CS" stoichiometry="2"/>
          <speciesReference metaid="ce873f88-6487-4ff6-83e9-c1f9ca50f789" species="UVR8M" stoichiometry="2"/>
        </listOfReactants>
        <listOfProducts>
          <speciesReference metaid="fcd0621d-ca0c-41bb-9db6-33a5bfd41d89" species="UCS"/>
        </listOfProducts>
        <listOfModifiers>
          <modifierSpeciesReference metaid="_15b553cf-2cde-4282-9222-1306fd2ba59f" species="CS"/>
          <modifierSpeciesReference metaid="e2e56bb1-5c8f-42a9-a349-29404016db03" species="UVR8M"/>
          <modifierSpeciesReference metaid="_667383c4-2a7f-4ee4-99f7-abdccf41eefd" species="UCS"/>
        </listOfModifiers>
        <kineticLaw metaid="_7e1a84fd-4b37-40a8-a8f0-b11f1289da14">
          <math xmlns="http://www.w3.org/1998/Math/MathML">          
            <apply>
              <minus/>
              <apply>
                <times/>
                <ci> ka1 </ci>
                <apply>
                  <power/>
                  <ci> CS </ci>
                  <cn type="integer"> 2 </cn>
                </apply>
                <apply>
                  <power/>
                  <ci> UVR8M </ci>
                  <cn type="integer"> 2 </cn>
                </apply>
              </apply>
              <apply>
                <times/>
                <ci> kd1 </ci>
                <ci> UCS </ci>
              </apply>
            </apply>
          </math>
                </kineticLaw>
      </reaction>
      <reaction fast="false" id="r5" metaid="_7055cd1a-29bb-4d8f-8de2-e4e803e71353">
        <listOfReactants>
          <speciesReference metaid="_78d026d7-175b-4531-bada-fe0bda04b968" species="CS" stoichiometry="2"/>
          <speciesReference metaid="_881eca01-cd17-4354-86aa-71ce552ed959" species="CD"/>
        </listOfReactants>
        <listOfProducts>
          <speciesReference metaid="cc5a687b-71b0-436a-929f-6edb1b1bd2d3" species="CDCS"/>
        </listOfProducts>
        <listOfModifiers>
          <modifierSpeciesReference metaid="_396e7090-3d57-4d50-af1e-c2487689048a" species="CS"/>
          <modifierSpeciesReference metaid="_7a1a6a5a-9baf-4eea-9cb6-f45976fed9a4" species="CD"/>
          <modifierSpeciesReference metaid="_6afa3e8f-be92-4a7a-8e32-16dbb1214797" species="CDCS"/>
        </listOfModifiers>
        <kineticLaw metaid="_7ac2f612-7087-4202-b221-e454b381ade0">
          <math xmlns="http://www.w3.org/1998/Math/MathML">          
            <apply>
              <minus/>
              <apply>
                <times/>
                <ci> ka2 </ci>
                <apply>
                  <power/>
                  <ci> CS </ci>
                  <cn type="integer"> 2 </cn>
                </apply>
                <ci> CD </ci>
              </apply>
              <apply>
                <times/>
                <ci> kd2 </ci>
                <ci> CDCS </ci>
              </apply>
            </apply>
          </math>
                </kineticLaw>
      </reaction>
      <reaction fast="false" id="r6" metaid="aeec5c74-99c0-41d5-83f5-67eec7f0c656" reversible="false">
        <listOfReactants>
          <speciesReference metaid="_12e82a97-153e-4824-ac92-cf4dd6d30839" species="UVR8M"/>
          <speciesReference metaid="_97e6d0c3-6916-4a5b-bb71-b3d284ab3238" species="RUP"/>
        </listOfReactants>
        <listOfProducts>
          <speciesReference metaid="_5d0b7572-7e51-416f-befd-458e419e7efe" species="UR"/>
        </listOfProducts>
        <listOfModifiers>
          <modifierSpeciesReference metaid="_667ebee6-8130-4818-8825-b295ca11f122" species="UVR8M"/>
          <modifierSpeciesReference metaid="_4ea2e515-cc18-4127-ad1e-80e2828582a4" species="RUP"/>
        </listOfModifiers>
        <kineticLaw metaid="_8fa67b5d-cf0c-419e-bb82-02c7ebdad34d">
          <math xmlns="http://www.w3.org/1998/Math/MathML">          
            <apply>
              <times/>
              <ci> ka3 </ci>
              <ci> UVR8M </ci>
              <ci> RUP </ci>
            </apply>
          </math>
                </kineticLaw>
      </reaction>
      <reaction fast="false" id="r7" metaid="_640947f4-3a6f-4725-8e14-8cb205dae775" reversible="false">
        <listOfReactants>
          <speciesReference metaid="_5c324146-7511-4a47-bb21-906f7c7c6054" species="UR" stoichiometry="2"/>
        </listOfReactants>
        <listOfProducts>
          <speciesReference metaid="d1d00f16-a745-4976-aba6-60c5d73ba16f" species="UVR8D"/>
          <speciesReference metaid="_91c50966-d8bf-475f-b49a-5ffc89380708" species="RUP" stoichiometry="2"/>
        </listOfProducts>
        <listOfModifiers>
          <modifierSpeciesReference metaid="ae0cd26d-8293-46d7-b571-ddaf944eb993" species="UR"/>
        </listOfModifiers>
        <kineticLaw metaid="_0fd3a4e1-bd55-4d0a-b2f3-341138b9eb19">
          <math xmlns="http://www.w3.org/1998/Math/MathML">          
            <apply>
              <times/>
              <ci> kd3 </ci>
              <apply>
                <power/>
                <ci> UR </ci>
                <cn type="integer"> 2 </cn>
              </apply>
            </apply>
          </math>
                </kineticLaw>
      </reaction>
      <reaction fast="false" id="r8" metaid="fa2dac98-9c8d-40d2-b24f-3c584e676b2d" reversible="false">
        <listOfReactants>
          <speciesReference metaid="_5a447948-4bbe-439d-82b5-694cb60eed8b" species="UVR8D"/>
        </listOfReactants>
        <listOfProducts>
          <speciesReference metaid="_95ff7aff-b48d-40d3-adb6-bafe9734dcdb" species="UVR8M" stoichiometry="2"/>
        </listOfProducts>
        <listOfModifiers>
          <modifierSpeciesReference metaid="_02251b74-5f1e-4282-8602-2a9ff8070ef1" species="UVR8D"/>
        </listOfModifiers>
        <kineticLaw metaid="e47f6fef-fab2-4992-a8c8-3411a98ee108">
          <math xmlns="http://www.w3.org/1998/Math/MathML">          
            <apply>
              <times/>
              <ci> k2 </ci>
              <ci> UVR8D </ci>
            </apply>
          </math>
                </kineticLaw>
      </reaction>
      <reaction fast="false" id="r9" metaid="_13c9bb97-141c-452d-8347-369fda5f8fae" reversible="false">
        <listOfProducts>
          <speciesReference metaid="_8ec865c4-e542-42b4-9faa-bfb1c69283be" species="HY5"/>
        </listOfProducts>
        <listOfModifiers>
          <modifierSpeciesReference metaid="cf9b385a-a59b-46a4-aaf7-6cbc81831fab" species="CDCS"/>
          <modifierSpeciesReference metaid="_8ec48a4a-c2db-4ea9-bd43-009a7672ede4" species="CDW"/>
          <modifierSpeciesReference metaid="cf3b9d47-4ab2-4b7a-acda-4b66c0b268a2" species="UCS"/>
          <modifierSpeciesReference metaid="_121e0f32-918b-48cc-8086-5631d4ac9093" species="CDCS"/>
          <modifierSpeciesReference metaid="b898a52f-abbd-48c5-a7bc-5d648acfa7e6" species="CDW"/>
          <modifierSpeciesReference metaid="ca26bc8c-1520-4b40-8ca3-7890765531a3" species="UCS"/>
          <modifierSpeciesReference metaid="a9e85622-7b78-440e-900d-3a904e4009c0" species="HY5"/>
        </listOfModifiers>
        <kineticLaw metaid="_314d7e9c-8509-4485-a5d8-2a1bde2b548d">
          <math xmlns="http://www.w3.org/1998/Math/MathML">          
            <apply>
              <minus/>
              <apply>
                <times/>
                <ci> ks3 </ci>
                <apply>
                  <plus/>
                  <cn type="integer"> 1 </cn>
                  <apply>
                    <times/>
                    <ci> n2 </ci>
                    <ci> UV </ci>
                  </apply>
                </apply>
              </apply>
              <apply>
                <times/>
                <ci> kdr3 </ci>
                <apply>
                  <minus/>
                  <apply>
                    <plus/>
                    <apply>
                      <divide/>
                      <ci> CDCS </ci>
                      <apply>
                        <plus/>
                        <ci> kdr3a </ci>
                        <ci> CDCS </ci>
                      </apply>
                    </apply>
                    <apply>
                      <divide/>
                      <ci> CDW </ci>
                      <apply>
                        <plus/>
                        <ci> kdr3b </ci>
                        <ci> CDW </ci>
                      </apply>
                    </apply>
                  </apply>
                  <apply>
                    <divide/>
                    <ci> UCS </ci>
                    <apply>
                      <plus/>
                      <ci> ksr </ci>
                      <ci> UCS </ci>
                    </apply>
                  </apply>
                </apply>
                <ci> HY5 </ci>
              </apply>
            </apply>
          </math>
                </kineticLaw>
      </reaction>
      <reaction fast="false" id="r10" metaid="_98d07510-4c9f-47b5-b847-bab6f69d26aa">
        <listOfReactants>
          <speciesReference metaid="_09f2d826-d7e0-4606-b910-799ab80f5b6f" species="CD"/>
          <speciesReference metaid="d4d2521e-ab82-4e18-942f-1e01974a6cc8" species="DWD"/>
        </listOfReactants>
        <listOfProducts>
          <speciesReference metaid="aa66ef60-4c37-4110-a747-731f595f593d" species="CDW"/>
        </listOfProducts>
        <listOfModifiers>
          <modifierSpeciesReference metaid="_47da488f-eeba-40bb-bcbc-1470c37464ce" species="CD"/>
          <modifierSpeciesReference metaid="cf7f137f-9d0b-43df-8870-1c8db9247cf1" species="DWD"/>
          <modifierSpeciesReference metaid="cce776d3-815c-4ed3-bf5f-64b7f6140717" species="CDW"/>
        </listOfModifiers>
        <kineticLaw metaid="_570da419-286b-4e23-bf1c-df2ef15b7cca">
          <math xmlns="http://www.w3.org/1998/Math/MathML">          
            <apply>
              <minus/>
              <apply>
                <times/>
                <ci> ka4 </ci>
                <ci> CD </ci>
                <ci> DWD </ci>
              </apply>
              <apply>
                <times/>
                <ci> kd4 </ci>
                <ci> CDW </ci>
              </apply>
            </apply>
          </math>
                </kineticLaw>
      </reaction>
    </listOfReactions>
  </model>
</sbml>