<?xml version='1.0' encoding='UTF-8' standalone='no'?>
<sbml xmlns="http://www.sbml.org/sbml/level2/version4" level="2" metaid="_34d3a036-977b-454c-ad8d-646c8c34344a" version="4">
  <model id="Waugh2006___Diabetic_Wound_Healing___Treated_and_Untreated_Macrophage_Dynamics" metaid="COPASI0" name="Waugh2006 - Diabetic Wound Healing - Treated and Untreated Macrophage Dynamics">
    <notes>
      <body xmlns="http://www.w3.org/1999/xhtml">
        <p>This a model from the article:      <br/>
        <strong>Macrophage dynamics in diabetic wound dealing.</strong>
        <br/>
          Waugh HV, Sherratt JA.      <em>Bull Math Biol</em>
          2006 Jan;68(1):197-207      <a href="http://www.ncbi.nlm.nih.gov/pubmed/16794927">16794927</a>
          ,      <br/>
        <strong>Abstract:</strong>
        <br/>
          Wound healing in diabetes is a complex process, characterised by a chronic
inflammation phase. The exact mechanism by which this occurs is not fully
understood, and whilst several treatments for healing diabetic wounds exist,
very little research has been conducted towards the causes of the extended
inflammation phase. We describe a mathematical model which offers a possible
explanation for diabetic wound healing in terms of the distribution of
macrophage phenotypes being altered in the diabetic patient compared to normal
wound repair. As a consequence of this, we put forward a suggestion for
treatment based on rectifying the macrophage phenotype imbalance.      </p>
        <p>This model was taken from the      <a href="http://www.cellml.org/models">CellML repository</a>
          and automatically converted to SBML.      <br/>
          The original model was:      <a href="http://models.cellml.org/exposure/5f5e46fb3a5d3c2e85c81bef880f91d1">
          <strong>Waugh HV, Sherratt JA. (2006) - version=1.0</strong>
        </a>
        <br/>
          The original CellML model was created by:      <br/>
        <strong>Catherine Lloyd</strong>
        <br/>
          c.lloyd@auckland.ac.nz      <br/>
          The University of Auckland      <br/></p>
        <p>This model originates from BioModels Database: A Database of Annotated Published Models (http://www.ebi.ac.uk/biomodels/). It is copyright (c) 2005-2011 The BioModels.net Team.      <br/>
          To the extent possible under law, all copyright and related or neighbouring rights to this encoded model have been dedicated to the public domain worldwide. Please refer to      <a href="http://creativecommons.org/publicdomain/zero/1.0/" title="Creative Commons CC0">CC0 Public Domain Dedication</a>
          for more information.      </p>
        <p>In summary, you are entitled to use this encoded model in absolutely any manner you deem suitable, verbatim, or with modification, alone or embedded it in a larger context, redistribute it, commercially or not, in a restricted way or not..      <br/>
        <br/>
          To cite BioModels Database, please use:      <a href="http://www.ncbi.nlm.nih.gov/pubmed/20587024" target="_blank">Li C, Donizelli M, Rodriguez N, Dharuri H, Endler L, Chelliah V, Li L, He E, Henry A, Stefan MI, Snoep JL, Hucka M, Le Novère N, Laibe C (2010) BioModels Database: An enhanced, curated and annotated resource for published quantitative kinetic models. BMC Syst Biol., 4:92.</a>
      </p>
    </body>
  </notes>
    <annotation>
    <rdf:RDF xmlns:rdf="http://www.w3.org/1999/02/22-rdf-syntax-ns#" xmlns:dc="http://purl.org/dc/elements/1.1/" xmlns:dcterms="http://purl.org/dc/terms/" xmlns:vCard="http://www.w3.org/2001/vcard-rdf/3.0#" xmlns:bqbiol="http://biomodels.net/biology-qualifiers/" xmlns:bqmodel="http://biomodels.net/model-qualifiers/">
        <rdf:Description rdf:about="#COPASI0">
	<dc:creator>
	<rdf:Bag>
	<rdf:li rdf:parseType="Resource">
	<vCard:N rdf:parseType="Resource">
	<vCard:Family>Roberts</vCard:Family>
	<vCard:Given>Matthew Grant</vCard:Given>
	</vCard:N>
	<vCard:EMAIL>mroberts@ebi.ac.uk</vCard:EMAIL>
	<vCard:ORG rdf:parseType="Resource">
	<vCard:Orgname>EMBL-EBI</vCard:Orgname>
	</vCard:ORG>
	</rdf:li>
	<rdf:li rdf:parseType="Resource">
	<vCard:N rdf:parseType="Resource">
	<vCard:Family>Lloyd</vCard:Family>
	<vCard:Given>Catherine</vCard:Given>
	</vCard:N>
	<vCard:EMAIL>c.lloyd@auckland.ac.nz</vCard:EMAIL>
	<vCard:ORG rdf:parseType="Resource">
	<vCard:Orgname>University of Auckland</vCard:Orgname>
	</vCard:ORG>
	</rdf:li>
	</rdf:Bag>
	</dc:creator>
	<dcterms:created rdf:parseType="Resource">
	<dcterms:W3CDTF>2010-06-25T12:01:19Z</dcterms:W3CDTF>
	</dcterms:created>
	<dcterms:modified rdf:parseType="Resource">
	<dcterms:W3CDTF>2018-03-01T13:07:07Z</dcterms:W3CDTF>
	</dcterms:modified>
	<dcterms:modified rdf:parseType="Resource">
	<dcterms:W3CDTF>2018-03-01T13:07:07Z</dcterms:W3CDTF>
	</dcterms:modified>
	<bqmodel:is>
	<rdf:Bag>
	<rdf:li rdf:resource="http://identifiers.org/biomodels.db/MODEL1006230098"/>
	</rdf:Bag>
	</bqmodel:is>
	<bqmodel:isDescribedBy>
	<rdf:Bag>
	<rdf:li rdf:resource="http://identifiers.org/pubmed/16794927"/>
	</rdf:Bag>
	</bqmodel:isDescribedBy>
	<bqbiol:isVersionOf>
	<rdf:Bag>
	<rdf:li rdf:resource="http://identifiers.org/go/GO:0061041"/>
	</rdf:Bag>
	</bqbiol:isVersionOf>
	<bqbiol:hasProperty>
	<rdf:Bag>
	<rdf:li rdf:resource="http://identifiers.org/efo/0000400"/>
	</rdf:Bag>
	</bqbiol:hasProperty>
	<bqbiol:hasTaxon>
	<rdf:Bag>
	<rdf:li rdf:resource="http://identifiers.org/taxonomy/9606"/>
	</rdf:Bag>
	</bqbiol:hasTaxon>
	<bqbiol:isDescribedBy>
	<rdf:Bag>
	<rdf:li rdf:resource="http://identifiers.org/pubmed/16794927"/>
	</rdf:Bag>
	</bqbiol:isDescribedBy>
	<bqmodel:is>
	<rdf:Bag>
	<rdf:li rdf:resource="http://identifiers.org/biomodels.db/BIOMD0000000681"/>
	</rdf:Bag>
	</bqmodel:is>
	</rdf:Description>
	
	
    </rdf:RDF>
    <COPASI xmlns="http://www.copasi.org/static/sbml">
      <rdf:RDF xmlns:rdf="http://www.w3.org/1999/02/22-rdf-syntax-ns#" xmlns:CopasiMT="http://www.copasi.org/RDF/MiriamTerms#" xmlns:bqbiol="http://biomodels.net/biology-qualifiers/" xmlns:dcterms="http://purl.org/dc/terms/" xmlns:vCard="http://www.w3.org/2001/vcard-rdf/3.0#">
        <rdf:Description rdf:about="#COPASI0">
          <bqbiol:hasProperty rdf:resource="urn:miriam:efo:0000400"/>
          <bqbiol:hasTaxon>
            <rdf:Bag>
              <rdf:li rdf:resource="http://identifiers.org/taxonomy/9606"/>
            </rdf:Bag>
          </bqbiol:hasTaxon>
          <dcterms:bibliographicCitation>
            <rdf:Bag>
              <rdf:li>
                <rdf:Description>
                  <CopasiMT:isDescribedBy rdf:resource="http://identifiers.org/pubmed/16794927"/>
                </rdf:Description>
              </rdf:li>
            </rdf:Bag>
          </dcterms:bibliographicCitation>
          <dcterms:created>
            <rdf:Description>
              <dcterms:W3CDTF>2010-06-25T12:01:19Z</dcterms:W3CDTF>
            </rdf:Description>
          </dcterms:created>
          <dcterms:creator>
            <rdf:Description>
              <vCard:EMAIL>mroberts@ebi.ac.uk</vCard:EMAIL>
              <vCard:N>
                <rdf:Description>
                  <vCard:Family>Roberts</vCard:Family>
                  <vCard:Given>Matthew Grant</vCard:Given>
                </rdf:Description>
              </vCard:N>
              <vCard:ORG>
                <rdf:Description>
                  <vCard:Orgname>EMBL-EBI</vCard:Orgname>
                </rdf:Description>
              </vCard:ORG>
            </rdf:Description>
          </dcterms:creator>
          <dcterms:creator>
            <rdf:Bag>
              <rdf:li>
                <rdf:Description>
                  <vCard:EMAIL>c.lloyd@auckland.ac.nz</vCard:EMAIL>
                  <vCard:N>
                    <rdf:Description>
                      <vCard:Family>Lloyd</vCard:Family>
                      <vCard:Given>Catherine</vCard:Given>
                    </rdf:Description>
                  </vCard:N>
                  <vCard:ORG>
                    <rdf:Description>
                      <vCard:Orgname>University of Auckland</vCard:Orgname>
                    </rdf:Description>
                  </vCard:ORG>
                </rdf:Description>
              </rdf:li>
            </rdf:Bag>
          </dcterms:creator>
          <dcterms:modified>
            <rdf:Description>
              <dcterms:W3CDTF>2010-06-25T12:01:19Z</dcterms:W3CDTF>
            </rdf:Description>
          </dcterms:modified>
          <CopasiMT:is>
            <rdf:Bag>
              <rdf:li rdf:resource="urn:miriam:biomodels.db:MODEL1006230098"/>
            </rdf:Bag>
          </CopasiMT:is>
          <CopasiMT:isVersionOf>
            <rdf:Bag>
              <rdf:li rdf:resource="http://identifiers.org/go/GO:0061041"/>
            </rdf:Bag>
          </CopasiMT:isVersionOf>
        </rdf:Description>
      </rdf:RDF>
    </COPASI>
  </annotation>
      <listOfUnitDefinitions>
      <unitDefinition id="time" metaid="_8f753bc8-4ce8-41f5-a6a5-69c7c0b6e9d6" name="time">
        <listOfUnits>
          <unit exponent="1" kind="second" metaid="a9502678-865c-4ce4-aa1e-8e271a851ec2" multiplier="86400" scale="0"/>
        </listOfUnits>
      </unitDefinition>
      <unitDefinition id="unit_0" metaid="c7a7dca2-ad9a-4545-ab14-ff9272f1dcd8" name="8.64e-11*m^6/(g³*s)">
        <listOfUnits>
          <unit exponent="6" kind="metre" metaid="b50521ad-73ab-47f2-aed0-a17888bbe547" multiplier="8.64E-11" scale="0"/>
          <unit exponent="-3" kind="gram" metaid="ff4a673a-11a0-4fd9-a685-60fd3505b98c" multiplier="1" scale="0"/>
          <unit exponent="-1" kind="second" metaid="_8ecdc263-bd79-41eb-b340-cbbec58ba1ca" multiplier="1" scale="0"/>
        </listOfUnits>
      </unitDefinition>
      <unitDefinition id="unit_1" metaid="_1caba80a-52dd-4f07-a22e-088121c7b9d9" name="0.0864*mm³/(g²*s)">
        <listOfUnits>
          <unit exponent="3" kind="metre" metaid="_92279ef7-7011-4525-8001-6af387e4f1c5" multiplier="0.0864" scale="-3"/>
          <unit exponent="-2" kind="gram" metaid="_7d4df50b-ae53-4005-8794-75d45ce6564a" multiplier="1" scale="0"/>
          <unit exponent="-1" kind="second" metaid="_2a10dd76-3afa-4a9b-8e7e-b5b09046d7cb" multiplier="1" scale="0"/>
        </listOfUnits>
      </unitDefinition>
      <unitDefinition id="unit_2" metaid="d6e4261e-a96c-4b60-81f1-40acd95e073b" name="1/(11.5741*Mg*s)">
        <listOfUnits>
          <unit exponent="-1" kind="gram" metaid="_9c9a0109-6a8c-4d95-bba7-f69e96911420" multiplier="11.5741" scale="6"/>
          <unit exponent="-1" kind="second" metaid="_5b381a44-ced8-4766-b0a6-a1f37be66ffc" multiplier="1" scale="0"/>
        </listOfUnits>
      </unitDefinition>
      <unitDefinition id="unit_3" metaid="_5eaf342e-a8b4-44f5-a329-76becf3cad23" name="1/(0.0115741*m³*s)">
        <listOfUnits>
          <unit exponent="-3" kind="metre" metaid="_81e61d8b-00c3-4041-9013-e8939153328e" multiplier="0.0115741" scale="0"/>
          <unit exponent="-1" kind="second" metaid="_471603b1-f99b-416f-b5fe-4bf95cdc49d2" multiplier="1" scale="0"/>
        </listOfUnits>
      </unitDefinition>
      <unitDefinition id="unit_4" metaid="_009d7989-7ca1-4d6f-bbc6-67e96eb2f0de" name="1">
        <listOfUnits>
          <unit exponent="0" kind="dimensionless" metaid="_2e3783fa-4856-4432-ba5f-3798d767ec1e" multiplier="1" scale="0"/>
        </listOfUnits>
      </unitDefinition>
      <unitDefinition id="unit_5" metaid="a9c7d12a-8054-4f69-8d96-940752093b11" name="1/(0.0115741*ms)">
        <listOfUnits>
          <unit exponent="-1" kind="second" metaid="_86afac1c-0304-4fca-81d9-c792624c5ac0" multiplier="0.0115741" scale="-3"/>
        </listOfUnits>
      </unitDefinition>
      <unitDefinition id="unit_6" metaid="_84a93e5c-13f7-43bd-82d9-f42cc0702d6a" name="0.001*m³">
        <listOfUnits>
          <unit exponent="3" kind="metre" metaid="_309d0416-c9eb-46e6-9515-af39d379aca5" multiplier="0.001" scale="0"/>
        </listOfUnits>
      </unitDefinition>
      <unitDefinition id="unit_7" metaid="_0883ae0c-2c34-47b1-964f-68539ed32901" name="0.0864*µg/s">
        <listOfUnits>
          <unit exponent="0" kind="dimensionless" metaid="_4b39abaa-719d-457f-8c7d-37fcc408d296" multiplier="0.0864" scale="-6"/>
          <unit exponent="1" kind="gram" metaid="_409b12c2-e610-4c88-a616-e61f065208c2" multiplier="0.0864" scale="0"/>
          <unit exponent="-1" kind="second" metaid="f2dbaf0d-59dd-4ced-998e-3d88dcec9271" multiplier="1" scale="0"/>
        </listOfUnits>
      </unitDefinition>
    </listOfUnitDefinitions>
    <listOfCompartments>
      <compartment constant="true" id="COMpartment" metaid="COPASI1" name="Wound" size="1" spatialDimensions="3">
        <annotation>
        <rdf:RDF xmlns:rdf="http://www.w3.org/1999/02/22-rdf-syntax-ns#" xmlns:dc="http://purl.org/dc/elements/1.1/" xmlns:dcterms="http://purl.org/dc/terms/" xmlns:vCard="http://www.w3.org/2001/vcard-rdf/3.0#" xmlns:bqbiol="http://biomodels.net/biology-qualifiers/" xmlns:bqmodel="http://biomodels.net/model-qualifiers/">
            <rdf:Description rdf:about="#COPASI1">
	<bqbiol:isVersionOf>
	<rdf:Bag>
	<rdf:li rdf:resource="http://identifiers.org/efo/0005756"/>
	</rdf:Bag>
	</bqbiol:isVersionOf>
	</rdf:Description>
	
	
        </rdf:RDF>
        <COPASI xmlns="http://www.copasi.org/static/sbml">
          <rdf:RDF xmlns:rdf="http://www.w3.org/1999/02/22-rdf-syntax-ns#" xmlns:CopasiMT="http://www.copasi.org/RDF/MiriamTerms#" xmlns:dcterms="http://purl.org/dc/terms/">
            <rdf:Description rdf:about="#COPASI1">
              <dcterms:created>
                <rdf:Description>
                  <dcterms:W3CDTF>2018-03-01T12:00:13Z</dcterms:W3CDTF>
                </rdf:Description>
              </dcterms:created>
              <CopasiMT:isVersionOf rdf:resource="urn:miriam:efo:0005756"/>
            </rdf:Description>
          </rdf:RDF>
        </COPASI>
      </annotation>
            </compartment>
    </listOfCompartments>
    <listOfSpecies>
      <species boundaryCondition="true" compartment="COMpartment" constant="false" id="K_T" initialConcentration="296.53" metaid="COPASI2" name="K_T">
        <annotation>
        <rdf:RDF xmlns:rdf="http://www.w3.org/1999/02/22-rdf-syntax-ns#" xmlns:dc="http://purl.org/dc/elements/1.1/" xmlns:dcterms="http://purl.org/dc/terms/" xmlns:vCard="http://www.w3.org/2001/vcard-rdf/3.0#" xmlns:bqbiol="http://biomodels.net/biology-qualifiers/" xmlns:bqmodel="http://biomodels.net/model-qualifiers/">
            <rdf:Description rdf:about="#COPASI2">
              <bqmodel:isInstanceOf>
	<rdf:Bag>
	<rdf:li rdf:resource="http://identifiers.org/bto/BTO:0000876"/>
	<rdf:li rdf:resource="http://identifiers.org/go/GO:0035703"/>
	</rdf:Bag>
	</bqmodel:isInstanceOf>
	
	<bqbiol:isVersionOf>
	<rdf:Bag>
	<rdf:li rdf:resource="http://identifiers.org/bto/BTO:0000876"/>
	</rdf:Bag>
	</bqbiol:isVersionOf>
	</rdf:Description>
	
	
        </rdf:RDF>
        <COPASI xmlns="http://www.copasi.org/static/sbml">
          <rdf:RDF xmlns:rdf="http://www.w3.org/1999/02/22-rdf-syntax-ns#" xmlns:CopasiMT="http://www.copasi.org/RDF/MiriamTerms#" xmlns:bqmodel="http://biomodels.net/model-qualifiers/" xmlns:dcterms="http://purl.org/dc/terms/">
            <rdf:Description rdf:about="#COPASI2">
              <bqmodel:isInstanceOf rdf:resource="urn:miriam:go:GO:0035703"/>
              <dcterms:created>
                <rdf:Description>
                  <dcterms:W3CDTF>2018-03-01T11:38:46Z</dcterms:W3CDTF>
                </rdf:Description>
              </dcterms:created>
              <CopasiMT:isVersionOf rdf:resource="urn:miriam:bto:BTO:0000876"/>
            </rdf:Description>
          </rdf:RDF>
        </COPASI>
      </annotation>
            </species>
      <species boundaryCondition="true" compartment="COMpartment" constant="false" id="phi_I" initialConcentration="200" metaid="COPASI3" name="phi_I">
        <annotation>
        <rdf:RDF xmlns:rdf="http://www.w3.org/1999/02/22-rdf-syntax-ns#" xmlns:dc="http://purl.org/dc/elements/1.1/" xmlns:dcterms="http://purl.org/dc/terms/" xmlns:vCard="http://www.w3.org/2001/vcard-rdf/3.0#" xmlns:bqbiol="http://biomodels.net/biology-qualifiers/" xmlns:bqmodel="http://biomodels.net/model-qualifiers/">
            <rdf:Description rdf:about="#COPASI3">
              <bqbiol:isVersionOf>
	<rdf:Bag>
	<rdf:li rdf:resource="http://identifiers.org/bto/BTO:0000801"/>
	</rdf:Bag>
	</bqbiol:isVersionOf>
	
	<bqbiol:isVersionOf>
	<rdf:Bag>
	<rdf:li rdf:resource="http://identifiers.org/cl/CL:0000863"/>
	</rdf:Bag>
	</bqbiol:isVersionOf>
	</rdf:Description>
	
	
        </rdf:RDF>
        <COPASI xmlns="http://www.copasi.org/static/sbml">
          <rdf:RDF xmlns:rdf="http://www.w3.org/1999/02/22-rdf-syntax-ns#" xmlns:CopasiMT="http://www.copasi.org/RDF/MiriamTerms#" xmlns:dcterms="http://purl.org/dc/terms/">
            <rdf:Description rdf:about="#COPASI3">
              <dcterms:created>
                <rdf:Description>
                  <dcterms:W3CDTF>2018-03-01T11:40:31Z</dcterms:W3CDTF>
                </rdf:Description>
              </dcterms:created>
              <CopasiMT:isVersionOf rdf:resource="urn:miriam:bto:BTO:0000801"/>
              <CopasiMT:isVersionOf rdf:resource="urn:miriam:cl:CL:0000863"/>
            </rdf:Description>
          </rdf:RDF>
        </COPASI>
      </annotation>
            </species>
      <species boundaryCondition="true" compartment="COMpartment" constant="false" id="phi_R" initialConcentration="200" metaid="COPASI4" name="phi_R">
        <annotation>
        <rdf:RDF xmlns:rdf="http://www.w3.org/1999/02/22-rdf-syntax-ns#" xmlns:dc="http://purl.org/dc/elements/1.1/" xmlns:dcterms="http://purl.org/dc/terms/" xmlns:vCard="http://www.w3.org/2001/vcard-rdf/3.0#" xmlns:bqbiol="http://biomodels.net/biology-qualifiers/" xmlns:bqmodel="http://biomodels.net/model-qualifiers/">
            <rdf:Description rdf:about="#COPASI4">
              <bqbiol:isVersionOf>
	<rdf:Bag>
	<rdf:li rdf:resource="http://identifiers.org/bto/BTO:0000801"/>
	</rdf:Bag>
	</bqbiol:isVersionOf>
	
	<bqbiol:hasProperty>
	<rdf:Bag>
	<rdf:li rdf:resource="http://identifiers.org/ncit/C17260"/>
	</rdf:Bag>
	</bqbiol:hasProperty>
	</rdf:Description>
	
	
        </rdf:RDF>
        <COPASI xmlns="http://www.copasi.org/static/sbml">
          <rdf:RDF xmlns:rdf="http://www.w3.org/1999/02/22-rdf-syntax-ns#" xmlns:CopasiMT="http://www.copasi.org/RDF/MiriamTerms#" xmlns:bqbiol="http://biomodels.net/biology-qualifiers/" xmlns:dcterms="http://purl.org/dc/terms/">
            <rdf:Description rdf:about="#COPASI4">
              <bqbiol:hasProperty rdf:resource="urn:miriam:ncit:C17260"/>
              <dcterms:created>
                <rdf:Description>
                  <dcterms:W3CDTF>2018-03-01T11:42:05Z</dcterms:W3CDTF>
                </rdf:Description>
              </dcterms:created>
              <CopasiMT:isVersionOf rdf:resource="urn:miriam:bto:BTO:0000801"/>
            </rdf:Description>
          </rdf:RDF>
        </COPASI>
      </annotation>
            </species>
      <species boundaryCondition="true" compartment="COMpartment" constant="false" id="T" initialConcentration="6" metaid="COPASI5" name="T">
        <annotation>
        <rdf:RDF xmlns:rdf="http://www.w3.org/1999/02/22-rdf-syntax-ns#" xmlns:dc="http://purl.org/dc/elements/1.1/" xmlns:dcterms="http://purl.org/dc/terms/" xmlns:vCard="http://www.w3.org/2001/vcard-rdf/3.0#" xmlns:bqbiol="http://biomodels.net/biology-qualifiers/" xmlns:bqmodel="http://biomodels.net/model-qualifiers/">
            <rdf:Description rdf:about="#COPASI5">
	<bqbiol:isVersionOf>
	<rdf:Bag>
	<rdf:li rdf:resource="http://identifiers.org/pr/PR:000000046"/>
	</rdf:Bag>
	</bqbiol:isVersionOf>
	</rdf:Description>
	
	
        </rdf:RDF>
        <COPASI xmlns="http://www.copasi.org/static/sbml">
          <rdf:RDF xmlns:rdf="http://www.w3.org/1999/02/22-rdf-syntax-ns#" xmlns:CopasiMT="http://www.copasi.org/RDF/MiriamTerms#" xmlns:dcterms="http://purl.org/dc/terms/">
            <rdf:Description rdf:about="#COPASI5">
              <dcterms:created>
                <rdf:Description>
                  <dcterms:W3CDTF>2018-03-01T11:40:07Z</dcterms:W3CDTF>
                </rdf:Description>
              </dcterms:created>
              <CopasiMT:isVersionOf rdf:resource="urn:miriam:pr:PR:000000046"/>
            </rdf:Description>
          </rdf:RDF>
        </COPASI>
      </annotation>
            </species>
    </listOfSpecies>
    <listOfParameters>
      <parameter constant="true" id="tau1" metaid="COPASI6" name="tau1" units="unit_0" value="-2.47">
        <annotation>
        <COPASI xmlns="http://www.copasi.org/static/sbml">
          <rdf:RDF xmlns:rdf="http://www.w3.org/1999/02/22-rdf-syntax-ns#" xmlns:dcterms="http://purl.org/dc/terms/">
            <rdf:Description rdf:about="#COPASI6">
              <dcterms:created>
                <rdf:Description>
                  <dcterms:W3CDTF>2018-03-01T11:36:50Z</dcterms:W3CDTF>
                </rdf:Description>
              </dcterms:created>
            </rdf:Description>
          </rdf:RDF>
        </COPASI>
      </annotation>
            </parameter>
      <parameter constant="true" id="tau2" metaid="COPASI7" name="tau2" units="unit_1" value="21.94">
        <annotation>
        <COPASI xmlns="http://www.copasi.org/static/sbml">
          <rdf:RDF xmlns:rdf="http://www.w3.org/1999/02/22-rdf-syntax-ns#" xmlns:dcterms="http://purl.org/dc/terms/">
            <rdf:Description rdf:about="#COPASI7">
              <dcterms:created>
                <rdf:Description>
                  <dcterms:W3CDTF>2018-03-01T11:36:50Z</dcterms:W3CDTF>
                </rdf:Description>
              </dcterms:created>
            </rdf:Description>
          </rdf:RDF>
        </COPASI>
      </annotation>
            </parameter>
      <parameter constant="true" id="tau3" metaid="COPASI8" name="tau3" units="unit_2" value="6.41">
        <annotation>
        <COPASI xmlns="http://www.copasi.org/static/sbml">
          <rdf:RDF xmlns:rdf="http://www.w3.org/1999/02/22-rdf-syntax-ns#" xmlns:dcterms="http://purl.org/dc/terms/">
            <rdf:Description rdf:about="#COPASI8">
              <dcterms:created>
                <rdf:Description>
                  <dcterms:W3CDTF>2018-03-01T11:36:50Z</dcterms:W3CDTF>
                </rdf:Description>
              </dcterms:created>
            </rdf:Description>
          </rdf:RDF>
        </COPASI>
      </annotation>
            </parameter>
      <parameter constant="true" id="tau4" metaid="COPASI9" name="tau4" units="unit_3" value="1.75">
        <annotation>
        <COPASI xmlns="http://www.copasi.org/static/sbml">
          <rdf:RDF xmlns:rdf="http://www.w3.org/1999/02/22-rdf-syntax-ns#" xmlns:dcterms="http://purl.org/dc/terms/">
            <rdf:Description rdf:about="#COPASI9">
              <dcterms:created>
                <rdf:Description>
                  <dcterms:W3CDTF>2018-03-01T11:36:51Z</dcterms:W3CDTF>
                </rdf:Description>
              </dcterms:created>
            </rdf:Description>
          </rdf:RDF>
        </COPASI>
      </annotation>
            </parameter>
      <parameter constant="false" id="alpha" metaid="COPASI10" name="alpha" units="unit_4" value="0.8">
        <annotation>
        <COPASI xmlns="http://www.copasi.org/static/sbml">
          <rdf:RDF xmlns:rdf="http://www.w3.org/1999/02/22-rdf-syntax-ns#" xmlns:dcterms="http://purl.org/dc/terms/">
            <rdf:Description rdf:about="#COPASI10">
              <dcterms:created>
                <rdf:Description>
                  <dcterms:W3CDTF>2018-03-01T11:36:47Z</dcterms:W3CDTF>
                </rdf:Description>
              </dcterms:created>
            </rdf:Description>
          </rdf:RDF>
        </COPASI>
      </annotation>
            </parameter>
      <parameter constant="true" id="k1" metaid="COPASI11" name="k1" units="unit_4" value="0.05">
        <annotation>
        <rdf:RDF xmlns:rdf="http://www.w3.org/1999/02/22-rdf-syntax-ns#" xmlns:dc="http://purl.org/dc/elements/1.1/" xmlns:dcterms="http://purl.org/dc/terms/" xmlns:vCard="http://www.w3.org/2001/vcard-rdf/3.0#" xmlns:bqbiol="http://biomodels.net/biology-qualifiers/" xmlns:bqmodel="http://biomodels.net/model-qualifiers/">
            <rdf:Description rdf:about="#COPASI11">
	<bqbiol:encodes>
	<rdf:Bag>
	<rdf:li rdf:resource="http://identifiers.org/ncit/C16864"/>
	</rdf:Bag>
	</bqbiol:encodes>
	</rdf:Description>
	
	
        </rdf:RDF>
        <COPASI xmlns="http://www.copasi.org/static/sbml">
          <rdf:RDF xmlns:rdf="http://www.w3.org/1999/02/22-rdf-syntax-ns#" xmlns:CopasiMT="http://www.copasi.org/RDF/MiriamTerms#" xmlns:dcterms="http://purl.org/dc/terms/">
            <rdf:Description rdf:about="#COPASI11">
              <dcterms:created>
                <rdf:Description>
                  <dcterms:W3CDTF>2018-03-01T11:36:48Z</dcterms:W3CDTF>
                </rdf:Description>
              </dcterms:created>
              <CopasiMT:encodes rdf:resource="urn:miriam:ncit:C16864"/>
            </rdf:Description>
          </rdf:RDF>
        </COPASI>
      </annotation>
            </parameter>
      <parameter constant="true" id="k2" metaid="COPASI12" name="k2" units="unit_5" value="0.693">
        <annotation>
        <rdf:RDF xmlns:rdf="http://www.w3.org/1999/02/22-rdf-syntax-ns#" xmlns:dc="http://purl.org/dc/elements/1.1/" xmlns:dcterms="http://purl.org/dc/terms/" xmlns:vCard="http://www.w3.org/2001/vcard-rdf/3.0#" xmlns:bqbiol="http://biomodels.net/biology-qualifiers/" xmlns:bqmodel="http://biomodels.net/model-qualifiers/">
            <rdf:Description rdf:about="#COPASI12">
	<bqbiol:encodes>
	<rdf:Bag>
	<rdf:li rdf:resource="http://identifiers.org/sbo/SBO:0000610"/>
	</rdf:Bag>
	</bqbiol:encodes>
	</rdf:Description>
	
	
        </rdf:RDF>
        <COPASI xmlns="http://www.copasi.org/static/sbml">
          <rdf:RDF xmlns:rdf="http://www.w3.org/1999/02/22-rdf-syntax-ns#" xmlns:CopasiMT="http://www.copasi.org/RDF/MiriamTerms#" xmlns:dcterms="http://purl.org/dc/terms/">
            <rdf:Description rdf:about="#COPASI12">
              <dcterms:created>
                <rdf:Description>
                  <dcterms:W3CDTF>2018-03-01T11:36:48Z</dcterms:W3CDTF>
                </rdf:Description>
              </dcterms:created>
              <CopasiMT:encodes rdf:resource="urn:miriam:sbo:SBO:0000610"/>
            </rdf:Description>
          </rdf:RDF>
        </COPASI>
      </annotation>
            </parameter>
      <parameter constant="true" id="k3" metaid="COPASI13" name="k3" units="unit_6" value="0.002">
        <annotation>
        <COPASI xmlns="http://www.copasi.org/static/sbml">
          <rdf:RDF xmlns:rdf="http://www.w3.org/1999/02/22-rdf-syntax-ns#" xmlns:dcterms="http://purl.org/dc/terms/">
            <rdf:Description rdf:about="#COPASI13">
              <dcterms:created>
                <rdf:Description>
                  <dcterms:W3CDTF>2018-03-01T11:36:48Z</dcterms:W3CDTF>
                </rdf:Description>
              </dcterms:created>
            </rdf:Description>
          </rdf:RDF>
        </COPASI>
      </annotation>
            </parameter>
      <parameter constant="true" id="k4" metaid="COPASI14" name="k4" units="unit_7" value="0.07">
        <annotation>
        <COPASI xmlns="http://www.copasi.org/static/sbml">
          <rdf:RDF xmlns:rdf="http://www.w3.org/1999/02/22-rdf-syntax-ns#" xmlns:dcterms="http://purl.org/dc/terms/">
            <rdf:Description rdf:about="#COPASI14">
              <dcterms:created>
                <rdf:Description>
                  <dcterms:W3CDTF>2018-03-01T11:36:48Z</dcterms:W3CDTF>
                </rdf:Description>
              </dcterms:created>
            </rdf:Description>
          </rdf:RDF>
        </COPASI>
      </annotation>
            </parameter>
      <parameter constant="true" id="d1" metaid="COPASI15" name="d1" units="unit_5" value="0.2">
        <annotation>
        <rdf:RDF xmlns:rdf="http://www.w3.org/1999/02/22-rdf-syntax-ns#" xmlns:dc="http://purl.org/dc/elements/1.1/" xmlns:dcterms="http://purl.org/dc/terms/" xmlns:vCard="http://www.w3.org/2001/vcard-rdf/3.0#" xmlns:bqbiol="http://biomodels.net/biology-qualifiers/" xmlns:bqmodel="http://biomodels.net/model-qualifiers/">
            <rdf:Description rdf:about="#COPASI15">
	<bqbiol:encodes>
	<rdf:Bag>
	<rdf:li rdf:resource="http://identifiers.org/sbo/SBO:0000179"/>
	</rdf:Bag>
	</bqbiol:encodes>
	</rdf:Description>
	
	
        </rdf:RDF>
        <COPASI xmlns="http://www.copasi.org/static/sbml">
          <rdf:RDF xmlns:rdf="http://www.w3.org/1999/02/22-rdf-syntax-ns#" xmlns:CopasiMT="http://www.copasi.org/RDF/MiriamTerms#" xmlns:dcterms="http://purl.org/dc/terms/">
            <rdf:Description rdf:about="#COPASI15">
              <dcterms:created>
                <rdf:Description>
                  <dcterms:W3CDTF>2018-03-01T11:36:45Z</dcterms:W3CDTF>
                </rdf:Description>
              </dcterms:created>
              <CopasiMT:encodes rdf:resource="urn:miriam:sbo:SBO:0000179"/>
            </rdf:Description>
          </rdf:RDF>
        </COPASI>
      </annotation>
            </parameter>
      <parameter constant="true" id="d2" metaid="COPASI16" name="d2" units="unit_5" value="9.1">
        <annotation>
        <rdf:RDF xmlns:rdf="http://www.w3.org/1999/02/22-rdf-syntax-ns#" xmlns:dc="http://purl.org/dc/elements/1.1/" xmlns:dcterms="http://purl.org/dc/terms/" xmlns:vCard="http://www.w3.org/2001/vcard-rdf/3.0#" xmlns:bqbiol="http://biomodels.net/biology-qualifiers/" xmlns:bqmodel="http://biomodels.net/model-qualifiers/">
            <rdf:Description rdf:about="#COPASI16">
	<bqbiol:encodes>
	<rdf:Bag>
	<rdf:li rdf:resource="http://identifiers.org/sbo/SBO:0000179"/>
	</rdf:Bag>
	</bqbiol:encodes>
	</rdf:Description>
	
	
        </rdf:RDF>
        <COPASI xmlns="http://www.copasi.org/static/sbml">
          <rdf:RDF xmlns:rdf="http://www.w3.org/1999/02/22-rdf-syntax-ns#" xmlns:CopasiMT="http://www.copasi.org/RDF/MiriamTerms#" xmlns:dcterms="http://purl.org/dc/terms/">
            <rdf:Description rdf:about="#COPASI16">
              <dcterms:created>
                <rdf:Description>
                  <dcterms:W3CDTF>2018-03-01T11:36:48Z</dcterms:W3CDTF>
                </rdf:Description>
              </dcterms:created>
              <CopasiMT:encodes rdf:resource="urn:miriam:sbo:SBO:0000179"/>
            </rdf:Description>
          </rdf:RDF>
        </COPASI>
      </annotation>
            </parameter>
      <parameter constant="false" id="total_M" metaid="COPASI17" name="total_M" value="400">
        <annotation>
        <COPASI xmlns="http://www.copasi.org/static/sbml">
          <rdf:RDF xmlns:rdf="http://www.w3.org/1999/02/22-rdf-syntax-ns#" xmlns:dcterms="http://purl.org/dc/terms/">
            <rdf:Description rdf:about="#COPASI17">
              <dcterms:created>
                <rdf:Description>
                  <dcterms:W3CDTF>2018-03-01T12:30:54Z</dcterms:W3CDTF>
                </rdf:Description>
              </dcterms:created>
            </rdf:Description>
          </rdf:RDF>
        </COPASI>
      </annotation>
            </parameter>
      <parameter constant="true" id="dummy_variable" metaid="COPASI18" name="dummy_variable" value="0">
        <annotation>
        <COPASI xmlns="http://www.copasi.org/static/sbml">
          <rdf:RDF xmlns:rdf="http://www.w3.org/1999/02/22-rdf-syntax-ns#" xmlns:dcterms="http://purl.org/dc/terms/">
            <rdf:Description rdf:about="#COPASI18">
              <dcterms:created>
                <rdf:Description>
                  <dcterms:W3CDTF>2018-03-01T12:36:25Z</dcterms:W3CDTF>
                </rdf:Description>
              </dcterms:created>
            </rdf:Description>
          </rdf:RDF>
        </COPASI>
      </annotation>
            </parameter>
    </listOfParameters>
    <listOfRules>
      <assignmentRule metaid="dea03068-a95f-43b5-ba73-daa5f2bf2b0f" variable="K_T">
        <math xmlns="http://www.w3.org/1998/Math/MathML">        
          <apply>
            <plus/>
            <apply>
              <times/>
              <ci> tau1 </ci>
              <apply>
                <power/>
                <ci> T </ci>
                <cn> 3 </cn>
              </apply>
            </apply>
            <apply>
              <times/>
              <ci> tau2 </ci>
              <apply>
                <power/>
                <ci> T </ci>
                <cn> 2 </cn>
              </apply>
            </apply>
            <apply>
              <times/>
              <ci> tau3 </ci>
              <ci> T </ci>
            </apply>
            <ci> tau4 </ci>
          </apply>
        </math>
            </assignmentRule>
      <assignmentRule metaid="_23fbdeb5-efbd-404b-a534-d674a5117147" variable="total_M">
        <math xmlns="http://www.w3.org/1998/Math/MathML">        
          <apply>
            <plus/>
            <apply>
              <times/>
              <cn> 0 </cn>
              <ci> K_T </ci>
            </apply>
            <ci> phi_I </ci>
            <ci> phi_R </ci>
          </apply>
        </math>
            </assignmentRule>
      <rateRule metaid="d542cd88-63a4-4a73-a8f5-dc00acdef56a" variable="phi_I">
        <math xmlns="http://www.w3.org/1998/Math/MathML">        
          <apply>
            <minus/>
            <apply>
              <plus/>
              <apply>
                <times/>
                <ci> alpha </ci>
                <ci> K_T </ci>
              </apply>
              <apply>
                <times/>
                <ci> k1 </ci>
                <ci> k2 </ci>
                <ci> phi_I </ci>
                <apply>
                  <minus/>
                  <cn> 1 </cn>
                  <apply>
                    <times/>
                    <ci> k3 </ci>
                    <apply>
                      <plus/>
                      <ci> phi_I </ci>
                      <ci> phi_R </ci>
                    </apply>
                  </apply>
                </apply>
              </apply>
            </apply>
            <apply>
              <times/>
              <ci> d1 </ci>
              <ci> phi_I </ci>
            </apply>
          </apply>
        </math>
            </rateRule>
      <rateRule metaid="_243ec672-e7f7-4ab8-bb7a-d8f4696bcb8f" variable="phi_R">
        <math xmlns="http://www.w3.org/1998/Math/MathML">        
          <apply>
            <minus/>
            <apply>
              <plus/>
              <apply>
                <times/>
                <apply>
                  <minus/>
                  <cn> 1 </cn>
                  <ci> alpha </ci>
                </apply>
                <ci> K_T </ci>
              </apply>
              <apply>
                <times/>
                <ci> k1 </ci>
                <ci> k2 </ci>
                <ci> phi_R </ci>
                <apply>
                  <minus/>
                  <cn> 1 </cn>
                  <apply>
                    <times/>
                    <ci> k3 </ci>
                    <apply>
                      <plus/>
                      <ci> phi_I </ci>
                      <ci> phi_R </ci>
                    </apply>
                  </apply>
                </apply>
              </apply>
            </apply>
            <apply>
              <times/>
              <ci> d1 </ci>
              <ci> phi_R </ci>
            </apply>
          </apply>
        </math>
            </rateRule>
      <rateRule metaid="_38cd6317-a32d-4ff0-872e-0d0ec49d77f1" variable="T">
        <math xmlns="http://www.w3.org/1998/Math/MathML">        
          <apply>
            <minus/>
            <apply>
              <times/>
              <ci> k4 </ci>
              <ci> phi_I </ci>
            </apply>
            <apply>
              <times/>
              <ci> d2 </ci>
              <ci> T </ci>
            </apply>
          </apply>
        </math>
            </rateRule>
    </listOfRules>
    <listOfEvents>
      <event id="event" metaid="COPASI19" name="event">
        <annotation>
        <COPASI xmlns="http://www.copasi.org/static/sbml">
          <rdf:RDF xmlns:rdf="http://www.w3.org/1999/02/22-rdf-syntax-ns#" xmlns:dcterms="http://purl.org/dc/terms/">
            <rdf:Description rdf:about="#COPASI19">
              <dcterms:created>
                <rdf:Description>
                  <dcterms:W3CDTF>2018-03-01T12:29:15Z</dcterms:W3CDTF>
                </rdf:Description>
              </dcterms:created>
            </rdf:Description>
          </rdf:RDF>
        </COPASI>
      </annotation>
              <trigger metaid="_028c8cad-c5b6-4540-ab6a-1562fec39cdb">
          <math xmlns="http://www.w3.org/1998/Math/MathML">          
            <apply>
              <gt/>
              <csymbol encoding="text" definitionURL="http://www.sbml.org/sbml/symbols/time"> time </csymbol>
              <cn> 22 </cn>
            </apply>
          </math>
                </trigger>
        <listOfEventAssignments>
          <eventAssignment metaid="_211e55ec-2d10-4e44-a262-4b544dd97f2b" variable="alpha">
            <math xmlns="http://www.w3.org/1998/Math/MathML">            
              <apply>
                <plus/>
                <cn> 0.2 </cn>
                <apply>
                  <times/>
                  <cn> 0.6 </cn>
                  <ci> dummy_variable </ci>
                </apply>
              </apply>
            </math>
                    </eventAssignment>
        </listOfEventAssignments>
      </event>
    </listOfEvents>
  </model>
</sbml>