<?xml version='1.0' encoding='UTF-8' standalone='no'?>
<sbml xmlns="http://www.sbml.org/sbml/level2/version4" level="2" metaid="cc23168a-d9e2-43e1-8442-f7146eded311" version="4">
  <model id="Ortega2013" metaid="COPASI0" name="Ortega2013 - Interplay between secretases determines biphasic amyloid-beta level">
    <notes>
      <body xmlns="http://www.w3.org/1999/xhtml">
        <div class="dc:title">Ortega2013 - Interplay between secretases
determines biphasic amyloid-beta level</div>
<div class="dc:bibliographicCitation">
  <p>This model is described in the article:</p>
  <div class="bibo:title">
    <a href="http://identifiers.org/pubmed/23152503" title="Access to this publication">Interplay between ?-, ?-,
    and ?-secretases determines biphasic amyloid-? protein level in
    the presence of a ?-secretase inhibitor.</a>
  </div>
  <div class="bibo:authorList">Ortega F, Stott J, Visser SA,
  Bendtsen C.</div>
  <div class="bibo:Journal">J. Biol. Chem. 2013 Jan; 288(2):
  785-792</div>
  <p>Abstract:</p>
  <div class="bibo:abstract">
    <p>Amyloid-? (A?) is produced by the consecutive cleavage of
    amyloid precursor protein (APP) first by ?-secretase,
    generating C99, and then by ?-secretase. APP is also cleaved by
    ?-secretase. It is hypothesized that reducing the production of
    A? in the brain may slow the progression of Alzheimer disease.
    Therefore, different ?-secretase inhibitors have been developed
    to reduce A? production. Paradoxically, it has been shown that
    low to moderate inhibitor concentrations cause a rise in A?
    production in different cell lines, in different animal models,
    and also in humans. A mechanistic understanding of the A? rise
    remains elusive. Here, a minimal mathematical model has been
    developed that quantitatively describes the A? dynamics in cell
    lines that exhibit the rise as well as in cell lines that do
    not. The model includes steps of APP processing through both
    the so-called amyloidogenic pathway and the so-called
    non-amyloidogenic pathway. It is shown that the cross-talk
    between these two pathways accounts for the increase in A?
    production in response to inhibitor, i.e. an increase in C99
    will inhibit the non-amyloidogenic pathway, redirecting APP to
    be cleaved by ?-secretase, leading to an additional increase in
    C99 that overcomes the loss in ?-secretase activity. With a
    minor extension, the model also describes plasma A? profiles
    observed in humans upon dosing with a ?-secretase inhibitor. In
    conclusion, this mechanistic model rationalizes a series of
    experimental results that spans from in vitro to in vivo and to
    humans. This has important implications for the development of
    drugs targeting A? production in Alzheimer disease.</p>
  </div>
</div>
<div class="dc:publisher">
  <p>This model is hosted on 
  <a href="http://www.ebi.ac.uk/biomodels/">BioModels Database</a>
  and identified by: 
  <a href="http://identifiers.org/biomodels.db/BIOMD0000000556">BIOMD0000000556</a>.</p>
  <p>To cite BioModels Database, please use: 
  <a href="http://identifiers.org/pubmed/20587024" title="Latest BioModels Database publication">BioModels Database:
  An enhanced, curated and annotated resource for published
  quantitative kinetic models</a>.</p>
</div>
<div class="dc:license">
  <p>To the extent possible under law, all copyright and related or
  neighbouring rights to this encoded model have been dedicated to
  the public domain worldwide. Please refer to 
  <a href="http://creativecommons.org/publicdomain/zero/1.0/" title="Access to: CC0 1.0 Universal (CC0 1.0), Public Domain Dedication">CC0
  Public Domain Dedication</a> for more information.</p>
</div>
</body>
    </notes>
    <annotation>
	<rdf:RDF xmlns:rdf="http://www.w3.org/1999/02/22-rdf-syntax-ns#" xmlns:dc="http://purl.org/dc/elements/1.1/" xmlns:vCard="http://www.w3.org/2001/vcard-rdf/3.0#" xmlns:dcterms="http://purl.org/dc/terms/" xmlns:bqmodel="http://biomodels.net/model-qualifiers/" xmlns:bqbiol="http://biomodels.net/biology-qualifiers/">
        <rdf:Description rdf:about="#COPASI0">
	<dc:creator>
	<rdf:Bag>
	<rdf:li rdf:parseType="Resource">
	<vCard:N rdf:parseType="Resource">
	<vCard:Family>Lloret i Villas</vCard:Family>
	<vCard:Given>Audald</vCard:Given>
	</vCard:N>
	<vCard:EMAIL>lloret@ebi.ac.uk</vCard:EMAIL>
	<vCard:ORG rdf:parseType="Resource">
	<vCard:Orgname>EMBL-EBI</vCard:Orgname>
	</vCard:ORG>
	</rdf:li>
	<rdf:li rdf:parseType="Resource">
	<vCard:N rdf:parseType="Resource">
	<vCard:Family>Stott</vCard:Family>
	<vCard:Given>Jonathan</vCard:Given>
	</vCard:N>
	<vCard:EMAIL>Jonathan.Stott@astrazeneca.com</vCard:EMAIL>
	<vCard:ORG rdf:parseType="Resource">
	<vCard:Orgname>Computational Biology, Discovery Sciences, AstraZeneca</vCard:Orgname>
	</vCard:ORG>
	</rdf:li>
	</rdf:Bag>
	</dc:creator>
	<dcterms:created rdf:parseType="Resource">
	<dcterms:W3CDTF>2014-10-23T11:29:00Z</dcterms:W3CDTF>
	</dcterms:created>
	<dcterms:modified rdf:parseType="Resource">
	<dcterms:W3CDTF>2016-04-08T17:43:10Z</dcterms:W3CDTF>
	</dcterms:modified>
	<bqmodel:is>
	<rdf:Bag>
	<rdf:li rdf:resource="http://identifiers.org/biomodels.db/MODEL1409240000"/>
	</rdf:Bag>
	</bqmodel:is>
	<bqmodel:is>
	<rdf:Bag>
	<rdf:li rdf:resource="http://identifiers.org/biomodels.db/BIOMD0000000556"/>
	</rdf:Bag>
	</bqmodel:is>
	<bqmodel:isDescribedBy>
	<rdf:Bag>
	<rdf:li rdf:resource="http://identifiers.org/pubmed/23152503"/>
	</rdf:Bag>
	</bqmodel:isDescribedBy>
	<bqbiol:isVersionOf>
	<rdf:Bag>
	<rdf:li rdf:resource="http://identifiers.org/go/GO:0042987"/>
	<rdf:li rdf:resource="http://identifiers.org/go/GO:0034205"/>
	</rdf:Bag>
	</bqbiol:isVersionOf>
	<bqbiol:hasProperty>
	<rdf:Bag>
	<rdf:li rdf:resource="http://identifiers.org/doid/DOID:10652"/>
	</rdf:Bag>
	</bqbiol:hasProperty>
	<bqbiol:hasTaxon>
	<rdf:Bag>
	<rdf:li rdf:resource="http://identifiers.org/taxonomy/9606"/>
	</rdf:Bag>
	</bqbiol:hasTaxon>
	</rdf:Description>
	
	</rdf:RDF>
	</annotation>
      <listOfFunctionDefinitions>
      <functionDefinition id="Constant_flux__irreversible" metaid="_499567d6-0dc6-4ba1-a1af-4912fcdadc62" name="Constant flux (irreversible)">
        <math xmlns="http://www.w3.org/1998/Math/MathML">        
          <lambda>
            <bvar>
              <ci> v </ci>
            </bvar>
            <ci> v </ci>
          </lambda>
        </math>
            </functionDefinition>
      <functionDefinition id="VD" metaid="COPASI31" name="VD">
        <annotation>
          <COPASI xmlns="http://www.copasi.org/static/sbml">
            <rdf:RDF xmlns:dcterms="http://purl.org/dc/terms/" xmlns:rdf="http://www.w3.org/1999/02/22-rdf-syntax-ns#">
              <rdf:Description rdf:about="#COPASI31">
                <dcterms:created>
                  <rdf:Description>
                    <dcterms:W3CDTF>2014-11-13T11:56:09Z</dcterms:W3CDTF>
                  </rdf:Description>
                </dcterms:created>
              </rdf:Description>
            </rdf:RDF>
          </COPASI>
        </annotation>
        <math xmlns="http://www.w3.org/1998/Math/MathML">        
          <lambda>
            <bvar>
              <ci> Vm </ci>
            </bvar>
            <bvar>
              <ci> X </ci>
            </bvar>
            <bvar>
              <ci> Kx </ci>
            </bvar>
            <bvar>
              <ci> S </ci>
            </bvar>
            <bvar>
              <ci> Km </ci>
            </bvar>
            <bvar>
              <ci> Den </ci>
            </bvar>
            <apply>
              <divide/>
              <apply>
                <divide/>
                <apply>
                  <times/>
                  <apply>
                    <divide/>
                    <ci> Vm </ci>
                    <apply>
                      <plus/>
                      <cn> 1 </cn>
                      <apply>
                        <divide/>
                        <ci> X </ci>
                        <ci> Kx </ci>
                      </apply>
                    </apply>
                  </apply>
                  <ci> S </ci>
                </apply>
                <ci> Km </ci>
              </apply>
              <ci> Den </ci>
            </apply>
          </lambda>
        </math>
            </functionDefinition>
      <functionDefinition id="V1_3_4_5" metaid="COPASI32" name="V1,3,4,5">
        <annotation>
          <COPASI xmlns="http://www.copasi.org/static/sbml">
            <rdf:RDF xmlns:dcterms="http://purl.org/dc/terms/" xmlns:rdf="http://www.w3.org/1999/02/22-rdf-syntax-ns#">
              <rdf:Description rdf:about="#COPASI32">
                <dcterms:created>
                  <rdf:Description>
                    <dcterms:W3CDTF>2014-11-13T11:43:32Z</dcterms:W3CDTF>
                  </rdf:Description>
                </dcterms:created>
              </rdf:Description>
            </rdf:RDF>
          </COPASI>
        </annotation>
        <math xmlns="http://www.w3.org/1998/Math/MathML">        
          <lambda>
            <bvar>
              <ci> Vm </ci>
            </bvar>
            <bvar>
              <ci> S </ci>
            </bvar>
            <bvar>
              <ci> Km1 </ci>
            </bvar>
            <bvar>
              <ci> M </ci>
            </bvar>
            <bvar>
              <ci> Km2 </ci>
            </bvar>
            <apply>
              <divide/>
              <apply>
                <divide/>
                <apply>
                  <times/>
                  <ci> Vm </ci>
                  <ci> S </ci>
                </apply>
                <ci> Km1 </ci>
              </apply>
              <apply>
                <plus/>
                <cn> 1 </cn>
                <apply>
                  <divide/>
                  <ci> S </ci>
                  <ci> Km1 </ci>
                </apply>
                <apply>
                  <divide/>
                  <ci> M </ci>
                  <ci> Km2 </ci>
                </apply>
              </apply>
            </apply>
          </lambda>
        </math>
            </functionDefinition>
      <functionDefinition id="V2" metaid="COPASI33" name="V2">
        <annotation>
          <COPASI xmlns="http://www.copasi.org/static/sbml">
            <rdf:RDF xmlns:dcterms="http://purl.org/dc/terms/" xmlns:rdf="http://www.w3.org/1999/02/22-rdf-syntax-ns#">
              <rdf:Description rdf:about="#COPASI33">
                <dcterms:created>
                  <rdf:Description>
                    <dcterms:W3CDTF>2014-11-13T11:46:54Z</dcterms:W3CDTF>
                  </rdf:Description>
                </dcterms:created>
              </rdf:Description>
            </rdf:RDF>
          </COPASI>
        </annotation>
        <math xmlns="http://www.w3.org/1998/Math/MathML">        
          <lambda>
            <bvar>
              <ci> Vm </ci>
            </bvar>
            <bvar>
              <ci> S </ci>
            </bvar>
            <bvar>
              <ci> Km </ci>
            </bvar>
            <apply>
              <divide/>
              <apply>
                <divide/>
                <apply>
                  <times/>
                  <ci> Vm </ci>
                  <ci> S </ci>
                </apply>
                <ci> Km </ci>
              </apply>
              <apply>
                <plus/>
                <cn> 1 </cn>
                <apply>
                  <divide/>
                  <ci> S </ci>
                  <ci> Km </ci>
                </apply>
              </apply>
            </apply>
          </lambda>
        </math>
            </functionDefinition>
    </listOfFunctionDefinitions>
    <listOfUnitDefinitions>
      <unitDefinition id="volume" metaid="da093d98-261a-4e81-b300-53f6aaf9e498" name="volume">
        <listOfUnits>
          <unit exponent="1" kind="litre" metaid="e6afd69e-d3e0-40b2-82c7-78c55aa963c5" multiplier="1" scale="-3"/>
        </listOfUnits>
      </unitDefinition>
      <unitDefinition id="substance" metaid="dd4cbbdc-b1fd-4802-8383-ab5e781ca0f0" name="substance">
        <listOfUnits>
          <unit exponent="1" kind="mole" metaid="_616118cb-c470-4cbd-8ea4-9cd1b98d88a7" multiplier="1" scale="-3"/>
        </listOfUnits>
      </unitDefinition>
    </listOfUnitDefinitions>
    <listOfCompartments>
      <compartment constant="true" id="Brain" metaid="COPASI1" name="Brain" size="1" spatialDimensions="3">
        <notes>
          <body xmlns="http://www.w3.org/1999/xhtml">
            <pre>Brain</pre>
          </body>
        </notes>
        <annotation>
          <COPASI xmlns="http://www.copasi.org/static/sbml">
            <rdf:RDF xmlns:dcterms="http://purl.org/dc/terms/" xmlns:rdf="http://www.w3.org/1999/02/22-rdf-syntax-ns#">
              <rdf:Description rdf:about="#COPASI1">
                <dcterms:created>
                  <rdf:Description>
                    <dcterms:W3CDTF>2014-11-13T11:25:33Z</dcterms:W3CDTF>
                  </rdf:Description>
                </dcterms:created>
              </rdf:Description>
            </rdf:RDF>
          </COPASI>
	<rdf:RDF xmlns:rdf="http://www.w3.org/1999/02/22-rdf-syntax-ns#" xmlns:bqbiol="http://biomodels.net/biology-qualifiers/">
            <rdf:Description rdf:about="#COPASI1">
	<bqbiol:is>
	<rdf:Bag>
	<rdf:li rdf:resource="http://identifiers.org/bto/BTO:0000142"/>
	</rdf:Bag>
	</bqbiol:is>
	</rdf:Description>
	
	</rdf:RDF>
	</annotation>
            </compartment>
    </listOfCompartments>
    <listOfSpecies>
      <species boundaryCondition="true" compartment="Brain" constant="false" hasOnlySubstanceUnits="false" id="APP" initialConcentration="0" metaid="COPASI2" name="APP">
        <notes>
          <body xmlns="http://www.w3.org/1999/xhtml">
            <pre>Amyloid protein precursor</pre>
          </body>
        </notes>
        <annotation>
          <COPASI xmlns="http://www.copasi.org/static/sbml">
            <rdf:RDF xmlns:dcterms="http://purl.org/dc/terms/" xmlns:rdf="http://www.w3.org/1999/02/22-rdf-syntax-ns#">
              <rdf:Description rdf:about="#COPASI2">
                <dcterms:created>
                  <rdf:Description>
                    <dcterms:W3CDTF>2014-10-28T13:33:38Z</dcterms:W3CDTF>
                  </rdf:Description>
                </dcterms:created>
              </rdf:Description>
            </rdf:RDF>
          </COPASI>
	<rdf:RDF xmlns:rdf="http://www.w3.org/1999/02/22-rdf-syntax-ns#" xmlns:bqbiol="http://biomodels.net/biology-qualifiers/">
            <rdf:Description rdf:about="#COPASI2">
	<bqbiol:isVersionOf>
	<rdf:Bag>
	<rdf:li rdf:resource="http://identifiers.org/uniprot/P05067"/>
	</rdf:Bag>
	</bqbiol:isVersionOf>
	</rdf:Description>
	
	</rdf:RDF>
	</annotation>
            </species>
      <species boundaryCondition="true" compartment="Brain" constant="false" hasOnlySubstanceUnits="false" id="C83" initialConcentration="0" metaid="COPASI3" name="C83">
        <notes>
          <body xmlns="http://www.w3.org/1999/xhtml">
            <pre>C83 proteolytic product</pre>
          </body>
        </notes>
        <annotation>
          <COPASI xmlns="http://www.copasi.org/static/sbml">
            <rdf:RDF xmlns:dcterms="http://purl.org/dc/terms/" xmlns:rdf="http://www.w3.org/1999/02/22-rdf-syntax-ns#">
              <rdf:Description rdf:about="#COPASI3">
                <dcterms:created>
                  <rdf:Description>
                    <dcterms:W3CDTF>2014-10-28T13:34:06Z</dcterms:W3CDTF>
                  </rdf:Description>
                </dcterms:created>
              </rdf:Description>
            </rdf:RDF>
          </COPASI>
	<rdf:RDF xmlns:rdf="http://www.w3.org/1999/02/22-rdf-syntax-ns#" xmlns:bqbiol="http://biomodels.net/biology-qualifiers/">
            <rdf:Description rdf:about="#COPASI3">
	<bqbiol:isVersionOf>
	<rdf:Bag>
	<rdf:li rdf:resource="http://identifiers.org/uniprot/P05067"/>
	</rdf:Bag>
	</bqbiol:isVersionOf>
	</rdf:Description>
	
	</rdf:RDF>
	</annotation>
            </species>
      <species boundaryCondition="true" compartment="Brain" constant="false" hasOnlySubstanceUnits="false" id="C99" initialConcentration="0" metaid="COPASI4" name="C99">
        <notes>
          <body xmlns="http://www.w3.org/1999/xhtml">
            <pre>C99 proteolytic product</pre>
          </body>
        </notes>
        <annotation>
          <COPASI xmlns="http://www.copasi.org/static/sbml">
            <rdf:RDF xmlns:dcterms="http://purl.org/dc/terms/" xmlns:rdf="http://www.w3.org/1999/02/22-rdf-syntax-ns#">
              <rdf:Description rdf:about="#COPASI4">
                <dcterms:created>
                  <rdf:Description>
                    <dcterms:W3CDTF>2014-10-28T13:34:50Z</dcterms:W3CDTF>
                  </rdf:Description>
                </dcterms:created>
              </rdf:Description>
            </rdf:RDF>
          </COPASI>
	<rdf:RDF xmlns:rdf="http://www.w3.org/1999/02/22-rdf-syntax-ns#" xmlns:bqbiol="http://biomodels.net/biology-qualifiers/">
            <rdf:Description rdf:about="#COPASI4">
	<bqbiol:isVersionOf>
	<rdf:Bag>
	<rdf:li rdf:resource="http://identifiers.org/uniprot/P05067"/>
	</rdf:Bag>
	</bqbiol:isVersionOf>
	</rdf:Description>
	
	</rdf:RDF>
	</annotation>
            </species>
      <species boundaryCondition="true" compartment="Brain" constant="false" hasOnlySubstanceUnits="false" id="AB" initialConcentration="0" metaid="COPASI5" name="AB">
        <notes>
          <body xmlns="http://www.w3.org/1999/xhtml">
            <pre>Amyloid-beta</pre>
          </body>
        </notes>
        <annotation>
          <COPASI xmlns="http://www.copasi.org/static/sbml">
            <rdf:RDF xmlns:dcterms="http://purl.org/dc/terms/" xmlns:rdf="http://www.w3.org/1999/02/22-rdf-syntax-ns#">
              <rdf:Description rdf:about="#COPASI5">
                <dcterms:created>
                  <rdf:Description>
                    <dcterms:W3CDTF>2014-10-28T13:35:24Z</dcterms:W3CDTF>
                  </rdf:Description>
                </dcterms:created>
              </rdf:Description>
            </rdf:RDF>
          </COPASI>
	<rdf:RDF xmlns:rdf="http://www.w3.org/1999/02/22-rdf-syntax-ns#" xmlns:bqbiol="http://biomodels.net/biology-qualifiers/">
            <rdf:Description rdf:about="#COPASI5">
	<bqbiol:isVersionOf>
	<rdf:Bag>
	<rdf:li rdf:resource="http://identifiers.org/uniprot/P05067"/>
	</rdf:Bag>
	</bqbiol:isVersionOf>
	</rdf:Description>
	
	</rdf:RDF>
	</annotation>
            </species>
      <species boundaryCondition="true" compartment="Brain" constant="true" hasOnlySubstanceUnits="false" id="X" initialConcentration="0" metaid="COPASI6" name="X">
        <notes>
          <body xmlns="http://www.w3.org/1999/xhtml">
            <pre>gamma-secretase inhibitor drug</pre>
          </body>
        </notes>
        <annotation>
          <COPASI xmlns="http://www.copasi.org/static/sbml">
            <rdf:RDF xmlns:dcterms="http://purl.org/dc/terms/" xmlns:rdf="http://www.w3.org/1999/02/22-rdf-syntax-ns#">
              <rdf:Description rdf:about="#COPASI6">
                <dcterms:created>
                  <rdf:Description>
                    <dcterms:W3CDTF>2014-10-28T13:35:36Z</dcterms:W3CDTF>
                  </rdf:Description>
                </dcterms:created>
              </rdf:Description>
            </rdf:RDF>
          </COPASI>
	<rdf:RDF xmlns:rdf="http://www.w3.org/1999/02/22-rdf-syntax-ns#" xmlns:bqbiol="http://biomodels.net/biology-qualifiers/">
            <rdf:Description rdf:about="#COPASI6">
	<bqbiol:is>
	<rdf:Bag>
	<rdf:li rdf:resource="http://identifiers.org/chembl.compound/CHEMBL177969"/>
	</rdf:Bag>
	</bqbiol:is>
	</rdf:Description>
	
	</rdf:RDF>
	</annotation>
            </species>
      <species boundaryCondition="true" compartment="Brain" constant="false" hasOnlySubstanceUnits="false" id="p3" initialConcentration="0" metaid="COPASI7" name="p3">
        <notes>
          <body xmlns="http://www.w3.org/1999/xhtml">
            <pre>Amyloid-beta p3 fragment</pre>
          </body>
        </notes>
        <annotation>
          <COPASI xmlns="http://www.copasi.org/static/sbml">
            <rdf:RDF xmlns:dcterms="http://purl.org/dc/terms/" xmlns:rdf="http://www.w3.org/1999/02/22-rdf-syntax-ns#">
              <rdf:Description rdf:about="#COPASI7">
                <dcterms:created>
                  <rdf:Description>
                    <dcterms:W3CDTF>2014-11-13T11:25:00Z</dcterms:W3CDTF>
                  </rdf:Description>
                </dcterms:created>
              </rdf:Description>
            </rdf:RDF>
          </COPASI>
	<rdf:RDF xmlns:rdf="http://www.w3.org/1999/02/22-rdf-syntax-ns#" xmlns:bqbiol="http://biomodels.net/biology-qualifiers/">
            <rdf:Description rdf:about="#COPASI7">
	<bqbiol:isVersionOf>
	<rdf:Bag>
	<rdf:li rdf:resource="http://identifiers.org/uniprot/P05067"/>
	</rdf:Bag>
	</bqbiol:isVersionOf>
	</rdf:Description>
	
	</rdf:RDF>
	</annotation>
            </species>
    </listOfSpecies>
    <listOfParameters>
      <parameter constant="true" id="v0" metaid="COPASI8" name="v0" value="1">
        <annotation>
          <COPASI xmlns="http://www.copasi.org/static/sbml">
            <rdf:RDF xmlns:dcterms="http://purl.org/dc/terms/" xmlns:rdf="http://www.w3.org/1999/02/22-rdf-syntax-ns#">
              <rdf:Description rdf:about="#COPASI8">
                <dcterms:created>
                  <rdf:Description>
                    <dcterms:W3CDTF>2014-11-11T13:12:41Z</dcterms:W3CDTF>
                  </rdf:Description>
                </dcterms:created>
              </rdf:Description>
            </rdf:RDF>
          </COPASI>
        </annotation>
            </parameter>
      <parameter constant="true" id="km1" metaid="COPASI9" name="km1" value="0.186">
        <annotation>
          <COPASI xmlns="http://www.copasi.org/static/sbml">
            <rdf:RDF xmlns:dcterms="http://purl.org/dc/terms/" xmlns:rdf="http://www.w3.org/1999/02/22-rdf-syntax-ns#">
              <rdf:Description rdf:about="#COPASI9">
                <dcterms:created>
                  <rdf:Description>
                    <dcterms:W3CDTF>2014-11-11T13:12:45Z</dcterms:W3CDTF>
                  </rdf:Description>
                </dcterms:created>
              </rdf:Description>
            </rdf:RDF>
          </COPASI>
        </annotation>
            </parameter>
      <parameter constant="true" id="vm1" metaid="COPASI10" name="vm1" value="1.1">
        <annotation>
          <COPASI xmlns="http://www.copasi.org/static/sbml">
            <rdf:RDF xmlns:dcterms="http://purl.org/dc/terms/" xmlns:rdf="http://www.w3.org/1999/02/22-rdf-syntax-ns#">
              <rdf:Description rdf:about="#COPASI10">
                <dcterms:created>
                  <rdf:Description>
                    <dcterms:W3CDTF>2014-11-11T13:12:52Z</dcterms:W3CDTF>
                  </rdf:Description>
                </dcterms:created>
              </rdf:Description>
            </rdf:RDF>
          </COPASI>
        </annotation>
            </parameter>
      <parameter constant="true" id="km3" metaid="COPASI11" name="km3" value="28.8">
        <annotation>
          <COPASI xmlns="http://www.copasi.org/static/sbml">
            <rdf:RDF xmlns:dcterms="http://purl.org/dc/terms/" xmlns:rdf="http://www.w3.org/1999/02/22-rdf-syntax-ns#">
              <rdf:Description rdf:about="#COPASI11">
                <dcterms:created>
                  <rdf:Description>
                    <dcterms:W3CDTF>2014-11-11T13:12:57Z</dcterms:W3CDTF>
                  </rdf:Description>
                </dcterms:created>
              </rdf:Description>
            </rdf:RDF>
          </COPASI>
        </annotation>
            </parameter>
      <parameter constant="true" id="vm3" metaid="COPASI12" name="vm3" value="14.6">
        <annotation>
          <COPASI xmlns="http://www.copasi.org/static/sbml">
            <rdf:RDF xmlns:dcterms="http://purl.org/dc/terms/" xmlns:rdf="http://www.w3.org/1999/02/22-rdf-syntax-ns#">
              <rdf:Description rdf:about="#COPASI12">
                <dcterms:created>
                  <rdf:Description>
                    <dcterms:W3CDTF>2014-11-11T13:13:03Z</dcterms:W3CDTF>
                  </rdf:Description>
                </dcterms:created>
              </rdf:Description>
            </rdf:RDF>
          </COPASI>
        </annotation>
            </parameter>
      <parameter constant="true" id="km4" metaid="COPASI13" name="km4" value="0.915">
        <annotation>
          <COPASI xmlns="http://www.copasi.org/static/sbml">
            <rdf:RDF xmlns:dcterms="http://purl.org/dc/terms/" xmlns:rdf="http://www.w3.org/1999/02/22-rdf-syntax-ns#">
              <rdf:Description rdf:about="#COPASI13">
                <dcterms:created>
                  <rdf:Description>
                    <dcterms:W3CDTF>2014-11-11T13:13:29Z</dcterms:W3CDTF>
                  </rdf:Description>
                </dcterms:created>
              </rdf:Description>
            </rdf:RDF>
          </COPASI>
        </annotation>
            </parameter>
      <parameter constant="true" id="vm4" metaid="COPASI14" name="vm4" value="1.71">
        <annotation>
          <COPASI xmlns="http://www.copasi.org/static/sbml">
            <rdf:RDF xmlns:dcterms="http://purl.org/dc/terms/" xmlns:rdf="http://www.w3.org/1999/02/22-rdf-syntax-ns#">
              <rdf:Description rdf:about="#COPASI14">
                <dcterms:created>
                  <rdf:Description>
                    <dcterms:W3CDTF>2014-11-11T13:13:33Z</dcterms:W3CDTF>
                  </rdf:Description>
                </dcterms:created>
              </rdf:Description>
            </rdf:RDF>
          </COPASI>
        </annotation>
            </parameter>
      <parameter constant="true" id="km5" metaid="COPASI15" name="km5" value="0.0672">
        <annotation>
          <COPASI xmlns="http://www.copasi.org/static/sbml">
            <rdf:RDF xmlns:dcterms="http://purl.org/dc/terms/" xmlns:rdf="http://www.w3.org/1999/02/22-rdf-syntax-ns#">
              <rdf:Description rdf:about="#COPASI15">
                <dcterms:created>
                  <rdf:Description>
                    <dcterms:W3CDTF>2014-11-11T13:13:35Z</dcterms:W3CDTF>
                  </rdf:Description>
                </dcterms:created>
              </rdf:Description>
            </rdf:RDF>
          </COPASI>
        </annotation>
            </parameter>
      <parameter constant="true" id="vm5" metaid="COPASI16" name="vm5" value="0.0223">
        <annotation>
          <COPASI xmlns="http://www.copasi.org/static/sbml">
            <rdf:RDF xmlns:dcterms="http://purl.org/dc/terms/" xmlns:rdf="http://www.w3.org/1999/02/22-rdf-syntax-ns#">
              <rdf:Description rdf:about="#COPASI16">
                <dcterms:created>
                  <rdf:Description>
                    <dcterms:W3CDTF>2014-11-11T13:13:38Z</dcterms:W3CDTF>
                  </rdf:Description>
                </dcterms:created>
              </rdf:Description>
            </rdf:RDF>
          </COPASI>
        </annotation>
            </parameter>
      <parameter constant="true" id="km2" metaid="COPASI17" name="km2" value="1.64">
        <annotation>
          <COPASI xmlns="http://www.copasi.org/static/sbml">
            <rdf:RDF xmlns:dcterms="http://purl.org/dc/terms/" xmlns:rdf="http://www.w3.org/1999/02/22-rdf-syntax-ns#">
              <rdf:Description rdf:about="#COPASI17">
                <dcterms:created>
                  <rdf:Description>
                    <dcterms:W3CDTF>2014-10-28T13:43:42Z</dcterms:W3CDTF>
                  </rdf:Description>
                </dcterms:created>
              </rdf:Description>
            </rdf:RDF>
          </COPASI>
        </annotation>
            </parameter>
      <parameter constant="true" id="vm2" metaid="COPASI18" name="vm2" value="0.153">
        <annotation>
          <COPASI xmlns="http://www.copasi.org/static/sbml">
            <rdf:RDF xmlns:dcterms="http://purl.org/dc/terms/" xmlns:rdf="http://www.w3.org/1999/02/22-rdf-syntax-ns#">
              <rdf:Description rdf:about="#COPASI18">
                <dcterms:created>
                  <rdf:Description>
                    <dcterms:W3CDTF>2014-10-28T13:47:24Z</dcterms:W3CDTF>
                  </rdf:Description>
                </dcterms:created>
              </rdf:Description>
            </rdf:RDF>
          </COPASI>
        </annotation>
            </parameter>
      <parameter constant="true" id="kic" metaid="COPASI19" name="kic" value="0.173">
        <annotation>
          <COPASI xmlns="http://www.copasi.org/static/sbml">
            <rdf:RDF xmlns:dcterms="http://purl.org/dc/terms/" xmlns:rdf="http://www.w3.org/1999/02/22-rdf-syntax-ns#">
              <rdf:Description rdf:about="#COPASI19">
                <dcterms:created>
                  <rdf:Description>
                    <dcterms:W3CDTF>2014-10-28T13:43:48Z</dcterms:W3CDTF>
                  </rdf:Description>
                </dcterms:created>
              </rdf:Description>
            </rdf:RDF>
          </COPASI>
        </annotation>
            </parameter>
      <parameter constant="true" id="kiu1" metaid="COPASI20" name="kiu1" value="145">
        <annotation>
          <COPASI xmlns="http://www.copasi.org/static/sbml">
            <rdf:RDF xmlns:dcterms="http://purl.org/dc/terms/" xmlns:rdf="http://www.w3.org/1999/02/22-rdf-syntax-ns#">
              <rdf:Description rdf:about="#COPASI20">
                <dcterms:created>
                  <rdf:Description>
                    <dcterms:W3CDTF>2014-10-28T13:49:12Z</dcterms:W3CDTF>
                  </rdf:Description>
                </dcterms:created>
              </rdf:Description>
            </rdf:RDF>
          </COPASI>
        </annotation>
            </parameter>
      <parameter constant="true" id="kiu2" metaid="COPASI21" name="kiu2" value="7.31">
        <annotation>
          <COPASI xmlns="http://www.copasi.org/static/sbml">
            <rdf:RDF xmlns:dcterms="http://purl.org/dc/terms/" xmlns:rdf="http://www.w3.org/1999/02/22-rdf-syntax-ns#">
              <rdf:Description rdf:about="#COPASI21">
                <dcterms:created>
                  <rdf:Description>
                    <dcterms:W3CDTF>2014-10-28T13:49:19Z</dcterms:W3CDTF>
                  </rdf:Description>
                </dcterms:created>
              </rdf:Description>
            </rdf:RDF>
          </COPASI>
        </annotation>
            </parameter>
      <parameter constant="false" id="den" metaid="COPASI22" name="den" value="1">
        <annotation>
          <COPASI xmlns="http://www.copasi.org/static/sbml">
            <rdf:RDF xmlns:dcterms="http://purl.org/dc/terms/" xmlns:rdf="http://www.w3.org/1999/02/22-rdf-syntax-ns#">
              <rdf:Description rdf:about="#COPASI22">
                <dcterms:created>
                  <rdf:Description>
                    <dcterms:W3CDTF>2014-10-28T13:19:08Z</dcterms:W3CDTF>
                  </rdf:Description>
                </dcterms:created>
              </rdf:Description>
            </rdf:RDF>
          </COPASI>
        </annotation>
            </parameter>
    </listOfParameters>
    <listOfRules>
      <assignmentRule metaid="_3d846282-8634-4c34-ac24-b7bc34ca5ff6" variable="den">
        <math xmlns="http://www.w3.org/1998/Math/MathML">        
          <apply>
            <plus/>
            <cn> 1 </cn>
            <apply>
              <times/>
              <apply>
                <divide/>
                <ci> C83 </ci>
                <ci> km3 </ci>
              </apply>
              <apply>
                <divide/>
                <apply>
                  <plus/>
                  <cn> 1 </cn>
                  <apply>
                    <divide/>
                    <ci> X </ci>
                    <ci> kiu1 </ci>
                  </apply>
                </apply>
                <apply>
                  <plus/>
                  <cn> 1 </cn>
                  <apply>
                    <divide/>
                    <ci> X </ci>
                    <ci> kic </ci>
                  </apply>
                </apply>
              </apply>
            </apply>
            <apply>
              <times/>
              <apply>
                <divide/>
                <ci> C99 </ci>
                <ci> km4 </ci>
              </apply>
              <apply>
                <divide/>
                <apply>
                  <plus/>
                  <cn> 1 </cn>
                  <apply>
                    <divide/>
                    <ci> X </ci>
                    <ci> kiu2 </ci>
                  </apply>
                </apply>
                <apply>
                  <plus/>
                  <cn> 1 </cn>
                  <apply>
                    <divide/>
                    <ci> X </ci>
                    <ci> kic </ci>
                  </apply>
                </apply>
              </apply>
            </apply>
          </apply>
        </math>
            </assignmentRule>
      <rateRule metaid="_64beeb5a-71c4-43d2-bceb-2ec1b1f188e7" variable="APP">
        <math xmlns="http://www.w3.org/1998/Math/MathML">        
          <apply>
            <minus/>
            <apply>
              <minus/>
              <ci> r0 </ci>
              <ci> r1 </ci>
            </apply>
            <ci> r2 </ci>
          </apply>
        </math>
            </rateRule>
      <rateRule metaid="_9e8feaa7-690f-486a-bb0f-9f4277364716" variable="C83">
        <math xmlns="http://www.w3.org/1998/Math/MathML">        
          <apply>
            <minus/>
            <apply>
              <plus/>
              <ci> r1 </ci>
              <ci> r5 </ci>
            </apply>
            <ci> r3__D </ci>
          </apply>
        </math>
            </rateRule>
      <rateRule metaid="a438928d-d958-42aa-ae8f-434c3d695695" variable="C99">
        <math xmlns="http://www.w3.org/1998/Math/MathML">        
          <apply>
            <minus/>
            <apply>
              <minus/>
              <ci> r2 </ci>
              <ci> r5 </ci>
            </apply>
            <ci> r4__D </ci>
          </apply>
        </math>
            </rateRule>
      <rateRule metaid="_6157e5d6-b546-4276-bee8-55d62d607e97" variable="AB">
        <math xmlns="http://www.w3.org/1998/Math/MathML">        
          <ci> r4__D </ci>
        </math>
            </rateRule>
      <rateRule metaid="f9420f15-97b1-4469-8506-964b1c244869" variable="p3">
        <math xmlns="http://www.w3.org/1998/Math/MathML">        
          <ci> r3__D </ci>
        </math>
            </rateRule>
    </listOfRules>
    <listOfReactions>
      <reaction id="r0" metaid="COPASI23" name="r0" reversible="false">
        <annotation>
          <COPASI xmlns="http://www.copasi.org/static/sbml">
            <rdf:RDF xmlns:dcterms="http://purl.org/dc/terms/" xmlns:rdf="http://www.w3.org/1999/02/22-rdf-syntax-ns#">
              <rdf:Description rdf:about="#COPASI23">
                <dcterms:created>
                  <rdf:Description>
                    <dcterms:W3CDTF>2014-11-13T11:41:44Z</dcterms:W3CDTF>
                  </rdf:Description>
                </dcterms:created>
              </rdf:Description>
            </rdf:RDF>
          </COPASI>
        </annotation>
              <listOfProducts>
          <speciesReference metaid="_021f06a6-9be1-4c05-ac47-eef7d7a638b0" species="APP" stoichiometry="1"/>
        </listOfProducts>
        <kineticLaw metaid="f0bca4dc-847f-44b5-8a1c-fe8e82d3ae45">
          <math xmlns="http://www.w3.org/1998/Math/MathML">          
            <apply>
              <times/>
              <ci> Brain </ci>
              <apply>
                <ci> Constant_flux__irreversible </ci>
                <ci> v0 </ci>
              </apply>
            </apply>
          </math>
                </kineticLaw>
      </reaction>
      <reaction id="r1" metaid="COPASI24" name="r1" reversible="false">
        <annotation>
          <COPASI xmlns="http://www.copasi.org/static/sbml">
            <rdf:RDF xmlns:dcterms="http://purl.org/dc/terms/" xmlns:rdf="http://www.w3.org/1999/02/22-rdf-syntax-ns#">
              <rdf:Description rdf:about="#COPASI24">
                <dcterms:created>
                  <rdf:Description>
                    <dcterms:W3CDTF>2014-11-13T11:45:43Z</dcterms:W3CDTF>
                  </rdf:Description>
                </dcterms:created>
              </rdf:Description>
            </rdf:RDF>
          </COPASI>
        </annotation>
              <listOfReactants>
          <speciesReference metaid="_099d5f55-1963-4445-9935-6b3b590887fb" species="APP" stoichiometry="1"/>
        </listOfReactants>
        <listOfProducts>
          <speciesReference metaid="_30f48994-b1d9-4e75-94ea-6fb38c701be6" species="C83" stoichiometry="1"/>
        </listOfProducts>
        <listOfModifiers>
          <modifierSpeciesReference metaid="_3a886cf8-c24c-4f58-92af-48c62e94ab9c" species="C99"/>
          <modifierSpeciesReference metaid="_622e1c59-5663-4980-8ec2-d1863d460964" species="APP"/>
          <modifierSpeciesReference metaid="d56ef61d-0313-4bb6-8f2a-b7c72d96b589" species="C99"/>
        </listOfModifiers>
        <kineticLaw metaid="_58848bd1-fb9f-4425-81c3-14687dbae0a8">
          <math xmlns="http://www.w3.org/1998/Math/MathML">          
            <apply>
              <times/>
              <ci> Brain </ci>
              <apply>
                <ci> V1_3_4_5 </ci>
                <ci> vm1 </ci>
                <ci> APP </ci>
                <ci> km1 </ci>
                <ci> C99 </ci>
                <ci> km5 </ci>
              </apply>
            </apply>
          </math>
                </kineticLaw>
      </reaction>
      <reaction id="r2" metaid="COPASI25" name="r2" reversible="false">
        <annotation>
          <COPASI xmlns="http://www.copasi.org/static/sbml">
            <rdf:RDF xmlns:dcterms="http://purl.org/dc/terms/" xmlns:rdf="http://www.w3.org/1999/02/22-rdf-syntax-ns#">
              <rdf:Description rdf:about="#COPASI25">
                <dcterms:created>
                  <rdf:Description>
                    <dcterms:W3CDTF>2014-11-13T11:48:19Z</dcterms:W3CDTF>
                  </rdf:Description>
                </dcterms:created>
              </rdf:Description>
            </rdf:RDF>
          </COPASI>
        </annotation>
              <listOfReactants>
          <speciesReference metaid="_11cc6c80-79fb-4a61-a379-137965e70d91" species="APP" stoichiometry="1"/>
        </listOfReactants>
        <listOfProducts>
          <speciesReference metaid="bf4096e0-a64f-4640-96d6-5791207176ea" species="C99" stoichiometry="1"/>
        </listOfProducts>
        <listOfModifiers>
          <modifierSpeciesReference metaid="_4fe2c95e-4ca3-4754-a515-a281d5ae26c0" species="APP"/>
        </listOfModifiers>
        <kineticLaw metaid="a6c5ae86-d40a-4c70-b900-aecd84d3ddf5">
          <math xmlns="http://www.w3.org/1998/Math/MathML">          
            <apply>
              <times/>
              <ci> Brain </ci>
              <apply>
                <ci> V2 </ci>
                <ci> vm2 </ci>
                <ci> APP </ci>
                <ci> km2 </ci>
              </apply>
            </apply>
          </math>
                </kineticLaw>
      </reaction>
      <reaction id="r3__ND" metaid="COPASI26" name="r3 (ND)" reversible="false">
        <annotation>
          <COPASI xmlns="http://www.copasi.org/static/sbml">
            <rdf:RDF xmlns:dcterms="http://purl.org/dc/terms/" xmlns:rdf="http://www.w3.org/1999/02/22-rdf-syntax-ns#">
              <rdf:Description rdf:about="#COPASI26">
                <dcterms:created>
                  <rdf:Description>
                    <dcterms:W3CDTF>2014-11-13T11:49:50Z</dcterms:W3CDTF>
                  </rdf:Description>
                </dcterms:created>
              </rdf:Description>
            </rdf:RDF>
          </COPASI>
        </annotation>
              <listOfReactants>
          <speciesReference metaid="_180753bd-8952-491c-86b6-85e9ab95167e" species="C83" stoichiometry="1"/>
        </listOfReactants>
        <listOfProducts>
          <speciesReference metaid="_7c16a352-11f5-49f4-b104-45a4c53a1b0f" species="p3" stoichiometry="1"/>
        </listOfProducts>
        <listOfModifiers>
          <modifierSpeciesReference metaid="_3d9061c2-eca8-4a21-b31f-de5895236f84" species="C99"/>
          <modifierSpeciesReference metaid="_90053ab3-fb78-4a2f-8db0-105c4f97e03b" species="C83"/>
          <modifierSpeciesReference metaid="deb3440e-e9ca-4b72-8cf3-1f59f62b5fa7" species="C99"/>
        </listOfModifiers>
        <kineticLaw metaid="_952ae5ad-4ac1-46cd-a8a7-10404c4480cb">
          <math xmlns="http://www.w3.org/1998/Math/MathML">          
            <apply>
              <times/>
              <ci> Brain </ci>
              <apply>
                <ci> V1_3_4_5 </ci>
                <ci> vm3 </ci>
                <ci> C83 </ci>
                <ci> km3 </ci>
                <ci> C99 </ci>
                <ci> km4 </ci>
              </apply>
            </apply>
          </math>
                </kineticLaw>
      </reaction>
      <reaction id="r4__ND" metaid="COPASI27" name="r4 (ND)" reversible="false">
        <annotation>
          <COPASI xmlns="http://www.copasi.org/static/sbml">
            <rdf:RDF xmlns:dcterms="http://purl.org/dc/terms/" xmlns:rdf="http://www.w3.org/1999/02/22-rdf-syntax-ns#">
              <rdf:Description rdf:about="#COPASI27">
                <dcterms:created>
                  <rdf:Description>
                    <dcterms:W3CDTF>2014-11-13T11:51:32Z</dcterms:W3CDTF>
                  </rdf:Description>
                </dcterms:created>
              </rdf:Description>
            </rdf:RDF>
          </COPASI>
        </annotation>
              <listOfReactants>
          <speciesReference metaid="_653a5acf-385d-4bd0-a6f6-e5d7da7ba28e" species="C99" stoichiometry="1"/>
        </listOfReactants>
        <listOfProducts>
          <speciesReference metaid="c69411f0-3aeb-4763-a64d-874f00d64517" species="AB" stoichiometry="1"/>
        </listOfProducts>
        <listOfModifiers>
          <modifierSpeciesReference metaid="_0a3da496-dd21-4b4e-b76b-13026bd8df33" species="C83"/>
          <modifierSpeciesReference metaid="e130e2e8-589c-49ca-bc26-4751b1aae2ef" species="C99"/>
          <modifierSpeciesReference metaid="d1d9e8f4-8134-4630-bc34-e47127f2b2d0" species="C83"/>
        </listOfModifiers>
        <kineticLaw metaid="_453704c6-5bd7-4607-b38c-560eb8ad2905">
          <math xmlns="http://www.w3.org/1998/Math/MathML">          
            <apply>
              <times/>
              <ci> Brain </ci>
              <apply>
                <ci> V1_3_4_5 </ci>
                <ci> vm4 </ci>
                <ci> C99 </ci>
                <ci> km4 </ci>
                <ci> C83 </ci>
                <ci> km3 </ci>
              </apply>
            </apply>
          </math>
                </kineticLaw>
      </reaction>
      <reaction id="r5" metaid="COPASI28" name="r5" reversible="false">
        <annotation>
          <COPASI xmlns="http://www.copasi.org/static/sbml">
            <rdf:RDF xmlns:dcterms="http://purl.org/dc/terms/" xmlns:rdf="http://www.w3.org/1999/02/22-rdf-syntax-ns#">
              <rdf:Description rdf:about="#COPASI28">
                <dcterms:created>
                  <rdf:Description>
                    <dcterms:W3CDTF>2014-11-13T11:52:21Z</dcterms:W3CDTF>
                  </rdf:Description>
                </dcterms:created>
              </rdf:Description>
            </rdf:RDF>
          </COPASI>
        </annotation>
              <listOfReactants>
          <speciesReference metaid="e8b5719d-eb50-4a5d-b32a-5be921c32e33" species="C99" stoichiometry="1"/>
        </listOfReactants>
        <listOfProducts>
          <speciesReference metaid="_2431cdd9-71a4-416d-8f48-447744c8e817" species="C83" stoichiometry="1"/>
        </listOfProducts>
        <listOfModifiers>
          <modifierSpeciesReference metaid="d731cbc6-76ca-4320-ad67-7da738374fdf" species="APP"/>
          <modifierSpeciesReference metaid="_8d2ca30c-5f9b-412b-a483-c702f86923b7" species="C99"/>
          <modifierSpeciesReference metaid="_4fd38ffa-2010-4ef7-b2c6-5219c517140c" species="APP"/>
        </listOfModifiers>
        <kineticLaw metaid="_73e20bbf-7c3b-4410-928d-277c14a8e1eb">
          <math xmlns="http://www.w3.org/1998/Math/MathML">          
            <apply>
              <times/>
              <ci> Brain </ci>
              <apply>
                <ci> V1_3_4_5 </ci>
                <ci> vm5 </ci>
                <ci> C99 </ci>
                <ci> km5 </ci>
                <ci> APP </ci>
                <ci> km1 </ci>
              </apply>
            </apply>
          </math>
                </kineticLaw>
      </reaction>
      <reaction id="r3__D" metaid="COPASI29" name="r3 (D)" reversible="false">
        <annotation>
          <COPASI xmlns="http://www.copasi.org/static/sbml">
            <rdf:RDF xmlns:dcterms="http://purl.org/dc/terms/" xmlns:rdf="http://www.w3.org/1999/02/22-rdf-syntax-ns#">
              <rdf:Description rdf:about="#COPASI29">
                <dcterms:created>
                  <rdf:Description>
                    <dcterms:W3CDTF>2014-11-13T11:58:43Z</dcterms:W3CDTF>
                  </rdf:Description>
                </dcterms:created>
              </rdf:Description>
            </rdf:RDF>
          </COPASI>
        </annotation>
              <listOfReactants>
          <speciesReference metaid="_96b59da2-4a0e-4375-b8e1-675a8a2f4b68" species="C83" stoichiometry="1"/>
        </listOfReactants>
        <listOfProducts>
          <speciesReference metaid="_510cb758-5eb8-4aac-bff9-3c28c685472c" species="p3" stoichiometry="1"/>
        </listOfProducts>
        <listOfModifiers>
          <modifierSpeciesReference metaid="ef4a6201-f83f-4287-ab0f-06d3b8016b40" species="X"/>
          <modifierSpeciesReference metaid="ab2816a3-56e5-423b-9f11-13f99c125d32" species="X"/>
          <modifierSpeciesReference metaid="_5dfb9d22-9084-419e-81f0-88ecf5084f6a" species="C83"/>
        </listOfModifiers>
        <kineticLaw metaid="_97d34ba3-dd3c-4939-963b-42fb2576a75c">
          <math xmlns="http://www.w3.org/1998/Math/MathML">          
            <apply>
              <times/>
              <ci> Brain </ci>
              <apply>
                <ci> VD </ci>
                <ci> vm3 </ci>
                <ci> X </ci>
                <ci> kic </ci>
                <ci> C83 </ci>
                <ci> km3 </ci>
                <ci> den </ci>
              </apply>
            </apply>
          </math>
                </kineticLaw>
      </reaction>
      <reaction id="r4__D" metaid="COPASI30" name="r4 (D)" reversible="false">
        <annotation>
          <COPASI xmlns="http://www.copasi.org/static/sbml">
            <rdf:RDF xmlns:dcterms="http://purl.org/dc/terms/" xmlns:rdf="http://www.w3.org/1999/02/22-rdf-syntax-ns#">
              <rdf:Description rdf:about="#COPASI30">
                <dcterms:created>
                  <rdf:Description>
                    <dcterms:W3CDTF>2014-11-13T12:48:48Z</dcterms:W3CDTF>
                  </rdf:Description>
                </dcterms:created>
              </rdf:Description>
            </rdf:RDF>
          </COPASI>
        </annotation>
              <listOfReactants>
          <speciesReference metaid="d54f4d85-f67d-44d8-b2f2-46b2f7505283" species="C99" stoichiometry="1"/>
        </listOfReactants>
        <listOfProducts>
          <speciesReference metaid="_3d480be2-cd37-4ae7-9006-fd85361bec49" species="AB" stoichiometry="1"/>
        </listOfProducts>
        <listOfModifiers>
          <modifierSpeciesReference metaid="_91eaa8ed-8a53-4c16-b41d-101b5633406a" species="X"/>
          <modifierSpeciesReference metaid="_70138d52-4faa-4434-bfd6-3ef9fe0ef322" species="X"/>
          <modifierSpeciesReference metaid="abf4b545-2173-4bc5-8732-4f0c2434ef36" species="C99"/>
        </listOfModifiers>
        <kineticLaw metaid="_7726c12a-903d-4bac-9670-7f59ad8f8cd3">
          <math xmlns="http://www.w3.org/1998/Math/MathML">          
            <apply>
              <times/>
              <ci> Brain </ci>
              <apply>
                <ci> VD </ci>
                <ci> vm4 </ci>
                <ci> X </ci>
                <ci> kic </ci>
                <ci> C99 </ci>
                <ci> km4 </ci>
                <ci> den </ci>
              </apply>
            </apply>
          </math>
                </kineticLaw>
      </reaction>
    </listOfReactions>
  </model>
</sbml>