<?xml version='1.0' encoding='UTF-8' standalone='no'?>
<sbml xmlns="http://www.sbml.org/sbml/level2/version4" level="2" metaid="b625e87a-d809-44d5-84c5-33ce472bc6de" version="4">
  <model id="MODEL1509230011" metaid="_c7d2164d-5182-4cd2-9fef-ae5a1f7cf9f5" name="Sluka2016 - Acetaminophen metabolism">
    <notes>
      <body xmlns="http://www.w3.org/1999/xhtml">
        <div class="dc:title">Sluka2016 - Acetaminophen metabolism</div>
<div class="dc:description">
<b>Liver metabolism of Acetaminophen:</b> Acetaminophen (APAP) is
metabolized in the liver in both Phase I and Phase II reactions.
Phase II reactions convert APAP to APAP-glucuronide and
APAP-sulfate. Phase I reactions involve Cytochrome P450 mediated
(mostly Cyp450-2E1 and -1A2) conversion of APAP to
N-acetyle-p-quinoneimine (NAPQI), which goes on to react with
cellular nucleophiles such as glutathione (GSH). At high doses of
APAP significant GSH depletion in hepatocyte occurs resulting in
cell necrosis and and in extreme cases death.</div>
<div class="dc:bibliographicCitation">
  <p>This model is described in the article:</p>
  <div class="bibo:title">
    <a href="http://identifiers.org/pubmed/27636091" title="Access to this publication">A Liver-Centric Multiscale
    Modeling Framework for Xenobiotics.</a>
  </div>
  <div class="bibo:authorList">Sluka JP, Fu X, Swat M, Belmonte JM,
  Cosmanescu A, Clendenon SG, Wambaugh JF, Glazier JA.</div>
  <div class="bibo:Journal">PLoS ONE 2016; 11(9): e0162428</div>
  <p>Abstract:</p>
  <div class="bibo:abstract">
    <p>We describe a multi-scale, liver-centric in silico modeling
    framework for acetaminophen pharmacology and metabolism. We
    focus on a computational model to characterize whole body
    uptake and clearance, liver transport and phase I and phase II
    metabolism. We do this by incorporating sub-models that span
    three scales; Physiologically Based Pharmacokinetic (PBPK)
    modeling of acetaminophen uptake and distribution at the whole
    body level, cell and blood flow modeling at the tissue/organ
    level and metabolism at the sub-cellular level. We have used
    standard modeling modalities at each of the three scales. In
    particular, we have used the Systems Biology Markup Language
    (SBML) to create both the whole-body and sub-cellular scales.
    Our modeling approach allows us to run the individual
    sub-models separately and allows us to easily exchange models
    at a particular scale without the need to extensively rework
    the sub-models at other scales. In addition, the use of SBML
    greatly facilitates the inclusion of biological annotations
    directly in the model code. The model was calibrated using
    human in vivo data for acetaminophen and its sulfate and
    glucuronate metabolites. We then carried out extensive
    parameter sensitivity studies including the pairwise
    interaction of parameters. We also simulated population
    variation of exposure and sensitivity to acetaminophen. Our
    modeling framework can be extended to the prediction of liver
    toxicity following acetaminophen overdose, or used as a general
    purpose pharmacokinetic model for xenobiotics.</p>
  </div>
</div>
<div class="dc:publisher">
  <p>This model is hosted on 
  <a href="http://www.ebi.ac.uk/biomodels/">BioModels Database</a>
  and identified by: 
  <a href="http://identifiers.org/biomodels.db/BIOMD0000000624">BIOMD0000000624</a>.</p>
  <p>To cite BioModels Database, please use: 
  <a href="http://identifiers.org/pubmed/20587024" title="Latest BioModels Database publication">BioModels Database:
  An enhanced, curated and annotated resource for published
  quantitative kinetic models</a>.</p>
</div>
<div class="dc:license">
  <p>To the extent possible under law, all copyright and related or
  neighbouring rights to this encoded model have been dedicated to
  the public domain worldwide. Please refer to 
  <a href="http://creativecommons.org/publicdomain/zero/1.0/" title="Access to: CC0 1.0 Universal (CC0 1.0), Public Domain Dedication">CC0
  Public Domain Dedication</a> for more information.</p>
</div>
</body>
    </notes>
    <annotation>
	<rdf:RDF xmlns:rdf="http://www.w3.org/1999/02/22-rdf-syntax-ns#" xmlns:dc="http://purl.org/dc/elements/1.1/" xmlns:vCard="http://www.w3.org/2001/vcard-rdf/3.0#" xmlns:dcterms="http://purl.org/dc/terms/" xmlns:bqmodel="http://biomodels.net/model-qualifiers/" xmlns:bqbiol="http://biomodels.net/biology-qualifiers/">
        <rdf:Description rdf:about="#_c7d2164d-5182-4cd2-9fef-ae5a1f7cf9f5">
	<dc:creator>
	<rdf:Bag>
	<rdf:li rdf:parseType="Resource">
	<vCard:N rdf:parseType="Resource">
	<vCard:Family>Chelliah</vCard:Family>
	<vCard:Given>Vijayalakshmi</vCard:Given>
	</vCard:N>
	<vCard:EMAIL>viji@ebi.ac.uk</vCard:EMAIL>
	<vCard:ORG rdf:parseType="Resource">
	<vCard:Orgname>EMBL-EBI</vCard:Orgname>
	</vCard:ORG>
	</rdf:li>
	<rdf:li rdf:parseType="Resource">
	<vCard:N rdf:parseType="Resource">
	<vCard:Family>Sluka</vCard:Family>
	<vCard:Given>James</vCard:Given>
	</vCard:N>
	<vCard:EMAIL>JSluka@indiana.edu</vCard:EMAIL>
	<vCard:ORG rdf:parseType="Resource">
	<vCard:Orgname>Indiana University</vCard:Orgname>
	</vCard:ORG>
	</rdf:li>
	</rdf:Bag>
	</dc:creator>
	<dcterms:created rdf:parseType="Resource">
	<dcterms:W3CDTF>2014-07-29T12:00:00Z</dcterms:W3CDTF>
	</dcterms:created>
	<dcterms:modified rdf:parseType="Resource">
	<dcterms:W3CDTF>2017-04-12T15:29:46Z</dcterms:W3CDTF>
	</dcterms:modified>
	<bqmodel:is>
	<rdf:Bag>
	<rdf:li rdf:resource="http://identifiers.org/biomodels.db/MODEL1509230011"/>
	</rdf:Bag>
	</bqmodel:is>
	<bqmodel:is>
	<rdf:Bag>
	<rdf:li rdf:resource="http://identifiers.org/biomodels.db/BIOMD0000000624"/>
	</rdf:Bag>
	</bqmodel:is>
	<bqmodel:isDescribedBy>
	<rdf:Bag>
	<rdf:li rdf:resource="http://identifiers.org/pubmed/27636091"/>
	</rdf:Bag>
	</bqmodel:isDescribedBy>
	<bqbiol:hasTaxon>
	<rdf:Bag>
	<rdf:li rdf:resource="http://identifiers.org/taxonomy/9606"/>
	</rdf:Bag>
	</bqbiol:hasTaxon>
	<bqbiol:isVersionOf>
	<rdf:Bag>
	<rdf:li rdf:resource="http://identifiers.org/go/GO:0042739"/>
	</rdf:Bag>
	</bqbiol:isVersionOf>
	<bqbiol:hasProperty>
	<rdf:Bag>
	<rdf:li rdf:resource="http://identifiers.org/efo/0004228"/>
	</rdf:Bag>
	</bqbiol:hasProperty>
	</rdf:Description>
	
	
	
	
	
	</rdf:RDF>
	</annotation>
      <listOfUnitDefinitions>
      <unitDefinition id="substance" metaid="_9588c5ac-4935-4365-9ae3-14e647eb1a7d" name="millimole">
        <listOfUnits>
          <unit kind="mole" metaid="_356b3115-cf4b-4c02-99d4-c237b5938af5" scale="-3"/>
        </listOfUnits>
      </unitDefinition>
      <unitDefinition id="time" metaid="a083b507-8a65-4535-ba40-5797660e33aa" name="second">
        <listOfUnits>
          <unit kind="second" metaid="a94b91cc-dd1a-4533-9af1-fd13d8f6080e" multiplier="1"/>
        </listOfUnits>
      </unitDefinition>
      <unitDefinition id="first_order_rate_constant" metaid="_9b0b1fec-363d-441a-9e3b-c05c64b0d9cc" name="first_order_rate_constant">
        <listOfUnits>
          <unit exponent="-1" kind="second" metaid="c2d1cdee-5afe-4d8d-9b8e-fa5ba8bcb4e1" multiplier="1"/>
        </listOfUnits>
      </unitDefinition>
      <unitDefinition id="second_order_rate_constant" metaid="dcf1b4fb-55b7-4922-8581-51c2f372355e" name="second_order_rate_constant">
        <listOfUnits>
          <unit exponent="-1" kind="mole" metaid="e10dbfe6-4fed-45b6-a014-89560159d956" scale="-3"/>
          <unit exponent="-1" kind="second" metaid="_1463d51c-60a5-46d7-a5e9-b6c3d4d93939" multiplier="1"/>
        </listOfUnits>
      </unitDefinition>
      <unitDefinition id="flux" metaid="a3c8dc0a-93c8-4c2c-9971-c698d9ddff17" name="flux">
        <listOfUnits>
          <unit kind="mole" metaid="_6da7ba02-3fc2-45a4-bea4-dfaac0bce611" scale="-3"/>
          <unit exponent="-1" kind="second" metaid="_802b4ddb-6bbb-426a-b3a7-839eeedd32df" multiplier="1"/>
        </listOfUnits>
      </unitDefinition>
      <unitDefinition id="millimolar" metaid="_01a7a194-157e-4574-a086-3e5281aaa228" name="millimolar">
        <listOfUnits>
          <unit kind="mole" metaid="_9fdcf694-7fb3-4e46-a451-fb942c2cd46c" scale="-3"/>
          <unit exponent="-1" kind="litre" metaid="_4f19b362-e1bb-4a27-9d7c-16187e304c57"/>
        </listOfUnits>
      </unitDefinition>
    </listOfUnitDefinitions>
    <listOfCompartments>
      <compartment id="compartment" metaid="_50e354a0-ea5c-43e8-a444-4f10c0259b21" name="Hepatocyte" size="1" spatialDimensions="3" units="litre">
        <notes>
          <body xmlns="http://www.w3.org/1999/xhtml">
                <h2>A single liver hepatocyte (parenchymal) cell.</h2>
                    <pre>FMA:68646	Cell
FMA:14515	Hepatocyte
GO:0005623	Cell</pre>
                    </body>
          
        </notes>
        <annotation>
	<rdf:RDF xmlns:rdf="http://www.w3.org/1999/02/22-rdf-syntax-ns#" xmlns:bqbiol="http://biomodels.net/biology-qualifiers/">
            <rdf:Description rdf:about="#_50e354a0-ea5c-43e8-a444-4f10c0259b21">
              <bqbiol:is>
	<rdf:Bag>
	<rdf:li rdf:resource="http://identifiers.org/obo.FMA/FMA:68646"/>
	</rdf:Bag>
	</bqbiol:is>
	<bqbiol:is>
	<rdf:Bag>
	<rdf:li rdf:resource="http://identifiers.org/obo.FMA/FMA:14515"/>
	</rdf:Bag>
	</bqbiol:is>
	
	<bqbiol:is>
	<rdf:Bag>
	<rdf:li rdf:resource="http://identifiers.org/bto/BTO:0000575"/>
	</rdf:Bag>
	</bqbiol:is>
	</rdf:Description>
	
	
	
	
	
	
	</rdf:RDF>
	</annotation>
            </compartment>
    </listOfCompartments>
    <listOfSpecies>
      <species boundaryCondition="true" compartment="compartment" id="X1" initialConcentration="0" metaid="_8e5dbccd-d5fd-4705-8355-d42ab82bb9b8" name="X1" substanceUnits="substance">
        <notes>
          <p xmlns="http://www.w3.org/1999/xhtml">
        Generic precursor to GSH.</p>
          
        </notes>
      </species>
      <species boundaryCondition="false" compartment="compartment" hasOnlySubstanceUnits="false" id="APAP" initialConcentration="0.1" metaid="_7ad35bb2-9ec4-4c09-960f-813031878d3f" name="APAP" substanceUnits="substance">
        <notes>
          <body xmlns="http://www.w3.org/1999/xhtml">
                <h2>Acetaminophen (N-acetyl-p-aminophenol APAP).</h2>
                    <p>Formula: C8H9NO2          <br/>
              Mol. mass: 151.163 g/mol          <br/>
              InChIKey: RZVAJINKPMORJF-UHFFFAOYSA-N          <br/>
                        <br/>
              Also known as: Paracetamol, 4-Acetamidophenol, Tylenol, APAP, Acetaminofen, Panadol, Datril, 4'-Hydroxyacetanilide, Algotropyl          <br/>
                        <br/>
              CHEBI:46195          </p>
                    </body>
          
        </notes>
        <annotation>
	<rdf:RDF xmlns:rdf="http://www.w3.org/1999/02/22-rdf-syntax-ns#" xmlns:bqbiol="http://biomodels.net/biology-qualifiers/">
            <rdf:Description rdf:about="#_7ad35bb2-9ec4-4c09-960f-813031878d3f">
	<bqbiol:is>
	<rdf:Bag>
	<rdf:li rdf:resource="http://identifiers.org/chebi/CHEBI:46195"/>
	</rdf:Bag>
	</bqbiol:is>
	</rdf:Description>
	
	
	
	
	
	</rdf:RDF>
	</annotation>
            </species>
      <species boundaryCondition="false" compartment="compartment" id="NAPQI" initialConcentration="0" metaid="_ee25db80-7f20-406d-8b04-c9fa5f27256b" name="NAPQI" substanceUnits="substance">
        <notes>
          <body xmlns="http://www.w3.org/1999/xhtml">
                <h2>N-Acetyl paraquinone imine (NAPQI)</h2>
                    <p>Also known as: N-acetyl-4-benzoquinoneimine, Acetimidoquinone, N-Acetylbenzoquinoneimine, 
					N-Acetyl-P-benzoquinoneimine, N-Acetyl-p-benzoquinone imine, N-acetyl-1,4-benzoquinone imine          <br/>
                        <br/>
              A CypP450 oxidation product of Acetaminophen.          <br/>
                        <br/>
              Molecular Formula: C8H7NO2          <br/>
              Molecular Weight: 149.14668          <br/>
              InChIKey: URNSECGXFRDEDC-UHFFFAOYSA-N          <br/>
                        <br/>
              CHEBI:29132          </p>
                    </body>
          
        </notes>
        <annotation>
	<rdf:RDF xmlns:rdf="http://www.w3.org/1999/02/22-rdf-syntax-ns#" xmlns:bqbiol="http://biomodels.net/biology-qualifiers/">
            <rdf:Description rdf:about="#_ee25db80-7f20-406d-8b04-c9fa5f27256b">
	<bqbiol:is>
	<rdf:Bag>
	<rdf:li rdf:resource="http://identifiers.org/chebi/CHEBI:29132"/>
	</rdf:Bag>
	</bqbiol:is>
	</rdf:Description>
	
	
	
	
	
	</rdf:RDF>
	</annotation>
            </species>
      <species boundaryCondition="false" compartment="compartment" id="GSH" initialConcentration="10" metaid="_f8866fe4-89a7-416f-ae9a-b94d782ff588" name="GSH" substanceUnits="substance">
        <notes>
          <body xmlns="http://www.w3.org/1999/xhtml">
                <h2>Glutathione (GSH), reduced.</h2>
                    <p>gamma-L-Glutamyl-L-Cysteinyl-Glycine.          <br/>
                        <br/>
              Molecular formula: C10H17N3O6S          <br/>
              Molar mass: 307.32 g/mol          </p>
                    </body>
          
        </notes>
        <annotation>
	<rdf:RDF xmlns:rdf="http://www.w3.org/1999/02/22-rdf-syntax-ns#" xmlns:bqbiol="http://biomodels.net/biology-qualifiers/">
            <rdf:Description rdf:about="#_f8866fe4-89a7-416f-ae9a-b94d782ff588">
	<bqbiol:is>
	<rdf:Bag>
	<rdf:li rdf:resource="http://identifiers.org/chebi/CHEBI:16856"/>
	</rdf:Bag>
	</bqbiol:is>
	</rdf:Description>
	
	
	
	
	
	</rdf:RDF>
	</annotation>
            </species>
      <species boundaryCondition="false" compartment="compartment" id="NAPQIGSH" initialConcentration="0" metaid="_5d87a921-da21-4e1b-a428-a1abbb7e2334" name="NAPQIGSH" substanceUnits="substance">
        <notes>
          <body xmlns="http://www.w3.org/1999/xhtml">
                <h2>N-Acetyl paraquinone imine - Glutathione Conjugate (NAPQIGSH)</h2>
                    <p>Product of the reaction of NAPQI and glutathion.          <br/>
                        <br/>
              Also known as:3-(glutathion-S-yl)acetaminophen,  AA-Glutathion, AA-Gsh, Acetaminophen glutathion, 
			  Glutathione-S-acetaminophen conjugate, 3-Gsh-acetaminophen, 64889-81-2          <br/>
                        <br/>
              Molecular Formula: C18H24N4O8S          <br/>
              Molecular Weight: 456.47016          <br/>
              InChIKey: VFNAXGMNFCUWCI-RYUDHWBXSA-N          <br/>
                        <br/>
              CHEBI:32639          </p>
                    </body>
          
        </notes>
        <annotation>
	<rdf:RDF xmlns:rdf="http://www.w3.org/1999/02/22-rdf-syntax-ns#" xmlns:bqbiol="http://biomodels.net/biology-qualifiers/">
            <rdf:Description rdf:about="#_5d87a921-da21-4e1b-a428-a1abbb7e2334">
	<bqbiol:is>
	<rdf:Bag>
	<rdf:li rdf:resource="http://identifiers.org/chebi/CHEBI:32639"/>
	</rdf:Bag>
	</bqbiol:is>
	</rdf:Description>
	
	
	
	
	
	</rdf:RDF>
	</annotation>
            </species>
      <species boundaryCondition="false" compartment="compartment" id="APAPconj_Glu" initialConcentration="0" metaid="_ec6aa4aa-9300-4fab-8451-2c461bc6d3e7" name="APAPconj_Glu" substanceUnits="substance">
        <notes>
          <body xmlns="http://www.w3.org/1999/xhtml">
                <h2>Acetaminophen glucuronide</h2>
                    <p>4-acetamidophenyl beta-D-glucopyranosiduronic acid          <br/>
              Metabolic product of liver metabolism of Acetaminophen (APAP). Typically about 50% of an APAP dose ends up as the glucuronide.          <br/>
                        <br/>
              Molecular Formula: C14H17NO8          <br/>
              Molecular Weight: 327.28668 grams/mol          <br/>
              InChIKey: IPROLSVTVHAQLE-BYNIDDHOSA-N          <br/>
                        <br/>
              CHEBI:32636          </p>
                    </body>
          
        </notes>
        <annotation>
	<rdf:RDF xmlns:rdf="http://www.w3.org/1999/02/22-rdf-syntax-ns#" xmlns:bqbiol="http://biomodels.net/biology-qualifiers/">
            <rdf:Description rdf:about="#_ec6aa4aa-9300-4fab-8451-2c461bc6d3e7">
	<bqbiol:is>
	<rdf:Bag>
	<rdf:li rdf:resource="http://identifiers.org/chebi/CHEBI:32636"/>
	</rdf:Bag>
	</bqbiol:is>
	</rdf:Description>
	
	
	
	
	
	</rdf:RDF>
	</annotation>
            </species>
      <species boundaryCondition="false" compartment="compartment" id="APAPconj_Sul" initialConcentration="0" metaid="_48c482eb-531a-4bd7-94cb-cfb05a7e508d" name="APAPconj_Sul" substanceUnits="substance">
        <notes>
          <body xmlns="http://www.w3.org/1999/xhtml">
                <h2>Acetaminophen sulfate</h2>
                    <p>4-acetamidophenyl beta-D-glucopyranosiduronic acid          <br/>
              Metabolic product of liver metabolism of Acetaminophen (APAP). Typically about 25% of an APAP dose ends up as the sulfate.          <br/>
                        <br/>
              Also known as: Paracetamol Sulfate, N-Acetyl-4-aminophenol sulfate, N-(4-(Sulfooxy)phenyl)acetamide, Acetamide, 
			  N-(4-(sulfooxy)phenyl)-          <br/>
                        <br/>
              Molecular Formula: C8H9NO5S          <br/>
              Molecular Weight: 231.22576          <br/>
              InChIKey: IGTYILLPRJOVFY-UHFFFAOYSA-N          <br/>
                        <br/>
              CHEBI:32635          </p>
                    </body>
          
        </notes>
        <annotation>
	<rdf:RDF xmlns:rdf="http://www.w3.org/1999/02/22-rdf-syntax-ns#" xmlns:bqbiol="http://biomodels.net/biology-qualifiers/">
            <rdf:Description rdf:about="#_48c482eb-531a-4bd7-94cb-cfb05a7e508d">
	<bqbiol:is>
	<rdf:Bag>
	<rdf:li rdf:resource="http://identifiers.org/chebi/CHEBI:32635"/>
	</rdf:Bag>
	</bqbiol:is>
	</rdf:Description>
	
	
	
	
	
	</rdf:RDF>
	</annotation>
            </species>
    </listOfSpecies>
    <listOfParameters>
      <parameter constant="true" id="Vmax_2E1_APAP" metaid="_5a0f7efb-6359-4f34-a454-3d7c17e9fff2" sboTerm="SBO:0000186" units="flux" value="2E-5">
        <annotation>
	<rdf:RDF xmlns:rdf="http://www.w3.org/1999/02/22-rdf-syntax-ns#" xmlns:bqbiol="http://biomodels.net/biology-qualifiers/">
	
	</rdf:RDF>
	</annotation>
            </parameter>
      <parameter constant="true" id="Km_2E1_APAP" metaid="_65501da4-8f06-4bbf-a4bf-895e3579c760" sboTerm="SBO:0000027" units="millimolar" value="1.29">
        <annotation>
	<rdf:RDF xmlns:rdf="http://www.w3.org/1999/02/22-rdf-syntax-ns#" xmlns:bqbiol="http://biomodels.net/biology-qualifiers/">
	
	</rdf:RDF>
	</annotation>
            </parameter>
      <parameter constant="true" id="kNapqiGsh" metaid="_fdd6775b-b4be-4e5e-b4f9-c3c8991e77ba" sboTerm="SBO:0000017" units="second_order_rate_constant" value="0.1">
        <notes>
          <p xmlns="http://www.w3.org/1999/xhtml">
        Second order rate constant for the reaction of NAPQI with GSH.        <br/>
            Initial value = 0.1/mol/sec        </p>
          
        </notes>
        <annotation>
	<rdf:RDF xmlns:rdf="http://www.w3.org/1999/02/22-rdf-syntax-ns#" xmlns:bqbiol="http://biomodels.net/biology-qualifiers/">
	
	</rdf:RDF>
	</annotation>
            </parameter>
      <parameter constant="true" id="kGsh" metaid="_81624ce6-c159-4cc8-b082-3985a6153c12" sboTerm="SBO:0000022" units="first_order_rate_constant" value="0.0001">
        <notes>
          <p xmlns="http://www.w3.org/1999/xhtml">
        First order rate constant for formation of GSH from unspecified precursors. Units 1/time.        <br/>
                    </p>
          
        </notes>
        <annotation>
	<rdf:RDF xmlns:rdf="http://www.w3.org/1999/02/22-rdf-syntax-ns#" xmlns:bqbiol="http://biomodels.net/biology-qualifiers/">
	
	</rdf:RDF>
	</annotation>
            </parameter>
      <parameter constant="true" id="GSHmax" metaid="_28c77fb2-4b4b-46dd-8fac-b73ca9723d88" units="millimolar" value="10">
        <notes>
          <p xmlns="http://www.w3.org/1999/xhtml">
        Maximum concentration of GSH within the cell.</p>
          
        </notes>
      </parameter>
      <parameter constant="true" id="Vmax_PhaseIIEnzGlu_APAP" metaid="_0f75b358-95d8-4b06-8014-c7b6bcf8a0e6" sboTerm="SBO:0000186" units="flux" value="0.001">
        <annotation>
	<rdf:RDF xmlns:rdf="http://www.w3.org/1999/02/22-rdf-syntax-ns#" xmlns:bqbiol="http://biomodels.net/biology-qualifiers/">
	
	</rdf:RDF>
	</annotation>
            </parameter>
      <parameter constant="true" id="Km_PhaseIIEnzGlu_APAP" metaid="_f3a1f87d-4382-41c6-9faf-ab6ece388ee1" sboTerm="SBO:0000027" units="millimolar" value="1">
        <annotation>
	<rdf:RDF xmlns:rdf="http://www.w3.org/1999/02/22-rdf-syntax-ns#" xmlns:bqbiol="http://biomodels.net/biology-qualifiers/">
	
	</rdf:RDF>
	</annotation>
            </parameter>
      <parameter constant="true" id="Vmax_PhaseIIEnzSul_APAP" metaid="_16458741-9335-4935-8eef-33cc30a7c56e" sboTerm="SBO:0000186" units="flux" value="0.000175">
        <annotation>
	<rdf:RDF xmlns:rdf="http://www.w3.org/1999/02/22-rdf-syntax-ns#" xmlns:bqbiol="http://biomodels.net/biology-qualifiers/">
	
	</rdf:RDF>
	</annotation>
            </parameter>
      <parameter constant="true" id="Km_PhaseIIEnzSul_APAP" metaid="_bfee3368-a702-4f05-988f-bfe11ae6e2b5" sboTerm="SBO:0000027" units="millimolar" value="0.2">
        <annotation>
	<rdf:RDF xmlns:rdf="http://www.w3.org/1999/02/22-rdf-syntax-ns#" xmlns:bqbiol="http://biomodels.net/biology-qualifiers/">
	
	</rdf:RDF>
	</annotation>
            </parameter>
    </listOfParameters>
    <listOfReactions>
      <reaction id="J0" metaid="_62acb79b-24ac-4c4f-9096-96ae6c0cb7b6" name="J0" reversible="false" sboTerm="SBO:0000201">
        <notes>
          <body xmlns="http://www.w3.org/1999/xhtml">
                <h2>J0: APAP -> NAPQI</h2>
                    <p>Metabolic conversion of APAP to NAPQI by oxidation via Cyp450's such 1A2 and 2E1.          <br/>
              Phase I metabolism.          <br/>
                        <br/>
              MESH.2013:D050216 Metabolic Detoxication, Phase I          <br/>
              isDescribedBy     PubMed:19219744          Acetaminophen bioactivation by human cytochrome P450 enzymes and animal microsomes. (2009)          <br/>
              isDescribedBy     PubMed:6424115            N-acetyl-p-benzoquinone imine: a cytochrome P-450-mediated oxidation product of acetaminophen. (1984)          <br/>
              isPartOf     GO:0045333     cellular respiration          <br/>
              is     GO:0044237     cellular metabolic process, biological_process          <br/>
              is     GO:0071704     organic substance metabolic process          </p>
                    </body>
          
        </notes>
        <annotation>
	<rdf:RDF xmlns:rdf="http://www.w3.org/1999/02/22-rdf-syntax-ns#" xmlns:bqbiol="http://biomodels.net/biology-qualifiers/">
            <rdf:Description rdf:about="#_62acb79b-24ac-4c4f-9096-96ae6c0cb7b6">
              <bqbiol:isDescribedBy>
	<rdf:Bag>
	<rdf:li rdf:resource="http://identifiers.org/pubmed/19219744"/>
	</rdf:Bag>
	</bqbiol:isDescribedBy>
	<bqbiol:is>
	<rdf:Bag>
	<rdf:li rdf:resource="http://identifiers.org/go/GO:0044237"/>
	</rdf:Bag>
	</bqbiol:is>
	<bqbiol:isPartOf>
	<rdf:Bag>
	<rdf:li rdf:resource="http://identifiers.org/go/GO:0045333"/>
	</rdf:Bag>
	</bqbiol:isPartOf>
	<bqbiol:isDescribedBy>
	<rdf:Bag>
	<rdf:li rdf:resource="http://identifiers.org/pubmed/6424115"/>
	</rdf:Bag>
	</bqbiol:isDescribedBy>
	<bqbiol:is>
	<rdf:Bag>
	<rdf:li rdf:resource="http://identifiers.org/go/GO:0071704"/>
	</rdf:Bag>
	</bqbiol:is>
	<bqbiol:is>
	<rdf:Bag>
	<rdf:li rdf:resource="http://identifiers.org/pw/PW:0000375"/>
	</rdf:Bag>
	</bqbiol:is>
	
	<bqbiol:is>
	<rdf:Bag>
	<rdf:li rdf:resource="urn:miriam:sbo:SBO%3A0000199"/>
	</rdf:Bag>
	</bqbiol:is>
	</rdf:Description>
	
	
	
	
	
	</rdf:RDF>
	</annotation>
              <listOfReactants>
          <speciesReference metaid="_5e4797d7-51a2-4cc9-9efb-31262c4e6ca8" species="APAP" stoichiometry="1"/>
        </listOfReactants>
        <listOfProducts>
          <speciesReference metaid="b57a0d8b-231c-49e3-9883-1cea999b34a4" species="NAPQI" stoichiometry="1"/>
        </listOfProducts>
        <kineticLaw metaid="_3eac71a8-196a-41be-b60c-957d44890c26">
          <math xmlns="http://www.w3.org/1998/Math/MathML">          
            <apply>
              <divide/>
              <apply>
                <times/>
                <ci> Vmax_2E1_APAP </ci>
                <ci> APAP </ci>
              </apply>
              <apply>
                <plus/>
                <ci> Km_2E1_APAP </ci>
                <ci> APAP </ci>
              </apply>
            </apply>
          </math>
                </kineticLaw>
      </reaction>
      <reaction id="J1" metaid="_3e0e96bf-4aa3-4102-9de8-62d9220d213c" name="J1" reversible="false" sboTerm="SBO:0000210">
        <notes>
          <body xmlns="http://www.w3.org/1999/xhtml">
                <h2>J1: GSH + NAPQI -> NAPQIGSH</h2>
                    <p>Reaction of (scavenging of) NAPQI by cellular GSH.          <br/>
                        <br/>
              is PW:0000373 glutathione conjugation pathway          </p>
                    </body>
          
        </notes>
        <annotation>
	<rdf:RDF xmlns:rdf="http://www.w3.org/1999/02/22-rdf-syntax-ns#" xmlns:bqbiol="http://biomodels.net/biology-qualifiers/">
            <rdf:Description rdf:about="#_3e0e96bf-4aa3-4102-9de8-62d9220d213c">
	<bqbiol:is>
	<rdf:Bag>
	<rdf:li rdf:resource="urn:miriam:sbo:SBO%3A0000053"/>
	</rdf:Bag>
	</bqbiol:is>
	</rdf:Description>
	
	
	
	
	
	</rdf:RDF>
	</annotation>
              <listOfReactants>
          <speciesReference metaid="f83a117b-e45e-4bb1-9ea4-2953dc9a646e" species="GSH" stoichiometry="1"/>
          <speciesReference metaid="_32f3ef45-6bb8-437d-83ae-b7a89b63f6be" species="NAPQI" stoichiometry="1"/>
        </listOfReactants>
        <listOfProducts>
          <speciesReference metaid="d9822f59-2e02-4466-8068-041d6e529c53" species="NAPQIGSH" stoichiometry="1"/>
        </listOfProducts>
        <kineticLaw metaid="f0a053bb-dbfb-4861-ab41-40c4b73e460e">
          <math xmlns="http://www.w3.org/1998/Math/MathML">          
            <apply>
              <times/>
              <apply>
                <times/>
                <apply>
                  <times/>
                  <apply>
                    <times/>
                    <ci> kNapqiGsh </ci>
                    <ci> NAPQI </ci>
                  </apply>
                  <ci> GSH </ci>
                </apply>
                <ci> compartment </ci>
              </apply>
              <ci> compartment </ci>
            </apply>
          </math>
                </kineticLaw>
      </reaction>
      <reaction id="J2" metaid="_8b6f7965-d1b1-4a9e-a301-3551c70cc584" name="J2" reversible="false" sboTerm="SBO:0000176">
        <notes>
          <body xmlns="http://www.w3.org/1999/xhtml">
                <h2>J2:  X1 -> GSH</h2>
                    <p>Synthesis of GSH, including via reduction of oxidized GSH (GSSG).          <br/>
                        <br/>
              is GO:0004363 glutathione synthase activity          </p>
                    </body>
          
        </notes>
        <annotation>
	<rdf:RDF xmlns:rdf="http://www.w3.org/1999/02/22-rdf-syntax-ns#" xmlns:bqbiol="http://biomodels.net/biology-qualifiers/">
            <rdf:Description rdf:about="#_8b6f7965-d1b1-4a9e-a301-3551c70cc584">
	<bqbiol:is>
	<rdf:Bag>
	<rdf:li rdf:resource="http://identifiers.org/go/GO:0004363"/>
	</rdf:Bag>
	</bqbiol:is>
	</rdf:Description>
	
	
	
	
	
	</rdf:RDF>
	</annotation>
              <listOfReactants>
          <speciesReference metaid="dbbf4762-e047-43c0-884a-f0cc6b6dd13f" species="X1" stoichiometry="1"/>
        </listOfReactants>
        <listOfProducts>
          <speciesReference metaid="_9bf311d7-367b-4a43-9561-ddb8a10810ed" species="GSH" stoichiometry="1"/>
        </listOfProducts>
        <kineticLaw metaid="_287f479a-1129-41d1-ab97-43f5ed24ed59">
          <math xmlns="http://www.w3.org/1998/Math/MathML">          
            <apply>
              <times/>
              <apply>
                <times/>
                <ci> kGsh </ci>
                <apply>
                  <minus/>
                  <ci> GSHmax </ci>
                  <ci> GSH </ci>
                </apply>
              </apply>
              <ci> compartment </ci>
            </apply>
          </math>
                </kineticLaw>
      </reaction>
      <reaction id="J3" metaid="_ac0a3f2b-b95c-4144-8798-7cb90ecefc84" name="J3" reversible="false" sboTerm="SBO:0000210">
        <notes>
          <body xmlns="http://www.w3.org/1999/xhtml">
                <h2>J3:  APAP -> APAPconj_Glu</h2>
                    <p>Conjugation of APAP with Glucuronic Acid.          <br/>
              Phase II metabolism.          <br/>
                        <br/>
              is GO:0052697  xenobiotic glucuronidation          </p>
                    </body>
          
        </notes>
        <annotation>
	<rdf:RDF xmlns:rdf="http://www.w3.org/1999/02/22-rdf-syntax-ns#" xmlns:bqbiol="http://biomodels.net/biology-qualifiers/">
            <rdf:Description rdf:about="#_ac0a3f2b-b95c-4144-8798-7cb90ecefc84">
              <bqbiol:is>
	<rdf:Bag>
	<rdf:li rdf:resource="http://identifiers.org/go/GO:0052697"/>
	</rdf:Bag>
	</bqbiol:is>
	
	<bqbiol:is>
	<rdf:Bag>
	<rdf:li rdf:resource="urn:miriam:sbo:SBO%3A0000199"/>
	</rdf:Bag>
	</bqbiol:is>
	</rdf:Description>
	
	
	
	
	
	</rdf:RDF>
	</annotation>
              <listOfReactants>
          <speciesReference metaid="_084335fc-35fa-4759-8a67-882da2847359" species="APAP" stoichiometry="1"/>
        </listOfReactants>
        <listOfProducts>
          <speciesReference metaid="_47e6ce74-fc1e-4e06-8606-545d35d5f201" species="APAPconj_Glu" stoichiometry="1"/>
        </listOfProducts>
        <kineticLaw metaid="_63e148bb-d205-4bea-b768-90d31b716e4b">
          <math xmlns="http://www.w3.org/1998/Math/MathML">          
            <apply>
              <divide/>
              <apply>
                <times/>
                <ci> Vmax_PhaseIIEnzGlu_APAP </ci>
                <ci> APAP </ci>
              </apply>
              <apply>
                <plus/>
                <ci> Km_PhaseIIEnzGlu_APAP </ci>
                <ci> APAP </ci>
              </apply>
            </apply>
          </math>
                </kineticLaw>
      </reaction>
      <reaction id="J4" metaid="_99209e33-6c5b-40be-b25e-f13dfecbcc8e" name="J4" reversible="false" sboTerm="SBO:0000210">
        <notes>
          <body xmlns="http://www.w3.org/1999/xhtml">
                <h2>J4:  APAP -> APAPconj_Sul</h2>
                    <p>Conjugation of APAP with Sulfate.          <br/>
              Phase II metabolism.          <br/>
                        <br/>
              is GO:0051923 sulfations (phase II metabolism)          </p>
                    </body>
          
        </notes>
        <annotation>
	<rdf:RDF xmlns:rdf="http://www.w3.org/1999/02/22-rdf-syntax-ns#" xmlns:bqbiol="http://biomodels.net/biology-qualifiers/">
            <rdf:Description rdf:about="#_99209e33-6c5b-40be-b25e-f13dfecbcc8e">
              <bqbiol:is>
	<rdf:Bag>
	<rdf:li rdf:resource="http://identifiers.org/go/GO:0051923"/>
	</rdf:Bag>
	</bqbiol:is>
	<bqbiol:is>
	<rdf:Bag>
	<rdf:li rdf:resource="urn:miriam:sbo:SBO%3A0000029"/>
	</rdf:Bag>
	</bqbiol:is>
	
	<bqbiol:is>
	<rdf:Bag>
	<rdf:li rdf:resource="urn:miriam:sbo:SBO%3A0000199"/>
	</rdf:Bag>
	</bqbiol:is>
	</rdf:Description>
	
	
	
	
	
	</rdf:RDF>
	</annotation>
              <listOfReactants>
          <speciesReference metaid="_2261b82a-2e6e-42f8-be23-fadf69ed3e60" species="APAP" stoichiometry="1"/>
        </listOfReactants>
        <listOfProducts>
          <speciesReference metaid="c51b977c-c459-4edd-9d1d-e12d5b00cb4c" species="APAPconj_Sul" stoichiometry="1"/>
        </listOfProducts>
        <kineticLaw metaid="_1aaa36c2-5d17-4aa6-bbe4-446cb378afe0">
          <math xmlns="http://www.w3.org/1998/Math/MathML">          
            <apply>
              <divide/>
              <apply>
                <times/>
                <ci> Vmax_PhaseIIEnzSul_APAP </ci>
                <ci> APAP </ci>
              </apply>
              <apply>
                <plus/>
                <ci> Km_PhaseIIEnzSul_APAP </ci>
                <ci> APAP </ci>
              </apply>
            </apply>
          </math>
                </kineticLaw>
      </reaction>
    </listOfReactions>
  </model>
</sbml>