<?xml version='1.0' encoding='UTF-8' standalone='no'?>
<sbml xmlns="http://www.sbml.org/sbml/level2/version4" level="2" metaid="_479781" version="4">
  <model id="Wodarz2003_ImmunologicalMemory" metaid="metaid_0000002" name="Wodarz2003 Immunological Memory">
    <notes>
      <body xmlns="http://www.w3.org/1999/xhtml">
        <p>This a model from the article:      <br/>
        <strong>Evolution of immunological memory and the regulation of competition between
pathogens.</strong>
        <br/>
          Wodarz D.      <em>Curr Biol</em>
          2003 Sep 16;13(18):1648-52      <a href="http://www.ncbi.nlm.nih.gov/pubmed/13678598">13678598</a>
          ,      <br/>
        <strong>Abstract:</strong>
        <br/>
          Memory is a central characteristic of immune responses. It is defined as an
elevated number of specific immune cells that remain after resolution of
infection and can protect the host against reinfection. The evolution of
immunological memory is subject to debate. The advantages of memory discussed so
far include protection from reinfection, control of chronic infection, and the
transfer of immune function to the next generation. Mathematical models are used
to identify a new force that can drive the evolution of immunological memory:
the duration of memory can regulate the degree of competition between different
pathogens. While a long duration of memory provides lasting protection against
reinfection, it may also allow an inferior pathogen species to persist. This can
be detrimental for the host if the inferior pathogen is more virulent. On the
other hand, a shorter duration of memory ensures that an inferior pathogen
species is excluded. This can be beneficial for the host if the inferior
pathogen is more virulent. Thus, while in the absence of pathogen diversity
memory is always expected to evolve to a long duration, under specific
circumstances, memory can evolve toward shorter durations in the presence of
pathogen diversity.      </p>
        <p>This model was taken from the      <a href="http://www.cellml.org/models">CellML repository</a>
          and automatically converted to SBML.      <br/>
          The original model was:      <a href="http://models.cellml.org/exposure/0fbec879c60f5a3005da0ea829e1ff3e">
          <strong>Wodarz D. (2003) - version=1.0</strong>
        </a>
        <br/>
          The original CellML model was created by:      <br/>
        <strong>Catherine Lloyd</strong>
        <br/>
          c.lloyd@auckland.ac.nz      <br/>
          The University of Auckland      <br/></p>
        <p>This model originates from BioModels Database: A Database of Annotated Published Models (http://www.ebi.ac.uk/biomodels/). It is copyright (c) 2005-2011 The BioModels.net Team.      <br/>
          To the extent possible under law, all copyright and related or neighbouring rights to this encoded model have been dedicated to the public domain worldwide. Please refer to      <a href="http://creativecommons.org/publicdomain/zero/1.0/" title="Creative Commons CC0">CC0 Public Domain Dedication</a>
          for more information.      </p>
        <p>In summary, you are entitled to use this encoded model in absolutely any manner you deem suitable, verbatim, or with modification, alone or embedded it in a larger context, redistribute it, commercially or not, in a restricted way or not..      <br/>
        <br/>
          To cite BioModels Database, please use:      <a href="http://www.ncbi.nlm.nih.gov/pubmed/20587024" target="_blank">Li C, Donizelli M, Rodriguez N, Dharuri H, Endler L, Chelliah V, Li L, He E, Henry A, Stefan MI, Snoep JL, Hucka M, Le Novère N, Laibe C (2010) BioModels Database: An enhanced, curated and annotated resource for published quantitative kinetic models. BMC Syst Biol., 4:92.</a>
      </p>
    </body>
  </notes>
    <annotation>
    <rdf:RDF xmlns:rdf="http://www.w3.org/1999/02/22-rdf-syntax-ns#" xmlns:dc="http://purl.org/dc/elements/1.1/" xmlns:dcterms="http://purl.org/dc/terms/" xmlns:vCard="http://www.w3.org/2001/vcard-rdf/3.0#" xmlns:bqbiol="http://biomodels.net/biology-qualifiers/" xmlns:bqmodel="http://biomodels.net/model-qualifiers/">
        <rdf:Description rdf:about="#metaid_0000002">
	<dc:creator>
	<rdf:Bag>
	<rdf:li rdf:parseType="Resource">
	<vCard:N rdf:parseType="Resource">
	<vCard:Family>Roberts</vCard:Family>
	<vCard:Given>Matthew Grant</vCard:Given>
	</vCard:N>
	<vCard:EMAIL>mroberts@embl.ac.uk</vCard:EMAIL>
	<vCard:ORG rdf:parseType="Resource">
	<vCard:Orgname>EMBL-EBI</vCard:Orgname>
	</vCard:ORG>
	</rdf:li>
	<rdf:li rdf:parseType="Resource">
	<vCard:N rdf:parseType="Resource">
	<vCard:Family>Lloyd</vCard:Family>
	<vCard:Given>Catherine</vCard:Given>
	</vCard:N>
	<vCard:EMAIL>c.lloyd@auckland.ac.nz</vCard:EMAIL>
	<vCard:ORG rdf:parseType="Resource">
	<vCard:Orgname>University of Auckland</vCard:Orgname>
	</vCard:ORG>
	</rdf:li>
	</rdf:Bag>
	</dc:creator>
	<dcterms:created rdf:parseType="Resource">
	<dcterms:W3CDTF>2010-06-25T13:23:00Z</dcterms:W3CDTF>
	</dcterms:created>
	<dcterms:modified rdf:parseType="Resource">
	<dcterms:W3CDTF>2018-03-08T16:30:35Z</dcterms:W3CDTF>
	</dcterms:modified>
	<dcterms:modified rdf:parseType="Resource">
	<dcterms:W3CDTF>2018-03-08T16:30:35Z</dcterms:W3CDTF>
	</dcterms:modified>
	<bqmodel:is>
	<rdf:Bag>
	<rdf:li rdf:resource="http://identifiers.org/biomodels.db/MODEL1006230061"/>
	</rdf:Bag>
	</bqmodel:is>
	<bqmodel:isDescribedBy>
	<rdf:Bag>
	<rdf:li rdf:resource="http://identifiers.org/pubmed/13678598"/>
	</rdf:Bag>
	</bqmodel:isDescribedBy>
	<bqbiol:isVersionOf>
	<rdf:Bag>
	<rdf:li rdf:resource="http://identifiers.org/go/GO:0002250"/>
	</rdf:Bag>
	</bqbiol:isVersionOf>
	<bqbiol:hasTaxon>
	<rdf:Bag>
	<rdf:li rdf:resource="http://identifiers.org/taxonomy/9606"/>
	</rdf:Bag>
	</bqbiol:hasTaxon>
	<bqbiol:isDescribedBy>
	<rdf:Bag>
	<rdf:li rdf:resource="http://identifiers.org/pubmed/13678598"/>
	</rdf:Bag>
	</bqbiol:isDescribedBy>
	<bqmodel:is>
	<rdf:Bag>
	<rdf:li rdf:resource="http://identifiers.org/biomodels.db/BIOMD0000000684"/>
	</rdf:Bag>
	</bqmodel:is>
	</rdf:Description>
	
	
    </rdf:RDF>
    <COPASI xmlns="http://www.copasi.org/static/sbml">
      <rdf:RDF xmlns:rdf="http://www.w3.org/1999/02/22-rdf-syntax-ns#" xmlns:CopasiMT="http://www.copasi.org/RDF/MiriamTerms#" xmlns:bqbiol="http://biomodels.net/biology-qualifiers/" xmlns:dcterms="http://purl.org/dc/terms/" xmlns:vCard="http://www.w3.org/2001/vcard-rdf/3.0#">
        <rdf:Description rdf:about="#metaid_0000002">
          <bqbiol:hasTaxon>
            <rdf:Bag>
              <rdf:li rdf:resource="http://identifiers.org/taxonomy/9606"/>
            </rdf:Bag>
          </bqbiol:hasTaxon>
          <dcterms:bibliographicCitation>
            <rdf:Bag>
              <rdf:li>
                <rdf:Description>
                  <CopasiMT:isDescribedBy rdf:resource="http://identifiers.org/pubmed/13678598"/>
                </rdf:Description>
              </rdf:li>
            </rdf:Bag>
          </dcterms:bibliographicCitation>
          <dcterms:created>
            <rdf:Description>
              <dcterms:W3CDTF>2010-06-25T13:23:00Z</dcterms:W3CDTF>
            </rdf:Description>
          </dcterms:created>
          <dcterms:creator>
            <rdf:Description>
              <vCard:EMAIL>mroberts@embl.ac.uk</vCard:EMAIL>
              <vCard:N>
                <rdf:Description>
                  <vCard:Family>Roberts</vCard:Family>
                  <vCard:Given>Matthew Grant</vCard:Given>
                </rdf:Description>
              </vCard:N>
              <vCard:ORG>
                <rdf:Description>
                  <vCard:Orgname>EMBL-EBI</vCard:Orgname>
                </rdf:Description>
              </vCard:ORG>
            </rdf:Description>
          </dcterms:creator>
          <dcterms:creator>
            <rdf:Bag>
              <rdf:li>
                <rdf:Description>
                  <vCard:EMAIL>c.lloyd@auckland.ac.nz</vCard:EMAIL>
                  <vCard:N>
                    <rdf:Description>
                      <vCard:Family>Lloyd</vCard:Family>
                      <vCard:Given>Catherine</vCard:Given>
                    </rdf:Description>
                  </vCard:N>
                  <vCard:ORG>
                    <rdf:Description>
                      <vCard:Orgname>University of Auckland</vCard:Orgname>
                    </rdf:Description>
                  </vCard:ORG>
                </rdf:Description>
              </rdf:li>
            </rdf:Bag>
          </dcterms:creator>
          <dcterms:modified>
            <rdf:Description>
              <dcterms:W3CDTF>2010-06-25T13:23:00Z</dcterms:W3CDTF>
            </rdf:Description>
          </dcterms:modified>
          <CopasiMT:is>
            <rdf:Bag>
              <rdf:li rdf:resource="http://identifiers.org/biomodels.db/MODEL1006230061"/>
            </rdf:Bag>
          </CopasiMT:is>
          <CopasiMT:isVersionOf>
            <rdf:Bag>
              <rdf:li rdf:resource="http://identifiers.org/go/GO:0002250"/>
            </rdf:Bag>
          </CopasiMT:isVersionOf>
        </rdf:Description>
      </rdf:RDF>
    </COPASI>
  </annotation>
      <listOfUnitDefinitions>
      <unitDefinition id="day" metaid="_479793" name="day">
        <listOfUnits>
          <unit kind="second" metaid="_479805" multiplier="86400"/>
        </listOfUnits>
      </unitDefinition>
      <unitDefinition id="first_order_rate_constant" metaid="_479817" name="first_order_rate_constant">
        <listOfUnits>
          <unit exponent="-1" kind="second" metaid="_479829" multiplier="86400"/>
        </listOfUnits>
      </unitDefinition>
      <unitDefinition id="time" metaid="_479842" name="time">
        <listOfUnits>
          <unit kind="second" metaid="_479854" multiplier="86400"/>
        </listOfUnits>
      </unitDefinition>
    </listOfUnitDefinitions>
    <listOfCompartments>
      <compartment constant="true" id="COMpartment" metaid="_579368" name="population" size="1" spatialDimensions="3" units="litre">
        <annotation>
        <rdf:RDF xmlns:rdf="http://www.w3.org/1999/02/22-rdf-syntax-ns#" xmlns:dc="http://purl.org/dc/elements/1.1/" xmlns:dcterms="http://purl.org/dc/terms/" xmlns:vCard="http://www.w3.org/2001/vcard-rdf/3.0#" xmlns:bqbiol="http://biomodels.net/biology-qualifiers/" xmlns:bqmodel="http://biomodels.net/model-qualifiers/">
            <rdf:Description rdf:about="#_579368">
	<bqbiol:isVersionOf>
	<rdf:Bag>
	<rdf:li rdf:resource="http://identifiers.org/obi/OBI:0000181"/>
	</rdf:Bag>
	</bqbiol:isVersionOf>
	</rdf:Description>
	
	
        </rdf:RDF>
        <COPASI xmlns="http://www.copasi.org/static/sbml">
          <rdf:RDF xmlns:rdf="http://www.w3.org/1999/02/22-rdf-syntax-ns#" xmlns:CopasiMT="http://www.copasi.org/RDF/MiriamTerms#" xmlns:dcterms="http://purl.org/dc/terms/">
            <rdf:Description rdf:about="#_579368">
              <dcterms:created>
                <rdf:Description>
                  <dcterms:W3CDTF>2018-03-08T16:57:39Z</dcterms:W3CDTF>
                </rdf:Description>
              </dcterms:created>
              <CopasiMT:isVersionOf rdf:resource="urn:miriam:obi:OBI:0000181"/>
            </rdf:Description>
          </rdf:RDF>
        </COPASI>
      </annotation>
            </compartment>
    </listOfCompartments>
    <listOfParameters>
      <parameter constant="false" id="S" metaid="_579505" name="S" value="100">
        <annotation>
        <rdf:RDF xmlns:rdf="http://www.w3.org/1999/02/22-rdf-syntax-ns#" xmlns:dc="http://purl.org/dc/elements/1.1/" xmlns:dcterms="http://purl.org/dc/terms/" xmlns:vCard="http://www.w3.org/2001/vcard-rdf/3.0#" xmlns:bqbiol="http://biomodels.net/biology-qualifiers/" xmlns:bqmodel="http://biomodels.net/model-qualifiers/">
            <rdf:Description rdf:about="#_579505">
	<bqbiol:hasProperty>
	<rdf:Bag>
	<rdf:li rdf:resource="http://identifiers.org/ncit/C16505"/>
	</rdf:Bag>
	</bqbiol:hasProperty>
	</rdf:Description>
	
	
        </rdf:RDF>
        <COPASI xmlns="http://www.copasi.org/static/sbml">
          <rdf:RDF xmlns:rdf="http://www.w3.org/1999/02/22-rdf-syntax-ns#" xmlns:bqbiol="http://biomodels.net/biology-qualifiers/" xmlns:dcterms="http://purl.org/dc/terms/">
            <rdf:Description rdf:about="#_579505">
              <bqbiol:hasProperty rdf:resource="urn:miriam:ncit:C16505"/>
              <dcterms:created>
                <rdf:Description>
                  <dcterms:W3CDTF>2018-03-08T16:39:45Z</dcterms:W3CDTF>
                </rdf:Description>
              </dcterms:created>
            </rdf:Description>
          </rdf:RDF>
        </COPASI>
      </annotation>
            </parameter>
      <parameter constant="true" id="r" metaid="_579506" name="r" value="0.5">
        <annotation>
        <rdf:RDF xmlns:rdf="http://www.w3.org/1999/02/22-rdf-syntax-ns#" xmlns:dc="http://purl.org/dc/elements/1.1/" xmlns:dcterms="http://purl.org/dc/terms/" xmlns:vCard="http://www.w3.org/2001/vcard-rdf/3.0#" xmlns:bqbiol="http://biomodels.net/biology-qualifiers/" xmlns:bqmodel="http://biomodels.net/model-qualifiers/">
            <rdf:Description rdf:about="#_579506">
	<bqbiol:encodes>
	<rdf:Bag>
	<rdf:li rdf:resource="http://identifiers.org/go/GO:0000003"/>
	</rdf:Bag>
	</bqbiol:encodes>
	</rdf:Description>
	
	
        </rdf:RDF>
        <COPASI xmlns="http://www.copasi.org/static/sbml">
          <rdf:RDF xmlns:rdf="http://www.w3.org/1999/02/22-rdf-syntax-ns#" xmlns:CopasiMT="http://www.copasi.org/RDF/MiriamTerms#" xmlns:dcterms="http://purl.org/dc/terms/">
            <rdf:Description rdf:about="#_579506">
              <dcterms:created>
                <rdf:Description>
                  <dcterms:W3CDTF>2018-03-08T16:46:29Z</dcterms:W3CDTF>
                </rdf:Description>
              </dcterms:created>
              <CopasiMT:encodes rdf:resource="urn:miriam:go:GO:0000003"/>
            </rdf:Description>
          </rdf:RDF>
        </COPASI>
      </annotation>
            </parameter>
      <parameter constant="true" id="epsilon" metaid="_579507" name="epsilon" value="0.1">
        <notes>
        <body xmlns="http://www.w3.org/1999/xhtml">
          <pre>Value = 0.1 from CellML</pre>
        </body>
      </notes>
        <annotation>
        <rdf:RDF xmlns:rdf="http://www.w3.org/1999/02/22-rdf-syntax-ns#" xmlns:dc="http://purl.org/dc/elements/1.1/" xmlns:dcterms="http://purl.org/dc/terms/" xmlns:vCard="http://www.w3.org/2001/vcard-rdf/3.0#" xmlns:bqbiol="http://biomodels.net/biology-qualifiers/" xmlns:bqmodel="http://biomodels.net/model-qualifiers/">
            <rdf:Description rdf:about="#_579507">
	<bqbiol:encodes>
	<rdf:Bag>
	<rdf:li rdf:resource="http://identifiers.org/go/GO:0000003"/>
	</rdf:Bag>
	</bqbiol:encodes>
	</rdf:Description>
	
	
        </rdf:RDF>
        <COPASI xmlns="http://www.copasi.org/static/sbml">
          <rdf:RDF xmlns:rdf="http://www.w3.org/1999/02/22-rdf-syntax-ns#" xmlns:CopasiMT="http://www.copasi.org/RDF/MiriamTerms#" xmlns:dcterms="http://purl.org/dc/terms/">
            <rdf:Description rdf:about="#_579507">
              <dcterms:created>
                <rdf:Description>
                  <dcterms:W3CDTF>2018-03-08T16:46:19Z</dcterms:W3CDTF>
                </rdf:Description>
              </dcterms:created>
              <CopasiMT:encodes rdf:resource="urn:miriam:go:GO:0000003"/>
            </rdf:Description>
          </rdf:RDF>
        </COPASI>
      </annotation>
            </parameter>
      <parameter constant="false" id="H" metaid="_579508" name="H" value="100">
        <annotation>
        <rdf:RDF xmlns:rdf="http://www.w3.org/1999/02/22-rdf-syntax-ns#" xmlns:dc="http://purl.org/dc/elements/1.1/" xmlns:dcterms="http://purl.org/dc/terms/" xmlns:vCard="http://www.w3.org/2001/vcard-rdf/3.0#" xmlns:bqbiol="http://biomodels.net/biology-qualifiers/" xmlns:bqmodel="http://biomodels.net/model-qualifiers/">
            <rdf:Description rdf:about="#_579508">
	<bqbiol:isVersionOf>
	<rdf:Bag>
	<rdf:li rdf:resource="http://identifiers.org/obi/OBI:0000181"/>
	</rdf:Bag>
	</bqbiol:isVersionOf>
	</rdf:Description>
	
	
        </rdf:RDF>
        <COPASI xmlns="http://www.copasi.org/static/sbml">
          <rdf:RDF xmlns:rdf="http://www.w3.org/1999/02/22-rdf-syntax-ns#" xmlns:CopasiMT="http://www.copasi.org/RDF/MiriamTerms#" xmlns:dcterms="http://purl.org/dc/terms/">
            <rdf:Description rdf:about="#_579508">
              <dcterms:created>
                <rdf:Description>
                  <dcterms:W3CDTF>2018-03-08T16:46:20Z</dcterms:W3CDTF>
                </rdf:Description>
              </dcterms:created>
              <CopasiMT:isVersionOf rdf:resource="urn:miriam:obi:OBI:0000181"/>
            </rdf:Description>
          </rdf:RDF>
        </COPASI>
      </annotation>
            </parameter>
      <parameter constant="false" id="P" metaid="_579509" name="P" value="0.2">
        <annotation>
        <COPASI xmlns="http://www.copasi.org/static/sbml">
          <rdf:RDF xmlns:rdf="http://www.w3.org/1999/02/22-rdf-syntax-ns#" xmlns:dcterms="http://purl.org/dc/terms/">
            <rdf:Description rdf:about="#_579509">
              <dcterms:created>
                <rdf:Description>
                  <dcterms:W3CDTF>2018-03-08T16:40:53Z</dcterms:W3CDTF>
                </rdf:Description>
              </dcterms:created>
            </rdf:Description>
          </rdf:RDF>
        </COPASI>
      </annotation>
            </parameter>
      <parameter constant="false" id="I_1" metaid="_579510" name="I_1" value="0">
        <annotation>
        <rdf:RDF xmlns:rdf="http://www.w3.org/1999/02/22-rdf-syntax-ns#" xmlns:dc="http://purl.org/dc/elements/1.1/" xmlns:dcterms="http://purl.org/dc/terms/" xmlns:vCard="http://www.w3.org/2001/vcard-rdf/3.0#" xmlns:bqbiol="http://biomodels.net/biology-qualifiers/" xmlns:bqmodel="http://biomodels.net/model-qualifiers/">
            <rdf:Description rdf:about="#_579510">
	<bqbiol:hasProperty>
	<rdf:Bag>
	<rdf:li rdf:resource="http://identifiers.org/efo/0000544"/>
	</rdf:Bag>
	</bqbiol:hasProperty>
	</rdf:Description>
	
	
        </rdf:RDF>
        <COPASI xmlns="http://www.copasi.org/static/sbml">
          <rdf:RDF xmlns:rdf="http://www.w3.org/1999/02/22-rdf-syntax-ns#" xmlns:bqbiol="http://biomodels.net/biology-qualifiers/" xmlns:dcterms="http://purl.org/dc/terms/">
            <rdf:Description rdf:about="#_579510">
              <bqbiol:hasProperty rdf:resource="urn:miriam:efo:0000544"/>
              <dcterms:created>
                <rdf:Description>
                  <dcterms:W3CDTF>2018-03-08T16:46:20Z</dcterms:W3CDTF>
                </rdf:Description>
              </dcterms:created>
            </rdf:Description>
          </rdf:RDF>
        </COPASI>
      </annotation>
            </parameter>
      <parameter constant="false" id="I_2" metaid="_579511" name="I_2" value="0">
        <annotation>
        <rdf:RDF xmlns:rdf="http://www.w3.org/1999/02/22-rdf-syntax-ns#" xmlns:dc="http://purl.org/dc/elements/1.1/" xmlns:dcterms="http://purl.org/dc/terms/" xmlns:vCard="http://www.w3.org/2001/vcard-rdf/3.0#" xmlns:bqbiol="http://biomodels.net/biology-qualifiers/" xmlns:bqmodel="http://biomodels.net/model-qualifiers/">
            <rdf:Description rdf:about="#_579511">
	<bqbiol:hasProperty>
	<rdf:Bag>
	<rdf:li rdf:resource="http://identifiers.org/efo/0000544"/>
	</rdf:Bag>
	</bqbiol:hasProperty>
	</rdf:Description>
	
	
        </rdf:RDF>
        <COPASI xmlns="http://www.copasi.org/static/sbml">
          <rdf:RDF xmlns:rdf="http://www.w3.org/1999/02/22-rdf-syntax-ns#" xmlns:bqbiol="http://biomodels.net/biology-qualifiers/" xmlns:dcterms="http://purl.org/dc/terms/">
            <rdf:Description rdf:about="#_579511">
              <bqbiol:hasProperty rdf:resource="urn:miriam:efo:0000544"/>
              <dcterms:created>
                <rdf:Description>
                  <dcterms:W3CDTF>2018-03-08T16:46:22Z</dcterms:W3CDTF>
                </rdf:Description>
              </dcterms:created>
            </rdf:Description>
          </rdf:RDF>
        </COPASI>
      </annotation>
            </parameter>
      <parameter constant="false" id="I_12" metaid="_579512" name="I_12" value="0">
        <annotation>
        <rdf:RDF xmlns:rdf="http://www.w3.org/1999/02/22-rdf-syntax-ns#" xmlns:dc="http://purl.org/dc/elements/1.1/" xmlns:dcterms="http://purl.org/dc/terms/" xmlns:vCard="http://www.w3.org/2001/vcard-rdf/3.0#" xmlns:bqbiol="http://biomodels.net/biology-qualifiers/" xmlns:bqmodel="http://biomodels.net/model-qualifiers/">
            <rdf:Description rdf:about="#_579512">
              <bqbiol:hasProperty>
	<rdf:Bag>
	<rdf:li rdf:resource="http://identifiers.org/efo/0000544"/>
	</rdf:Bag>
	</bqbiol:hasProperty>
	
	<bqbiol:hasProperty>
	<rdf:Bag>
	<rdf:li rdf:resource="http://identifiers.org/ncit/C17997"/>
	</rdf:Bag>
	</bqbiol:hasProperty>
	</rdf:Description>
	
	
        </rdf:RDF>
        <COPASI xmlns="http://www.copasi.org/static/sbml">
          <rdf:RDF xmlns:rdf="http://www.w3.org/1999/02/22-rdf-syntax-ns#" xmlns:bqbiol="http://biomodels.net/biology-qualifiers/" xmlns:dcterms="http://purl.org/dc/terms/">
            <rdf:Description rdf:about="#_579512">
              <bqbiol:hasProperty rdf:resource="urn:miriam:efo:0000544"/>
              <bqbiol:hasProperty rdf:resource="urn:miriam:ncit:C17997"/>
              <dcterms:created>
                <rdf:Description>
                  <dcterms:W3CDTF>2018-03-08T16:46:22Z</dcterms:W3CDTF>
                </rdf:Description>
              </dcterms:created>
            </rdf:Description>
          </rdf:RDF>
        </COPASI>
      </annotation>
            </parameter>
      <parameter constant="false" id="I_21" metaid="_579513" name="I_21" value="0">
        <annotation>
        <rdf:RDF xmlns:rdf="http://www.w3.org/1999/02/22-rdf-syntax-ns#" xmlns:dc="http://purl.org/dc/elements/1.1/" xmlns:dcterms="http://purl.org/dc/terms/" xmlns:vCard="http://www.w3.org/2001/vcard-rdf/3.0#" xmlns:bqbiol="http://biomodels.net/biology-qualifiers/" xmlns:bqmodel="http://biomodels.net/model-qualifiers/">
            <rdf:Description rdf:about="#_579513">
              <bqbiol:hasProperty>
	<rdf:Bag>
	<rdf:li rdf:resource="http://identifiers.org/ncit/C17997"/>
	</rdf:Bag>
	</bqbiol:hasProperty>
	
	<bqbiol:hasProperty>
	<rdf:Bag>
	<rdf:li rdf:resource="http://identifiers.org/efo/0000544"/>
	</rdf:Bag>
	</bqbiol:hasProperty>
	</rdf:Description>
	
	
        </rdf:RDF>
        <COPASI xmlns="http://www.copasi.org/static/sbml">
          <rdf:RDF xmlns:rdf="http://www.w3.org/1999/02/22-rdf-syntax-ns#" xmlns:bqbiol="http://biomodels.net/biology-qualifiers/" xmlns:dcterms="http://purl.org/dc/terms/">
            <rdf:Description rdf:about="#_579513">
              <bqbiol:hasProperty rdf:resource="urn:miriam:efo:0000544"/>
              <bqbiol:hasProperty rdf:resource="urn:miriam:ncit:C17997"/>
              <dcterms:created>
                <rdf:Description>
                  <dcterms:W3CDTF>2018-03-08T16:46:23Z</dcterms:W3CDTF>
                </rdf:Description>
              </dcterms:created>
            </rdf:Description>
          </rdf:RDF>
        </COPASI>
      </annotation>
            </parameter>
      <parameter constant="false" id="R_1" metaid="_579514" name="R_1" value="0">
        <annotation>
        <rdf:RDF xmlns:rdf="http://www.w3.org/1999/02/22-rdf-syntax-ns#" xmlns:dc="http://purl.org/dc/elements/1.1/" xmlns:dcterms="http://purl.org/dc/terms/" xmlns:vCard="http://www.w3.org/2001/vcard-rdf/3.0#" xmlns:bqbiol="http://biomodels.net/biology-qualifiers/" xmlns:bqmodel="http://biomodels.net/model-qualifiers/">
            <rdf:Description rdf:about="#_579514">
	<bqbiol:hasProperty>
	<rdf:Bag>
	<rdf:li rdf:resource="http://identifiers.org/ncit/C17997"/>
	</rdf:Bag>
	</bqbiol:hasProperty>
	</rdf:Description>
	
	
        </rdf:RDF>
        <COPASI xmlns="http://www.copasi.org/static/sbml">
          <rdf:RDF xmlns:rdf="http://www.w3.org/1999/02/22-rdf-syntax-ns#" xmlns:bqbiol="http://biomodels.net/biology-qualifiers/" xmlns:dcterms="http://purl.org/dc/terms/">
            <rdf:Description rdf:about="#_579514">
              <bqbiol:hasProperty rdf:resource="urn:miriam:ncit:C17997"/>
              <dcterms:created>
                <rdf:Description>
                  <dcterms:W3CDTF>2018-03-08T16:41:34Z</dcterms:W3CDTF>
                </rdf:Description>
              </dcterms:created>
            </rdf:Description>
          </rdf:RDF>
        </COPASI>
      </annotation>
            </parameter>
      <parameter constant="false" id="R_2" metaid="_579515" name="R_2" value="0">
        <annotation>
        <rdf:RDF xmlns:rdf="http://www.w3.org/1999/02/22-rdf-syntax-ns#" xmlns:dc="http://purl.org/dc/elements/1.1/" xmlns:dcterms="http://purl.org/dc/terms/" xmlns:vCard="http://www.w3.org/2001/vcard-rdf/3.0#" xmlns:bqbiol="http://biomodels.net/biology-qualifiers/" xmlns:bqmodel="http://biomodels.net/model-qualifiers/">
            <rdf:Description rdf:about="#_579515">
	<bqbiol:hasProperty>
	<rdf:Bag>
	<rdf:li rdf:resource="http://identifiers.org/ncit/C17997"/>
	</rdf:Bag>
	</bqbiol:hasProperty>
	</rdf:Description>
	
	
        </rdf:RDF>
        <COPASI xmlns="http://www.copasi.org/static/sbml">
          <rdf:RDF xmlns:rdf="http://www.w3.org/1999/02/22-rdf-syntax-ns#" xmlns:bqbiol="http://biomodels.net/biology-qualifiers/" xmlns:dcterms="http://purl.org/dc/terms/">
            <rdf:Description rdf:about="#_579515">
              <bqbiol:hasProperty rdf:resource="urn:miriam:ncit:C17997"/>
              <dcterms:created>
                <rdf:Description>
                  <dcterms:W3CDTF>2018-03-08T16:46:29Z</dcterms:W3CDTF>
                </rdf:Description>
              </dcterms:created>
            </rdf:Description>
          </rdf:RDF>
        </COPASI>
      </annotation>
            </parameter>
      <parameter constant="false" id="R_12" metaid="_579516" name="R_12" value="0">
        <annotation>
        <rdf:RDF xmlns:rdf="http://www.w3.org/1999/02/22-rdf-syntax-ns#" xmlns:dc="http://purl.org/dc/elements/1.1/" xmlns:dcterms="http://purl.org/dc/terms/" xmlns:vCard="http://www.w3.org/2001/vcard-rdf/3.0#" xmlns:bqbiol="http://biomodels.net/biology-qualifiers/" xmlns:bqmodel="http://biomodels.net/model-qualifiers/">
            <rdf:Description rdf:about="#_579516">
	<bqbiol:hasProperty>
	<rdf:Bag>
	<rdf:li rdf:resource="http://identifiers.org/ncit/C17997"/>
	</rdf:Bag>
	</bqbiol:hasProperty>
	</rdf:Description>
	
	
        </rdf:RDF>
        <COPASI xmlns="http://www.copasi.org/static/sbml">
          <rdf:RDF xmlns:rdf="http://www.w3.org/1999/02/22-rdf-syntax-ns#" xmlns:bqbiol="http://biomodels.net/biology-qualifiers/" xmlns:dcterms="http://purl.org/dc/terms/">
            <rdf:Description rdf:about="#_579516">
              <bqbiol:hasProperty rdf:resource="urn:miriam:ncit:C17997"/>
              <dcterms:created>
                <rdf:Description>
                  <dcterms:W3CDTF>2018-03-08T16:41:35Z</dcterms:W3CDTF>
                </rdf:Description>
              </dcterms:created>
            </rdf:Description>
          </rdf:RDF>
        </COPASI>
      </annotation>
            </parameter>
      <parameter constant="false" id="P_1" metaid="_579517" name="P_1" value="0.1">
        <annotation>
        <rdf:RDF xmlns:rdf="http://www.w3.org/1999/02/22-rdf-syntax-ns#" xmlns:dc="http://purl.org/dc/elements/1.1/" xmlns:dcterms="http://purl.org/dc/terms/" xmlns:vCard="http://www.w3.org/2001/vcard-rdf/3.0#" xmlns:bqbiol="http://biomodels.net/biology-qualifiers/" xmlns:bqmodel="http://biomodels.net/model-qualifiers/">
            <rdf:Description rdf:about="#_579517">
	<bqbiol:isVersionOf>
	<rdf:Bag>
	<rdf:li rdf:resource="http://identifiers.org/efo/EFO:0000643"/>
	</rdf:Bag>
	</bqbiol:isVersionOf>
	</rdf:Description>
	
	
        </rdf:RDF>
        <COPASI xmlns="http://www.copasi.org/static/sbml">
          <rdf:RDF xmlns:rdf="http://www.w3.org/1999/02/22-rdf-syntax-ns#" xmlns:CopasiMT="http://www.copasi.org/RDF/MiriamTerms#" xmlns:dcterms="http://purl.org/dc/terms/">
            <rdf:Description rdf:about="#_579517">
              <dcterms:created>
                <rdf:Description>
                  <dcterms:W3CDTF>2018-03-08T16:40:55Z</dcterms:W3CDTF>
                </rdf:Description>
              </dcterms:created>
              <CopasiMT:isVersionOf rdf:resource="urn:miriam:efo:EFO:0000643"/>
            </rdf:Description>
          </rdf:RDF>
        </COPASI>
      </annotation>
            </parameter>
      <parameter constant="true" id="k_1" metaid="_579518" name="k_1" value="0.1">
        <annotation>
        <rdf:RDF xmlns:rdf="http://www.w3.org/1999/02/22-rdf-syntax-ns#" xmlns:dc="http://purl.org/dc/elements/1.1/" xmlns:dcterms="http://purl.org/dc/terms/" xmlns:vCard="http://www.w3.org/2001/vcard-rdf/3.0#" xmlns:bqbiol="http://biomodels.net/biology-qualifiers/" xmlns:bqmodel="http://biomodels.net/model-qualifiers/">
            <rdf:Description rdf:about="#_579518">
	<bqbiol:encodes>
	<rdf:Bag>
	<rdf:li rdf:resource="http://identifiers.org/ncit/C61404"/>
	</rdf:Bag>
	</bqbiol:encodes>
	</rdf:Description>
	
	
        </rdf:RDF>
        <COPASI xmlns="http://www.copasi.org/static/sbml">
          <rdf:RDF xmlns:rdf="http://www.w3.org/1999/02/22-rdf-syntax-ns#" xmlns:CopasiMT="http://www.copasi.org/RDF/MiriamTerms#" xmlns:dcterms="http://purl.org/dc/terms/">
            <rdf:Description rdf:about="#_579518">
              <dcterms:created>
                <rdf:Description>
                  <dcterms:W3CDTF>2018-03-08T16:46:23Z</dcterms:W3CDTF>
                </rdf:Description>
              </dcterms:created>
              <CopasiMT:encodes rdf:resource="urn:miriam:ncit:C61404"/>
            </rdf:Description>
          </rdf:RDF>
        </COPASI>
      </annotation>
            </parameter>
      <parameter constant="false" id="log_P1" metaid="_579519" name="log_P1" value="-1">
        <annotation>
        <COPASI xmlns="http://www.copasi.org/static/sbml">
          <rdf:RDF xmlns:rdf="http://www.w3.org/1999/02/22-rdf-syntax-ns#" xmlns:dcterms="http://purl.org/dc/terms/">
            <rdf:Description rdf:about="#_579519">
              <dcterms:created>
                <rdf:Description>
                  <dcterms:W3CDTF>2018-03-08T16:46:23Z</dcterms:W3CDTF>
                </rdf:Description>
              </dcterms:created>
            </rdf:Description>
          </rdf:RDF>
        </COPASI>
      </annotation>
            </parameter>
      <parameter constant="false" id="P_2" metaid="_579520" name="P_2" value="0.1">
        <annotation>
        <rdf:RDF xmlns:rdf="http://www.w3.org/1999/02/22-rdf-syntax-ns#" xmlns:dc="http://purl.org/dc/elements/1.1/" xmlns:dcterms="http://purl.org/dc/terms/" xmlns:vCard="http://www.w3.org/2001/vcard-rdf/3.0#" xmlns:bqbiol="http://biomodels.net/biology-qualifiers/" xmlns:bqmodel="http://biomodels.net/model-qualifiers/">
            <rdf:Description rdf:about="#_579520">
	<bqbiol:isVersionOf>
	<rdf:Bag>
	<rdf:li rdf:resource="http://identifiers.org/efo/EFO:0000643"/>
	</rdf:Bag>
	</bqbiol:isVersionOf>
	</rdf:Description>
	
	
        </rdf:RDF>
        <COPASI xmlns="http://www.copasi.org/static/sbml">
          <rdf:RDF xmlns:rdf="http://www.w3.org/1999/02/22-rdf-syntax-ns#" xmlns:CopasiMT="http://www.copasi.org/RDF/MiriamTerms#" xmlns:dcterms="http://purl.org/dc/terms/">
            <rdf:Description rdf:about="#_579520">
              <dcterms:created>
                <rdf:Description>
                  <dcterms:W3CDTF>2018-03-08T16:41:16Z</dcterms:W3CDTF>
                </rdf:Description>
              </dcterms:created>
              <CopasiMT:isVersionOf rdf:resource="urn:miriam:efo:EFO:0000643"/>
            </rdf:Description>
          </rdf:RDF>
        </COPASI>
      </annotation>
            </parameter>
      <parameter constant="true" id="k_2" metaid="_579521" name="k_2" value="0.1">
        <annotation>
        <rdf:RDF xmlns:rdf="http://www.w3.org/1999/02/22-rdf-syntax-ns#" xmlns:dc="http://purl.org/dc/elements/1.1/" xmlns:dcterms="http://purl.org/dc/terms/" xmlns:vCard="http://www.w3.org/2001/vcard-rdf/3.0#" xmlns:bqbiol="http://biomodels.net/biology-qualifiers/" xmlns:bqmodel="http://biomodels.net/model-qualifiers/">
            <rdf:Description rdf:about="#_579521">
	<bqbiol:encodes>
	<rdf:Bag>
	<rdf:li rdf:resource="http://identifiers.org/ncit/C61404"/>
	</rdf:Bag>
	</bqbiol:encodes>
	</rdf:Description>
	
	
        </rdf:RDF>
        <COPASI xmlns="http://www.copasi.org/static/sbml">
          <rdf:RDF xmlns:rdf="http://www.w3.org/1999/02/22-rdf-syntax-ns#" xmlns:CopasiMT="http://www.copasi.org/RDF/MiriamTerms#" xmlns:dcterms="http://purl.org/dc/terms/">
            <rdf:Description rdf:about="#_579521">
              <dcterms:created>
                <rdf:Description>
                  <dcterms:W3CDTF>2018-03-08T16:46:23Z</dcterms:W3CDTF>
                </rdf:Description>
              </dcterms:created>
              <CopasiMT:encodes rdf:resource="urn:miriam:ncit:C61404"/>
            </rdf:Description>
          </rdf:RDF>
        </COPASI>
      </annotation>
            </parameter>
      <parameter constant="false" id="log_P2" metaid="_579522" name="log_P2" value="-1">
        <annotation>
        <COPASI xmlns="http://www.copasi.org/static/sbml">
          <rdf:RDF xmlns:rdf="http://www.w3.org/1999/02/22-rdf-syntax-ns#" xmlns:dcterms="http://purl.org/dc/terms/">
            <rdf:Description rdf:about="#_579522">
              <dcterms:created>
                <rdf:Description>
                  <dcterms:W3CDTF>2018-03-08T16:41:36Z</dcterms:W3CDTF>
                </rdf:Description>
              </dcterms:created>
            </rdf:Description>
          </rdf:RDF>
        </COPASI>
      </annotation>
            </parameter>
      <parameter constant="false" id="G" metaid="_579524" name="G" value="100">
        <annotation>
        <rdf:RDF xmlns:rdf="http://www.w3.org/1999/02/22-rdf-syntax-ns#" xmlns:dc="http://purl.org/dc/elements/1.1/" xmlns:dcterms="http://purl.org/dc/terms/" xmlns:vCard="http://www.w3.org/2001/vcard-rdf/3.0#" xmlns:bqbiol="http://biomodels.net/biology-qualifiers/" xmlns:bqmodel="http://biomodels.net/model-qualifiers/">
            <rdf:Description rdf:about="#_579524">
	<bqbiol:encodes>
	<rdf:Bag>
	<rdf:li rdf:resource="http://identifiers.org/go/GO:0090716"/>
	</rdf:Bag>
	</bqbiol:encodes>
	</rdf:Description>
	
	
        </rdf:RDF>
        <COPASI xmlns="http://www.copasi.org/static/sbml">
          <rdf:RDF xmlns:rdf="http://www.w3.org/1999/02/22-rdf-syntax-ns#" xmlns:CopasiMT="http://www.copasi.org/RDF/MiriamTerms#" xmlns:dcterms="http://purl.org/dc/terms/">
            <rdf:Description rdf:about="#_579524">
              <dcterms:created>
                <rdf:Description>
                  <dcterms:W3CDTF>2018-03-08T16:44:57Z</dcterms:W3CDTF>
                </rdf:Description>
              </dcterms:created>
              <CopasiMT:encodes rdf:resource="urn:miriam:go:GO:0090716"/>
            </rdf:Description>
          </rdf:RDF>
        </COPASI>
      </annotation>
            </parameter>
      <parameter constant="true" id="g" metaid="_579525" name="g" value="0.01">
        <annotation>
        <rdf:RDF xmlns:rdf="http://www.w3.org/1999/02/22-rdf-syntax-ns#" xmlns:dc="http://purl.org/dc/elements/1.1/" xmlns:dcterms="http://purl.org/dc/terms/" xmlns:vCard="http://www.w3.org/2001/vcard-rdf/3.0#" xmlns:bqbiol="http://biomodels.net/biology-qualifiers/" xmlns:bqmodel="http://biomodels.net/model-qualifiers/">
            <rdf:Description rdf:about="#_579525">
	<bqbiol:encodes>
	<rdf:Bag>
	<rdf:li rdf:resource="http://identifiers.org/go/GO:0090716"/>
	</rdf:Bag>
	</bqbiol:encodes>
	</rdf:Description>
	
	
        </rdf:RDF>
        <COPASI xmlns="http://www.copasi.org/static/sbml">
          <rdf:RDF xmlns:rdf="http://www.w3.org/1999/02/22-rdf-syntax-ns#" xmlns:CopasiMT="http://www.copasi.org/RDF/MiriamTerms#" xmlns:dcterms="http://purl.org/dc/terms/">
            <rdf:Description rdf:about="#_579525">
              <dcterms:created>
                <rdf:Description>
                  <dcterms:W3CDTF>2018-03-08T16:46:20Z</dcterms:W3CDTF>
                </rdf:Description>
              </dcterms:created>
              <CopasiMT:encodes rdf:resource="urn:miriam:go:GO:0090716"/>
            </rdf:Description>
          </rdf:RDF>
        </COPASI>
      </annotation>
            </parameter>
      <parameter constant="true" id="beta_1" metaid="_579526" name="beta_1" value="1">
        <annotation>
        <rdf:RDF xmlns:rdf="http://www.w3.org/1999/02/22-rdf-syntax-ns#" xmlns:dc="http://purl.org/dc/elements/1.1/" xmlns:dcterms="http://purl.org/dc/terms/" xmlns:vCard="http://www.w3.org/2001/vcard-rdf/3.0#" xmlns:bqbiol="http://biomodels.net/biology-qualifiers/" xmlns:bqmodel="http://biomodels.net/model-qualifiers/">
            <rdf:Description rdf:about="#_579526">
	<bqbiol:encodes>
	<rdf:Bag>
	<rdf:li rdf:resource="http://identifiers.org/efo/0000544"/>
	</rdf:Bag>
	</bqbiol:encodes>
	</rdf:Description>
	
	
        </rdf:RDF>
        <COPASI xmlns="http://www.copasi.org/static/sbml">
          <rdf:RDF xmlns:rdf="http://www.w3.org/1999/02/22-rdf-syntax-ns#" xmlns:CopasiMT="http://www.copasi.org/RDF/MiriamTerms#" xmlns:dcterms="http://purl.org/dc/terms/">
            <rdf:Description rdf:about="#_579526">
              <dcterms:created>
                <rdf:Description>
                  <dcterms:W3CDTF>2018-03-08T16:46:17Z</dcterms:W3CDTF>
                </rdf:Description>
              </dcterms:created>
              <CopasiMT:encodes rdf:resource="urn:miriam:efo:0000544"/>
            </rdf:Description>
          </rdf:RDF>
        </COPASI>
      </annotation>
            </parameter>
      <parameter constant="true" id="alpha_1" metaid="_579527" name="alpha_1" value="0.1">
        <annotation>
        <rdf:RDF xmlns:rdf="http://www.w3.org/1999/02/22-rdf-syntax-ns#" xmlns:dc="http://purl.org/dc/elements/1.1/" xmlns:dcterms="http://purl.org/dc/terms/" xmlns:vCard="http://www.w3.org/2001/vcard-rdf/3.0#" xmlns:bqbiol="http://biomodels.net/biology-qualifiers/" xmlns:bqmodel="http://biomodels.net/model-qualifiers/">
            <rdf:Description rdf:about="#_579527">
	<bqbiol:encodes>
	<rdf:Bag>
	<rdf:li rdf:resource="http://identifiers.org/ncit/C25746"/>
	</rdf:Bag>
	</bqbiol:encodes>
	</rdf:Description>
	
	
        </rdf:RDF>
        <COPASI xmlns="http://www.copasi.org/static/sbml">
          <rdf:RDF xmlns:rdf="http://www.w3.org/1999/02/22-rdf-syntax-ns#" xmlns:CopasiMT="http://www.copasi.org/RDF/MiriamTerms#" xmlns:dcterms="http://purl.org/dc/terms/">
            <rdf:Description rdf:about="#_579527">
              <dcterms:created>
                <rdf:Description>
                  <dcterms:W3CDTF>2018-03-08T16:46:14Z</dcterms:W3CDTF>
                </rdf:Description>
              </dcterms:created>
              <CopasiMT:encodes rdf:resource="urn:miriam:ncit:C25746"/>
            </rdf:Description>
          </rdf:RDF>
        </COPASI>
      </annotation>
            </parameter>
      <parameter constant="true" id="beta_2" metaid="_579529" name="beta_2" value="1">
        <annotation>
        <rdf:RDF xmlns:rdf="http://www.w3.org/1999/02/22-rdf-syntax-ns#" xmlns:dc="http://purl.org/dc/elements/1.1/" xmlns:dcterms="http://purl.org/dc/terms/" xmlns:vCard="http://www.w3.org/2001/vcard-rdf/3.0#" xmlns:bqbiol="http://biomodels.net/biology-qualifiers/" xmlns:bqmodel="http://biomodels.net/model-qualifiers/">
            <rdf:Description rdf:about="#_579529">
	<bqbiol:encodes>
	<rdf:Bag>
	<rdf:li rdf:resource="http://identifiers.org/efo/0000544"/>
	</rdf:Bag>
	</bqbiol:encodes>
	</rdf:Description>
	
	
        </rdf:RDF>
        <COPASI xmlns="http://www.copasi.org/static/sbml">
          <rdf:RDF xmlns:rdf="http://www.w3.org/1999/02/22-rdf-syntax-ns#" xmlns:CopasiMT="http://www.copasi.org/RDF/MiriamTerms#" xmlns:dcterms="http://purl.org/dc/terms/">
            <rdf:Description rdf:about="#_579529">
              <dcterms:created>
                <rdf:Description>
                  <dcterms:W3CDTF>2018-03-08T16:46:18Z</dcterms:W3CDTF>
                </rdf:Description>
              </dcterms:created>
              <CopasiMT:encodes rdf:resource="urn:miriam:efo:0000544"/>
            </rdf:Description>
          </rdf:RDF>
        </COPASI>
      </annotation>
            </parameter>
      <parameter constant="true" id="alpha_2" metaid="_579530" name="alpha_2" value="0.1">
        <annotation>
        <rdf:RDF xmlns:rdf="http://www.w3.org/1999/02/22-rdf-syntax-ns#" xmlns:dc="http://purl.org/dc/elements/1.1/" xmlns:dcterms="http://purl.org/dc/terms/" xmlns:vCard="http://www.w3.org/2001/vcard-rdf/3.0#" xmlns:bqbiol="http://biomodels.net/biology-qualifiers/" xmlns:bqmodel="http://biomodels.net/model-qualifiers/">
            <rdf:Description rdf:about="#_579530">
	<bqbiol:encodes>
	<rdf:Bag>
	<rdf:li rdf:resource="http://identifiers.org/ncit/C25746"/>
	</rdf:Bag>
	</bqbiol:encodes>
	</rdf:Description>
	
	
        </rdf:RDF>
        <COPASI xmlns="http://www.copasi.org/static/sbml">
          <rdf:RDF xmlns:rdf="http://www.w3.org/1999/02/22-rdf-syntax-ns#" xmlns:CopasiMT="http://www.copasi.org/RDF/MiriamTerms#" xmlns:dcterms="http://purl.org/dc/terms/">
            <rdf:Description rdf:about="#_579530">
              <dcterms:created>
                <rdf:Description>
                  <dcterms:W3CDTF>2018-03-08T16:46:16Z</dcterms:W3CDTF>
                </rdf:Description>
              </dcterms:created>
              <CopasiMT:encodes rdf:resource="urn:miriam:ncit:C25746"/>
            </rdf:Description>
          </rdf:RDF>
        </COPASI>
      </annotation>
            </parameter>
      <parameter constant="true" id="a_1" metaid="_579531" name="a_1" value="0.03">
        <annotation>
        <rdf:RDF xmlns:rdf="http://www.w3.org/1999/02/22-rdf-syntax-ns#" xmlns:dc="http://purl.org/dc/elements/1.1/" xmlns:dcterms="http://purl.org/dc/terms/" xmlns:vCard="http://www.w3.org/2001/vcard-rdf/3.0#" xmlns:bqbiol="http://biomodels.net/biology-qualifiers/" xmlns:bqmodel="http://biomodels.net/model-qualifiers/">
            <rdf:Description rdf:about="#_579531">
	<bqbiol:encodes>
	<rdf:Bag>
	<rdf:li rdf:resource="http://identifiers.org/go/GO:0016265"/>
	</rdf:Bag>
	</bqbiol:encodes>
	</rdf:Description>
	
	
        </rdf:RDF>
        <COPASI xmlns="http://www.copasi.org/static/sbml">
          <rdf:RDF xmlns:rdf="http://www.w3.org/1999/02/22-rdf-syntax-ns#" xmlns:CopasiMT="http://www.copasi.org/RDF/MiriamTerms#" xmlns:dcterms="http://purl.org/dc/terms/">
            <rdf:Description rdf:about="#_579531">
              <dcterms:created>
                <rdf:Description>
                  <dcterms:W3CDTF>2018-03-08T16:39:42Z</dcterms:W3CDTF>
                </rdf:Description>
              </dcterms:created>
              <CopasiMT:encodes rdf:resource="urn:miriam:go:GO:0016265"/>
            </rdf:Description>
          </rdf:RDF>
        </COPASI>
      </annotation>
            </parameter>
      <parameter constant="true" id="a_2" metaid="_579532" name="a_2" value="1">
        <annotation>
        <rdf:RDF xmlns:rdf="http://www.w3.org/1999/02/22-rdf-syntax-ns#" xmlns:dc="http://purl.org/dc/elements/1.1/" xmlns:dcterms="http://purl.org/dc/terms/" xmlns:vCard="http://www.w3.org/2001/vcard-rdf/3.0#" xmlns:bqbiol="http://biomodels.net/biology-qualifiers/" xmlns:bqmodel="http://biomodels.net/model-qualifiers/">
            <rdf:Description rdf:about="#_579532">
	<bqbiol:encodes>
	<rdf:Bag>
	<rdf:li rdf:resource="http://identifiers.org/go/GO:0016265"/>
	</rdf:Bag>
	</bqbiol:encodes>
	</rdf:Description>
	
	
        </rdf:RDF>
        <COPASI xmlns="http://www.copasi.org/static/sbml">
          <rdf:RDF xmlns:rdf="http://www.w3.org/1999/02/22-rdf-syntax-ns#" xmlns:CopasiMT="http://www.copasi.org/RDF/MiriamTerms#" xmlns:dcterms="http://purl.org/dc/terms/">
            <rdf:Description rdf:about="#_579532">
              <dcterms:created>
                <rdf:Description>
                  <dcterms:W3CDTF>2018-03-08T16:46:05Z</dcterms:W3CDTF>
                </rdf:Description>
              </dcterms:created>
              <CopasiMT:encodes rdf:resource="urn:miriam:go:GO:0016265"/>
            </rdf:Description>
          </rdf:RDF>
        </COPASI>
      </annotation>
            </parameter>
      <parameter constant="true" id="d" metaid="_579533" name="d" value="0.01">
        <annotation>
        <rdf:RDF xmlns:rdf="http://www.w3.org/1999/02/22-rdf-syntax-ns#" xmlns:dc="http://purl.org/dc/elements/1.1/" xmlns:dcterms="http://purl.org/dc/terms/" xmlns:vCard="http://www.w3.org/2001/vcard-rdf/3.0#" xmlns:bqbiol="http://biomodels.net/biology-qualifiers/" xmlns:bqmodel="http://biomodels.net/model-qualifiers/">
            <rdf:Description rdf:about="#_579533">
	<bqbiol:encodes>
	<rdf:Bag>
	<rdf:li rdf:resource="http://identifiers.org/go/GO:0016265"/>
	</rdf:Bag>
	</bqbiol:encodes>
	</rdf:Description>
	
	
        </rdf:RDF>
        <COPASI xmlns="http://www.copasi.org/static/sbml">
          <rdf:RDF xmlns:rdf="http://www.w3.org/1999/02/22-rdf-syntax-ns#" xmlns:CopasiMT="http://www.copasi.org/RDF/MiriamTerms#" xmlns:dcterms="http://purl.org/dc/terms/">
            <rdf:Description rdf:about="#_579533">
              <dcterms:created>
                <rdf:Description>
                  <dcterms:W3CDTF>2018-03-08T16:46:18Z</dcterms:W3CDTF>
                </rdf:Description>
              </dcterms:created>
              <CopasiMT:encodes rdf:resource="urn:miriam:go:GO:0016265"/>
            </rdf:Description>
          </rdf:RDF>
        </COPASI>
      </annotation>
            </parameter>
      <parameter constant="true" id="u" metaid="_579534" name="u" value="0.5">
        <annotation>
        <rdf:RDF xmlns:rdf="http://www.w3.org/1999/02/22-rdf-syntax-ns#" xmlns:dc="http://purl.org/dc/elements/1.1/" xmlns:dcterms="http://purl.org/dc/terms/" xmlns:vCard="http://www.w3.org/2001/vcard-rdf/3.0#" xmlns:bqbiol="http://biomodels.net/biology-qualifiers/" xmlns:bqmodel="http://biomodels.net/model-qualifiers/">
            <rdf:Description rdf:about="#_579534">
	<bqbiol:encodes>
	<rdf:Bag>
	<rdf:li rdf:resource="http://identifiers.org/sbo/SBO:0000179"/>
	</rdf:Bag>
	</bqbiol:encodes>
	</rdf:Description>
	
	
        </rdf:RDF>
        <COPASI xmlns="http://www.copasi.org/static/sbml">
          <rdf:RDF xmlns:rdf="http://www.w3.org/1999/02/22-rdf-syntax-ns#" xmlns:CopasiMT="http://www.copasi.org/RDF/MiriamTerms#" xmlns:dcterms="http://purl.org/dc/terms/">
            <rdf:Description rdf:about="#_579534">
              <dcterms:created>
                <rdf:Description>
                  <dcterms:W3CDTF>2018-03-08T17:23:25Z</dcterms:W3CDTF>
                </rdf:Description>
              </dcterms:created>
              <CopasiMT:encodes rdf:resource="urn:miriam:sbo:SBO:0000179"/>
            </rdf:Description>
          </rdf:RDF>
        </COPASI>
      </annotation>
            </parameter>
    </listOfParameters>
    <listOfRules>
      <assignmentRule metaid="_579499" variable="H">
        <math xmlns="http://www.w3.org/1998/Math/MathML">        
          <apply>
            <plus/>
            <ci> S </ci>
            <ci> I_1 </ci>
            <ci> R_1 </ci>
            <ci> I_2 </ci>
            <ci> R_2 </ci>
            <ci> I_12 </ci>
            <ci> I_21 </ci>
            <ci> R_12 </ci>
          </apply>
        </math>
            </assignmentRule>
      <assignmentRule metaid="_579497" variable="P">
        <math xmlns="http://www.w3.org/1998/Math/MathML">        
          <apply>
            <plus/>
            <ci> P_1 </ci>
            <ci> P_2 </ci>
          </apply>
        </math>
            </assignmentRule>
      <assignmentRule metaid="_579502" variable="log_P2">
        <math xmlns="http://www.w3.org/1998/Math/MathML">        
          <apply>
            <divide/>
            <apply>
              <log/>
              <logbase>
                <cn type="integer"> 10 </cn>
              </logbase>
              <ci> P_2 </ci>
            </apply>
            <apply>
              <log/>
              <logbase>
                <cn type="integer"> 10 </cn>
              </logbase>
              <cn> 10 </cn>
            </apply>
          </apply>
        </math>
            </assignmentRule>
      <assignmentRule metaid="_579503" variable="G">
        <math xmlns="http://www.w3.org/1998/Math/MathML">        
          <apply>
            <divide/>
            <cn> 1 </cn>
            <ci> g </ci>
          </apply>
        </math>
            </assignmentRule>
      <assignmentRule metaid="_579501" variable="log_P1">
        <math xmlns="http://www.w3.org/1998/Math/MathML">        
          <apply>
            <divide/>
            <apply>
              <log/>
              <logbase>
                <cn type="integer"> 10 </cn>
              </logbase>
              <ci> P_1 </ci>
            </apply>
            <apply>
              <log/>
              <logbase>
                <cn type="integer"> 10 </cn>
              </logbase>
              <cn> 10 </cn>
            </apply>
          </apply>
        </math>
            </assignmentRule>
      <rateRule metaid="_579372" variable="S">
        <math xmlns="http://www.w3.org/1998/Math/MathML">        
          <apply>
            <plus/>
            <apply>
              <minus/>
              <apply>
                <minus/>
                <apply>
                  <minus/>
                  <apply>
                    <divide/>
                    <apply>
                      <times/>
                      <ci> r </ci>
                      <ci> H </ci>
                    </apply>
                    <apply>
                      <plus/>
                      <apply>
                        <times/>
                        <ci> epsilon </ci>
                        <ci> H </ci>
                      </apply>
                      <cn> 1 </cn>
                    </apply>
                  </apply>
                  <apply>
                    <times/>
                    <ci> d </ci>
                    <ci> S </ci>
                  </apply>
                </apply>
                <apply>
                  <times/>
                  <ci> beta_1 </ci>
                  <ci> S </ci>
                  <ci> P_1 </ci>
                </apply>
              </apply>
              <apply>
                <times/>
                <ci> beta_2 </ci>
                <ci> S </ci>
                <ci> P_2 </ci>
              </apply>
            </apply>
            <apply>
              <times/>
              <ci> g </ci>
              <apply>
                <plus/>
                <ci> R_1 </ci>
                <ci> R_2 </ci>
                <ci> R_12 </ci>
              </apply>
            </apply>
          </apply>
        </math>
            </rateRule>
      <rateRule metaid="_579374" variable="I_1">
        <math xmlns="http://www.w3.org/1998/Math/MathML">        
          <apply>
            <minus/>
            <apply>
              <minus/>
              <apply>
                <times/>
                <ci> beta_1 </ci>
                <ci> S </ci>
                <ci> P_1 </ci>
              </apply>
              <apply>
                <times/>
                <ci> a_1 </ci>
                <ci> I_1 </ci>
              </apply>
            </apply>
            <apply>
              <times/>
              <ci> alpha_1 </ci>
              <ci> I_1 </ci>
            </apply>
          </apply>
        </math>
            </rateRule>
      <rateRule metaid="_579375" variable="I_2">
        <math xmlns="http://www.w3.org/1998/Math/MathML">        
          <apply>
            <minus/>
            <apply>
              <minus/>
              <apply>
                <times/>
                <ci> beta_2 </ci>
                <ci> S </ci>
                <ci> P_2 </ci>
              </apply>
              <apply>
                <times/>
                <ci> a_2 </ci>
                <ci> I_2 </ci>
              </apply>
            </apply>
            <apply>
              <times/>
              <ci> alpha_2 </ci>
              <ci> I_2 </ci>
            </apply>
          </apply>
        </math>
            </rateRule>
      <rateRule metaid="_579376" variable="I_12">
        <math xmlns="http://www.w3.org/1998/Math/MathML">        
          <apply>
            <minus/>
            <apply>
              <minus/>
              <apply>
                <times/>
                <ci> beta_2 </ci>
                <ci> R_1 </ci>
                <ci> P_2 </ci>
              </apply>
              <apply>
                <times/>
                <ci> a_2 </ci>
                <ci> I_12 </ci>
              </apply>
            </apply>
            <apply>
              <times/>
              <ci> alpha_2 </ci>
              <ci> I_12 </ci>
            </apply>
          </apply>
        </math>
            </rateRule>
      <rateRule metaid="_579486" variable="I_21">
        <math xmlns="http://www.w3.org/1998/Math/MathML">        
          <apply>
            <minus/>
            <apply>
              <minus/>
              <apply>
                <times/>
                <ci> beta_1 </ci>
                <ci> R_2 </ci>
                <ci> P_1 </ci>
              </apply>
              <apply>
                <times/>
                <ci> a_1 </ci>
                <ci> I_21 </ci>
              </apply>
            </apply>
            <apply>
              <times/>
              <ci> alpha_1 </ci>
              <ci> I_21 </ci>
            </apply>
          </apply>
        </math>
            </rateRule>
      <rateRule metaid="_579487" variable="R_1">
        <math xmlns="http://www.w3.org/1998/Math/MathML">        
          <apply>
            <minus/>
            <apply>
              <minus/>
              <apply>
                <minus/>
                <apply>
                  <times/>
                  <ci> alpha_1 </ci>
                  <ci> I_1 </ci>
                </apply>
                <apply>
                  <times/>
                  <ci> d </ci>
                  <ci> R_1 </ci>
                </apply>
              </apply>
              <apply>
                <times/>
                <ci> g </ci>
                <ci> R_1 </ci>
              </apply>
            </apply>
            <apply>
              <times/>
              <ci> beta_2 </ci>
              <ci> R_1 </ci>
              <ci> P_2 </ci>
            </apply>
          </apply>
        </math>
            </rateRule>
      <rateRule metaid="_579488" variable="R_2">
        <math xmlns="http://www.w3.org/1998/Math/MathML">        
          <apply>
            <minus/>
            <apply>
              <minus/>
              <apply>
                <minus/>
                <apply>
                  <times/>
                  <ci> alpha_2 </ci>
                  <ci> I_2 </ci>
                </apply>
                <apply>
                  <times/>
                  <ci> d </ci>
                  <ci> R_2 </ci>
                </apply>
              </apply>
              <apply>
                <times/>
                <ci> g </ci>
                <ci> R_2 </ci>
              </apply>
            </apply>
            <apply>
              <times/>
              <ci> beta_1 </ci>
              <ci> R_2 </ci>
              <ci> P_1 </ci>
            </apply>
          </apply>
        </math>
            </rateRule>
      <rateRule metaid="_579490" variable="R_12">
        <math xmlns="http://www.w3.org/1998/Math/MathML">        
          <apply>
            <minus/>
            <apply>
              <minus/>
              <apply>
                <plus/>
                <apply>
                  <times/>
                  <ci> alpha_2 </ci>
                  <ci> I_12 </ci>
                </apply>
                <apply>
                  <times/>
                  <ci> alpha_1 </ci>
                  <ci> I_21 </ci>
                </apply>
              </apply>
              <apply>
                <times/>
                <ci> d </ci>
                <ci> R_12 </ci>
              </apply>
            </apply>
            <apply>
              <times/>
              <ci> g </ci>
              <ci> R_12 </ci>
            </apply>
          </apply>
        </math>
            </rateRule>
      <rateRule metaid="_579494" variable="P_1">
        <math xmlns="http://www.w3.org/1998/Math/MathML">        
          <apply>
            <minus/>
            <apply>
              <times/>
              <ci> k_1 </ci>
              <apply>
                <plus/>
                <ci> I_1 </ci>
                <ci> I_21 </ci>
              </apply>
            </apply>
            <apply>
              <times/>
              <ci> u </ci>
              <ci> P_1 </ci>
            </apply>
          </apply>
        </math>
            </rateRule>
      <rateRule metaid="_579495" variable="P_2">
        <math xmlns="http://www.w3.org/1998/Math/MathML">        
          <apply>
            <minus/>
            <apply>
              <times/>
              <ci> k_2 </ci>
              <apply>
                <plus/>
                <ci> I_2 </ci>
                <ci> I_12 </ci>
              </apply>
            </apply>
            <apply>
              <times/>
              <ci> u </ci>
              <ci> P_2 </ci>
            </apply>
          </apply>
        </math>
            </rateRule>
    </listOfRules>
  </model>
</sbml>