<?xml version='1.0' encoding='UTF-8' standalone='no'?>
<sbml xmlns="http://www.sbml.org/sbml/level2/version4" level="2" metaid="_55378d7c-4312-4761-a913-1dae63f8e01f" version="4">
  <model id="MODEL1407170000" metaid="COPASI0" name="Crespo2012 - Kinetics of Amyloid Fibril Formation">
    <notes>
      <body xmlns="http://www.w3.org/1999/xhtml">
        <div class="dc:title">Crespo2012 - Kinetics of Amyloid Fibril
Formation</div>
<div class="dc:bibliographicCitation">
  <p>This model is described in the article:</p>
  <div class="bibo:title">
    <a href="http://identifiers.org/pubmed/22767606" title="Access to this publication">A generic
    crystallization-like model that describes the kinetics of
    amyloid fibril formation.</a>
  </div>
  <div class="bibo:authorList">Crespo R, Rocha FA, Damas AM,
  Martins PM.</div>
  <div class="bibo:Journal">J. Biol. Chem. 2012 Aug; 287(36):
  30585-30594</div>
  <p>Abstract:</p>
  <div class="bibo:abstract">
    <p>Associated with neurodegenerative disorders such as
    Alzheimer, Parkinson, or prion diseases, the conversion of
    soluble proteins into amyloid fibrils remains poorly
    understood. Extensive "in vitro" measurements of protein
    aggregation kinetics have been reported, but no consensus
    mechanism has emerged until now. This contribution aims at
    overcoming this gap by proposing a theoretically consistent
    crystallization-like model (CLM) that is able to describe the
    classic types of amyloid fibrillization kinetics identified in
    our literature survey. Amyloid conversion represented as a
    function of time is shown to follow different curve shapes,
    ranging from sigmoidal to hyperbolic, according to the relative
    importance of the nucleation and growth steps. Using the CLM,
    apparently unrelated data are deconvoluted into generic
    mechanistic information integrating the combined influence of
    seeding, nucleation, growth, and fibril breakage events. It is
    notable that this complex assembly of interdependent events is
    ultimately reduced to a mathematically simple model, whose two
    parameters can be determined by little more than visual
    inspection. The good fitting results obtained for all cases
    confirm the CLM as a good approximation to the generalized
    underlying principle governing amyloid fibrillization. A
    perspective is presented on possible applications of the CLM
    during the development of new targets for amyloid disease
    therapeutics.</p>
  </div>
</div>
<div class="dc:publisher">
  <p>This model is hosted on 
  <a href="http://www.ebi.ac.uk/biomodels/">BioModels Database</a>
  and identified by: 
  <a href="http://identifiers.org/biomodels.db/BIOMD0000000531">BIOMD0000000531</a>.</p>
  <p>To cite BioModels Database, please use: 
  <a href="http://identifiers.org/pubmed/20587024" title="Latest BioModels Database publication">BioModels Database:
  An enhanced, curated and annotated resource for published
  quantitative kinetic models</a>.</p>
</div>
<div class="dc:license">
  <p>To the extent possible under law, all copyright and related or
  neighbouring rights to this encoded model have been dedicated to
  the public domain worldwide. Please refer to 
  <a href="http://creativecommons.org/publicdomain/zero/1.0/" title="Access to: CC0 1.0 Universal (CC0 1.0), Public Domain Dedication">CC0
  Public Domain Dedication</a> for more information.</p>
</div>
</body>
    </notes>
    <annotation>
      <COPASI xmlns="http://www.copasi.org/static/sbml">
        <rdf:RDF xmlns:dcterms="http://purl.org/dc/terms/" xmlns:rdf="http://www.w3.org/1999/02/22-rdf-syntax-ns#">
          <rdf:Description rdf:about="#COPASI0">
            <dcterms:created>
              <rdf:Description>
                <dcterms:W3CDTF>2014-07-15T14:33:52Z</dcterms:W3CDTF>
              </rdf:Description>
            </dcterms:created>
          </rdf:Description>
        </rdf:RDF>
      </COPASI>
	<rdf:RDF xmlns:rdf="http://www.w3.org/1999/02/22-rdf-syntax-ns#" xmlns:dc="http://purl.org/dc/elements/1.1/" xmlns:vCard="http://www.w3.org/2001/vcard-rdf/3.0#" xmlns:dcterms="http://purl.org/dc/terms/" xmlns:bqmodel="http://biomodels.net/model-qualifiers/" xmlns:bqbiol="http://biomodels.net/biology-qualifiers/">
        <rdf:Description rdf:about="#COPASI0">
	<dc:creator>
	<rdf:Bag>
	<rdf:li rdf:parseType="Resource">
	<vCard:N rdf:parseType="Resource">
	<vCard:Family>Lloret i Villas</vCard:Family>
	<vCard:Given>Audald</vCard:Given>
	</vCard:N>
	<vCard:EMAIL>lloret@ebi.ac.uk</vCard:EMAIL>
	<vCard:ORG rdf:parseType="Resource">
	<vCard:Orgname>EMBL-EBI</vCard:Orgname>
	</vCard:ORG>
	</rdf:li>
	</rdf:Bag>
	</dc:creator>
	<dcterms:created rdf:parseType="Resource">
	<dcterms:W3CDTF>2014-07-17T17:11:16Z</dcterms:W3CDTF>
	</dcterms:created>
	<dcterms:modified rdf:parseType="Resource">
	<dcterms:W3CDTF>2014-09-08T14:06:59Z</dcterms:W3CDTF>
	</dcterms:modified>
	<bqmodel:is>
	<rdf:Bag>
	<rdf:li rdf:resource="http://identifiers.org/biomodels.db/MODEL1407170000"/>
	</rdf:Bag>
	</bqmodel:is>
	<bqmodel:is>
	<rdf:Bag>
	<rdf:li rdf:resource="http://identifiers.org/biomodels.db/BIOMD0000000531"/>
	</rdf:Bag>
	</bqmodel:is>
	<bqmodel:isDescribedBy>
	<rdf:Bag>
	<rdf:li rdf:resource="http://identifiers.org/pubmed/22767606"/>
	</rdf:Bag>
	</bqmodel:isDescribedBy>
	<bqbiol:hasTaxon>
	<rdf:Bag>
	<rdf:li rdf:resource="http://identifiers.org/taxonomy/9606"/>
	</rdf:Bag>
	</bqbiol:hasTaxon>
	<bqbiol:isVersionOf>
	<rdf:Bag>
	<rdf:li rdf:resource="http://identifiers.org/go/GO:1990000"/>
	<rdf:li rdf:resource="http://identifiers.org/go/GO:0070841"/>
	</rdf:Bag>
	</bqbiol:isVersionOf>
	<bqbiol:hasProperty>
	<rdf:Bag>
	<rdf:li rdf:resource="http://identifiers.org/doid/DOID:10652"/>
	</rdf:Bag>
	</bqbiol:hasProperty>
	</rdf:Description>
	
	</rdf:RDF>
	</annotation>
      <listOfUnitDefinitions>
      <unitDefinition id="volume" metaid="_224f94f3-7d8c-4058-899c-ef158671d01e" name="volume">
        <listOfUnits>
          <unit exponent="1" kind="litre" metaid="b0b05891-9c17-4104-836c-e37a86b35f95" multiplier="1" scale="-3"/>
        </listOfUnits>
      </unitDefinition>
      <unitDefinition id="time" metaid="_45409b69-6247-4659-b564-97ab08e0e5cd" name="time">
        <listOfUnits>
          <unit exponent="1" kind="second" metaid="e38bd50b-5dda-4daa-a633-c6f6c51d2ed8" multiplier="3600" scale="0"/>
        </listOfUnits>
      </unitDefinition>
      <unitDefinition id="substance" metaid="_7abe9aca-312c-4b5d-baa2-c64840864da1" name="substance">
        <listOfUnits>
          <unit exponent="1" kind="mole" metaid="_5aa1de13-c181-4205-a36f-9fbe53894ab3" multiplier="1" scale="-3"/>
        </listOfUnits>
      </unitDefinition>
    </listOfUnitDefinitions>
    <listOfCompartments>
      <compartment constant="true" id="Cell" metaid="_8c187780-0687-4474-b99b-39f1f4af941f" name="Cell" size="1" spatialDimensions="3">
        <annotation>
	<rdf:RDF xmlns:rdf="http://www.w3.org/1999/02/22-rdf-syntax-ns#" xmlns:bqmodel="http://biomodels.net/model-qualifiers/" xmlns:bqbiol="http://biomodels.net/biology-qualifiers/">
            <rdf:Description rdf:about="#_8c187780-0687-4474-b99b-39f1f4af941f">
	<bqbiol:is>
	<rdf:Bag>
	<rdf:li rdf:resource="http://identifiers.org/bto/BTO:0000142"/>
	</rdf:Bag>
	</bqbiol:is>
	</rdf:Description>
	
	</rdf:RDF>
	</annotation>
            </compartment>
    </listOfCompartments>
    <listOfSpecies>
      <species boundaryCondition="true" compartment="Cell" constant="false" hasOnlySubstanceUnits="false" id="alpha" initialConcentration="0" metaid="COPASI1" name="alpha">
        <annotation>
          <COPASI xmlns="http://www.copasi.org/static/sbml">
            <rdf:RDF xmlns:dcterms="http://purl.org/dc/terms/" xmlns:rdf="http://www.w3.org/1999/02/22-rdf-syntax-ns#">
              <rdf:Description rdf:about="#COPASI1">
                <dcterms:created>
                  <rdf:Description>
                    <dcterms:W3CDTF>2014-07-15T14:40:47Z</dcterms:W3CDTF>
                  </rdf:Description>
                </dcterms:created>
              </rdf:Description>
            </rdf:RDF>
          </COPASI>
	<rdf:RDF xmlns:rdf="http://www.w3.org/1999/02/22-rdf-syntax-ns#" xmlns:bqmodel="http://biomodels.net/model-qualifiers/" xmlns:bqbiol="http://biomodels.net/biology-qualifiers/">
            <rdf:Description rdf:about="#COPASI1">
	<bqbiol:is>
	<rdf:Bag>
	<rdf:li rdf:resource="http://identifiers.org/chebi/CHEBI:60425"/>
	</rdf:Bag>
	</bqbiol:is>
	</rdf:Description>
	
	</rdf:RDF>
	</annotation>
            </species>
    </listOfSpecies>
    <listOfParameters>
      <parameter constant="true" id="Ka" metaid="COPASI2" name="Ka" value="1.44">
        <annotation>
          <COPASI xmlns="http://www.copasi.org/static/sbml">
            <rdf:RDF xmlns:dcterms="http://purl.org/dc/terms/" xmlns:rdf="http://www.w3.org/1999/02/22-rdf-syntax-ns#">
              <rdf:Description rdf:about="#COPASI2">
                <dcterms:created>
                  <rdf:Description>
                    <dcterms:W3CDTF>2014-07-17T15:42:40Z</dcterms:W3CDTF>
                  </rdf:Description>
                </dcterms:created>
              </rdf:Description>
            </rdf:RDF>
          </COPASI>
        </annotation>
            </parameter>
      <parameter constant="true" id="kb" metaid="COPASI3" name="kb" value="1.6E-10">
        <annotation>
          <COPASI xmlns="http://www.copasi.org/static/sbml">
            <rdf:RDF xmlns:dcterms="http://purl.org/dc/terms/" xmlns:rdf="http://www.w3.org/1999/02/22-rdf-syntax-ns#">
              <rdf:Description rdf:about="#COPASI3">
                <dcterms:created>
                  <rdf:Description>
                    <dcterms:W3CDTF>2014-07-17T15:42:38Z</dcterms:W3CDTF>
                  </rdf:Description>
                </dcterms:created>
              </rdf:Description>
            </rdf:RDF>
          </COPASI>
        </annotation>
            </parameter>
      <parameter constant="false" id="kat50" metaid="COPASI4" name="kat50" value="22.5558473008547">
        <annotation>
          <COPASI xmlns="http://www.copasi.org/static/sbml">
            <rdf:RDF xmlns:dcterms="http://purl.org/dc/terms/" xmlns:rdf="http://www.w3.org/1999/02/22-rdf-syntax-ns#">
              <rdf:Description rdf:about="#COPASI4">
                <dcterms:created>
                  <rdf:Description>
                    <dcterms:W3CDTF>2014-07-17T15:39:44Z</dcterms:W3CDTF>
                  </rdf:Description>
                </dcterms:created>
              </rdf:Description>
            </rdf:RDF>
          </COPASI>
        </annotation>
            </parameter>
      <parameter constant="false" id="v50t50" metaid="COPASI5" name="v50t50" value="5.63896182611591">
        <annotation>
          <COPASI xmlns="http://www.copasi.org/static/sbml">
            <rdf:RDF xmlns:dcterms="http://purl.org/dc/terms/" xmlns:rdf="http://www.w3.org/1999/02/22-rdf-syntax-ns#">
              <rdf:Description rdf:about="#COPASI5">
                <dcterms:created>
                  <rdf:Description>
                    <dcterms:W3CDTF>2014-07-17T15:40:52Z</dcterms:W3CDTF>
                  </rdf:Description>
                </dcterms:created>
              </rdf:Description>
            </rdf:RDF>
          </COPASI>
        </annotation>
            </parameter>
    </listOfParameters>
    <listOfRules>
      <assignmentRule metaid="_15d0c074-0652-4ed7-b795-9a1fd1a61655" variable="kat50">
        <math xmlns="http://www.w3.org/1998/Math/MathML">        
          <apply>
            <ln/>
            <apply>
              <plus/>
              <apply>
                <divide/>
                <cn> 1 </cn>
                <ci> kb </ci>
              </apply>
              <cn> 1 </cn>
            </apply>
          </apply>
        </math>
            </assignmentRule>
      <assignmentRule metaid="d9080aa4-e7cc-4a7a-b7f7-b7ee59435fb4" variable="v50t50">
        <math xmlns="http://www.w3.org/1998/Math/MathML">        
          <apply>
            <times/>
            <apply>
              <divide/>
              <cn> 1 </cn>
              <cn> 4 </cn>
            </apply>
            <apply>
              <plus/>
              <ci> kb </ci>
              <cn> 1 </cn>
            </apply>
            <apply>
              <ln/>
              <apply>
                <plus/>
                <apply>
                  <divide/>
                  <cn> 1 </cn>
                  <ci> kb </ci>
                </apply>
                <cn> 1 </cn>
              </apply>
            </apply>
          </apply>
        </math>
            </assignmentRule>
      <assignmentRule metaid="_7c0e119e-a2dd-4f1c-8e79-63b95d38df3b" variable="alpha">
        <math xmlns="http://www.w3.org/1998/Math/MathML">        
          <apply>
            <minus/>
            <cn> 1 </cn>
            <apply>
              <divide/>
              <cn> 1 </cn>
              <apply>
                <plus/>
                <apply>
                  <times/>
                  <ci> kb </ci>
                  <apply>
                    <minus/>
                    <apply>
                      <exp/>
                      <apply>
                        <times/>
                        <ci> Ka </ci>
                        <csymbol encoding="text" definitionURL="http://www.sbml.org/sbml/symbols/time"> time </csymbol>
                      </apply>
                    </apply>
                    <cn> 1 </cn>
                  </apply>
                </apply>
                <cn> 1 </cn>
              </apply>
            </apply>
          </apply>
        </math>
            </assignmentRule>
    </listOfRules>
  </model>
</sbml>