filename,is_structured,num_boundary_reactions,total_reactions,num_imbalanced_reactions,num_balanced_reactions,frac_balanced_reactions,frac_Boundary_reactions
BIOMD0000000100_url.xml,False,5,10,10,0,0.0,0.5
BIOMD0000000355_url.xml,True,12,17,17,0,0.0,0.7058823529411765
BIOMD0000000413_url.xml,False,4,9,9,0,0.0,0.4444444444444444
BIOMD0000000594_url.xml,True,0,120,120,0,0.0,0.0
BIOMD0000000354_url.xml,False,6,11,11,0,0.0,0.5454545454545454
BIOMD0000000582_url.xml,True,14,41,41,0,0.0,0.34146341463414637
BIOMD0000000177_url.xml,False,0,21,21,0,0.0,0.0
BIOMD0000000597_url.xml,False,51,56,56,0,0.0,0.9107142857142857
BIOMD0000000633_url.xml,True,2,35,35,0,0.0,0.05714285714285714
BIOMD0000000192_url.xml,True,0,9,9,0,0.0,0.0
BIOMD0000000557_url.xml,True,4,22,22,0,0.0,0.18181818181818182
BIOMD0000000448_url.xml,False,0,34,34,0,0.0,0.0
BIOMD0000000226_url.xml,False,0,24,24,0,0.0,0.0
BIOMD0000000158_url.xml,False,5,6,6,0,0.0,0.8333333333333334
BIOMD0000000068_url.xml,False,0,3,3,0,0.0,0.0
BIOMD0000000007_url.xml,False,8,25,25,0,0.0,0.32
BIOMD0000000172_url.xml,False,0,19,19,0,0.0,0.0
BIOMD0000000214_url.xml,False,17,24,24,0,0.0,0.7083333333333334
BIOMD0000000224_url.xml,False,4,6,6,0,0.0,0.6666666666666666
BIOMD0000000169_url.xml,False,18,27,27,0,0.0,0.6666666666666666
BIOMD0000000114_url.xml,False,2,4,4,0,0.0,0.5
BIOMD0000000164_url.xml,True,1,29,29,0,0.0,0.034482758620689655
BIOMD0000000244_url.xml,False,86,109,109,0,0.0,0.7889908256880734
BIOMD0000000422_url.xml,False,0,43,43,0,0.0,0.0
BIOMD0000000563_url.xml,True,5,15,15,0,0.0,0.3333333333333333
BIOMD0000000501_url.xml,False,0,57,57,0,0.0,0.0
BIOMD0000000397_url.xml,False,0,29,29,0,0.0,0.0
BIOMD0000000248_url.xml,False,1,5,5,0,0.0,0.2
BIOMD0000000159_url.xml,False,5,6,6,0,0.0,0.8333333333333334
BIOMD0000000652_url.xml,False,0,63,63,0,0.0,0.0
BIOMD0000000450_url.xml,True,16,74,74,0,0.0,0.21621621621621623
BIOMD0000000439_url.xml,False,3,21,21,0,0.0,0.14285714285714285
BIOMD0000000261_url.xml,False,0,29,29,0,0.0,0.0
BIOMD0000000500_url.xml,True,0,18,18,0,0.0,0.0
BIOMD0000000216_url.xml,False,10,17,17,0,0.0,0.5882352941176471
BIOMD0000000598_url.xml,False,51,56,56,0,0.0,0.9107142857142857
BIOMD0000000063_url.xml,False,1,8,8,0,0.0,0.125
BIOMD0000000085_url.xml,False,0,17,17,0,0.0,0.0
BIOMD0000000236_url.xml,True,1,4,4,0,0.0,0.25
BIOMD0000000388_url.xml,False,2,7,7,0,0.0,0.2857142857142857
BIOMD0000000432_url.xml,False,0,10,10,0,0.0,0.0
BIOMD0000000408_url.xml,False,0,9,9,0,0.0,0.0
BIOMD0000000044_url.xml,False,3,8,8,0,0.0,0.375
BIOMD0000000446_url.xml,False,59,62,62,0,0.0,0.9516129032258065
BIOMD0000000001_url.xml,False,0,17,17,0,0.0,0.0
BIOMD0000000310_url.xml,False,4,6,6,0,0.0,0.6666666666666666
BIOMD0000000090_url.xml,True,3,21,21,0,0.0,0.14285714285714285
BIOMD0000000471_url.xml,False,0,282,282,0,0.0,0.0
BIOMD0000000110_url.xml,False,14,22,22,0,0.0,0.6363636363636364
BIOMD0000000590_url.xml,False,12,20,20,0,0.0,0.6
BIOMD0000000546_url.xml,False,0,5,5,0,0.0,0.0
BIOMD0000000117_url.xml,False,3,6,6,0,0.0,0.5
BIOMD0000000380_url.xml,False,0,8,8,0,0.0,0.0
BIOMD0000000605_url.xml,False,34,58,58,0,0.0,0.5862068965517241
BIOMD0000000537_url.xml,True,31,73,73,0,0.0,0.4246575342465753
BIOMD0000000461_url.xml,False,0,3,3,0,0.0,0.0
BIOMD0000000213_url.xml,False,0,12,12,0,0.0,0.0
BIOMD0000000387_url.xml,False,0,4,4,0,0.0,0.0
BIOMD0000000247_url.xml,False,0,25,25,0,0.0,0.0
BIOMD0000000006_url.xml,False,0,3,3,0,0.0,0.0
BIOMD0000000067_url.xml,False,8,13,13,0,0.0,0.6153846153846154
BIOMD0000000630_url.xml,False,9,14,14,0,0.0,0.6428571428571429
BIOMD0000000305_url.xml,True,0,4,4,0,0.0,0.0
BIOMD0000000004_url.xml,False,3,7,7,0,0.0,0.42857142857142855
BIOMD0000000613_url.xml,False,46,58,58,0,0.0,0.7931034482758621
BIOMD0000000314_url.xml,True,2,12,12,0,0.0,0.16666666666666666
BIOMD0000000011_url.xml,False,0,30,30,0,0.0,0.0
BIOMD0000000022_url.xml,False,0,32,32,0,0.0,0.0
BIOMD0000000101_url.xml,True,6,13,13,0,0.0,0.46153846153846156
BIOMD0000000017_url.xml,False,0,14,14,0,0.0,0.0
BIOMD0000000212_url.xml,False,0,18,18,0,0.0,0.0
BIOMD0000000290_url.xml,False,11,12,12,0,0.0,0.9166666666666666
BIOMD0000000306_url.xml,False,6,8,8,0,0.0,0.75
BIOMD0000000037_url.xml,False,4,12,12,0,0.0,0.3333333333333333
BIOMD0000000171_url.xml,False,16,26,26,0,0.0,0.6153846153846154
BIOMD0000000472_url.xml,False,0,282,282,0,0.0,0.0
BIOMD0000000200_url.xml,False,0,34,34,0,0.0,0.0
BIOMD0000000048_url.xml,False,0,25,25,0,0.0,0.0
BIOMD0000000176_url.xml,False,0,19,19,0,0.0,0.0
BIOMD0000000536_url.xml,True,27,66,66,0,0.0,0.4090909090909091
BIOMD0000000487_url.xml,False,0,6,6,0,0.0,0.0
BIOMD0000000121_url.xml,False,0,5,5,0,0.0,0.0
BIOMD0000000163_url.xml,True,6,26,26,0,0.0,0.23076923076923078
BIOMD0000000058_url.xml,False,10,11,11,0,0.0,0.9090909090909091
BIOMD0000000069_url.xml,True,0,7,7,0,0.0,0.0
BIOMD0000000019_url.xml,False,1,125,125,0,0.0,0.008
BIOMD0000000656_url.xml,False,0,62,62,0,0.0,0.0
MODEL0911120000_url.xml,True,11,18,18,0,0.0,0.6111111111111112
BIOMD0000000257_url.xml,False,3,11,11,0,0.0,0.2727272727272727
BIOMD0000000356_url.xml,True,1,64,64,0,0.0,0.015625
BIOMD0000000010_url.xml,True,0,10,10,0,0.0,0.0
BIOMD0000000230_url.xml,False,0,64,64,0,0.0,0.0
BIOMD0000000502_url.xml,False,2,11,11,0,0.0,0.18181818181818182
BIOMD0000000096_url.xml,False,34,46,46,0,0.0,0.7391304347826086
BIOMD0000000294_url.xml,False,12,26,26,0,0.0,0.46153846153846156
BIOMD0000000232_url.xml,False,2,12,12,0,0.0,0.16666666666666666
BIOMD0000000178_url.xml,False,0,4,4,0,0.0,0.0
BIOMD0000000460_url.xml,False,0,3,3,0,0.0,0.0
BIOMD0000000123_url.xml,True,0,17,17,0,0.0,0.0
BIOMD0000000319_url.xml,False,2,4,4,0,0.0,0.5
BIOMD0000000438_url.xml,False,0,7,7,0,0.0,0.0
BIOMD0000000629_url.xml,False,0,2,2,0,0.0,0.0
BIOMD0000000145_url.xml,True,10,11,11,0,0.0,0.9090909090909091
BIOMD0000000534_url.xml,True,30,71,71,0,0.0,0.4225352112676056
BIOMD0000000463_url.xml,False,17,50,50,0,0.0,0.34
BIOMD0000000038_url.xml,False,0,10,10,0,0.0,0.0
BIOMD0000000258_url.xml,False,0,4,4,0,0.0,0.0
BIOMD0000000468_url.xml,False,0,74,74,0,0.0,0.0
BIOMD0000000490_url.xml,True,37,66,66,0,0.0,0.5606060606060606
BIOMD0000000412_url.xml,False,0,56,56,0,0.0,0.0
BIOMD0000000201_url.xml,False,27,33,33,0,0.0,0.8181818181818182
BIOMD0000000399_url.xml,False,1,125,125,0,0.0,0.008
BIOMD0000000445_url.xml,False,59,64,64,0,0.0,0.921875
BIOMD0000000170_url.xml,False,11,17,17,0,0.0,0.6470588235294118
BIOMD0000000217_url.xml,False,0,16,16,0,0.0,0.0
BIOMD0000000455_url.xml,False,0,5,5,0,0.0,0.0
BIOMD0000000351_url.xml,False,8,12,12,0,0.0,0.6666666666666666
BIOMD0000000029_url.xml,False,0,7,7,0,0.0,0.0
BIOMD0000000027_url.xml,False,0,4,4,0,0.0,0.0
BIOMD0000000436_url.xml,False,6,22,22,0,0.0,0.2727272727272727
BIOMD0000000092_url.xml,False,0,3,3,0,0.0,0.0
BIOMD0000000624_url.xml,True,0,5,5,0,0.0,0.0
BIOMD0000000486_url.xml,False,0,2,2,0,0.0,0.0
BIOMD0000000115_url.xml,False,2,5,5,0,0.0,0.4
BIOMD0000000025_url.xml,False,0,4,4,0,0.0,0.0
BIOMD0000000466_url.xml,False,0,28,28,0,0.0,0.0
BIOMD0000000051_url.xml,False,30,48,48,0,0.0,0.625
BIOMD0000000047_url.xml,True,0,3,3,0,0.0,0.0
BIOMD0000000208_url.xml,False,12,15,15,0,0.0,0.8
BIOMD0000000289_url.xml,False,11,12,12,0,0.0,0.9166666666666666
BIOMD0000000040_url.xml,False,0,5,5,0,0.0,0.0
BIOMD0000000056_url.xml,False,35,94,94,0,0.0,0.3723404255319149
BIOMD0000000506_url.xml,False,4,59,59,0,0.0,0.06779661016949153
BIOMD0000000283_url.xml,False,0,2,2,0,0.0,0.0
BIOMD0000000206_url.xml,False,3,11,11,0,0.0,0.2727272727272727
BIOMD0000000480_url.xml,False,32,88,88,0,0.0,0.36363636363636365
BIOMD0000000313_url.xml,True,5,16,16,0,0.0,0.3125
BIOMD0000000580_url.xml,True,0,26,26,0,0.0,0.0
BIOMD0000000147_url.xml,True,14,51,51,0,0.0,0.27450980392156865
BIOMD0000000518_url.xml,False,4,9,9,0,0.0,0.4444444444444444
BIOMD0000000328_url.xml,True,0,29,29,0,0.0,0.0
BIOMD0000000255_url.xml,False,0,827,827,0,0.0,0.0
BIOMD0000000033_url.xml,False,0,26,26,0,0.0,0.0
BIOMD0000000066_url.xml,False,0,7,7,0,0.0,0.0
BIOMD0000000284_url.xml,False,0,8,8,0,0.0,0.0
BIOMD0000000237_url.xml,False,0,31,31,0,0.0,0.0
BIOMD0000000595_url.xml,False,0,1490,1490,0,0.0,0.0
BIOMD0000000196_url.xml,True,3,13,13,0,0.0,0.23076923076923078
BIOMD0000000545_url.xml,False,3,10,10,0,0.0,0.3
BIOMD0000000334_url.xml,True,0,66,66,0,0.0,0.0
BIOMD0000000572_url.xml,True,0,21,21,0,0.0,0.0
BIOMD0000000083_url.xml,False,40,57,57,0,0.0,0.7017543859649122
BIOMD0000000160_url.xml,False,35,41,41,0,0.0,0.8536585365853658
BIOMD0000000604_url.xml,False,34,54,54,0,0.0,0.6296296296296297
BIOMD0000000479_url.xml,False,3,44,44,0,0.0,0.06818181818181818
BIOMD0000000437_url.xml,True,0,40,40,0,0.0,0.0
MODEL0404023805_url.xml,True,92,806,806,0,0.0,0.1141439205955335
BIOMD0000000587_url.xml,False,7,23,23,0,0.0,0.30434782608695654
BIOMD0000000296_url.xml,False,0,8,8,0,0.0,0.0
BIOMD0000000363_url.xml,False,0,4,4,0,0.0,0.0
BIOMD0000000619_url.xml,False,0,13,13,0,0.0,0.0
BIOMD0000000281_url.xml,False,0,22,22,0,0.0,0.0
BIOMD0000000353_url.xml,True,0,9,9,0,0.0,0.0
BIOMD0000000583_url.xml,True,10,30,30,0,0.0,0.3333333333333333
BIOMD0000000071_url.xml,False,1,14,14,0,0.0,0.07142857142857142
BIOMD0000000222_url.xml,False,0,11,11,0,0.0,0.0
BIOMD0000000260_url.xml,False,0,29,29,0,0.0,0.0
BIOMD0000000453_url.xml,True,0,117,117,0,0.0,0.0
BIOMD0000000484_url.xml,False,0,2,2,0,0.0,0.0
BIOMD0000000309_url.xml,False,2,4,4,0,0.0,0.5
BIOMD0000000564_url.xml,False,37,38,38,0,0.0,0.9736842105263158
BIOMD0000000045_url.xml,False,0,8,8,0,0.0,0.0
BIOMD0000000541_url.xml,False,0,30,30,0,0.0,0.0
BIOMD0000000423_url.xml,False,0,11,11,0,0.0,0.0
BIOMD0000000265_url.xml,False,28,52,52,0,0.0,0.5384615384615384
BIOMD0000000282_url.xml,False,0,3,3,0,0.0,0.0
BIOMD0000000467_url.xml,False,0,24,24,0,0.0,0.0
BIOMD0000000540_url.xml,False,0,11,11,0,0.0,0.0
BIOMD0000000021_url.xml,False,14,24,24,0,0.0,0.5833333333333334
BIOMD0000000389_url.xml,False,0,18,18,0,0.0,0.0
BIOMD0000000473_url.xml,False,0,298,298,0,0.0,0.0
BIOMD0000000149_url.xml,False,7,33,33,0,0.0,0.21212121212121213
BIOMD0000000065_url.xml,False,12,16,16,0,0.0,0.75
BIOMD0000000311_url.xml,False,3,5,5,0,0.0,0.6
BIOMD0000000576_url.xml,True,0,52,52,0,0.0,0.0
BIOMD0000000102_url.xml,True,13,28,28,0,0.0,0.4642857142857143
BIOMD0000000485_url.xml,False,0,4,4,0,0.0,0.0
BIOMD0000000016_url.xml,False,0,10,10,0,0.0,0.0
BIOMD0000000384_url.xml,False,0,4,4,0,0.0,0.0
BIOMD0000000259_url.xml,False,0,29,29,0,0.0,0.0
BIOMD0000000053_url.xml,False,4,12,12,0,0.0,0.3333333333333333
BIOMD0000000654_url.xml,False,0,63,63,0,0.0,0.0
BIOMD0000000173_url.xml,True,0,26,26,0,0.0,0.0
MODEL0403888565_url.xml,True,92,805,805,0,0.0,0.11428571428571428
BIOMD0000000441_url.xml,False,0,10,10,0,0.0,0.0
BIOMD0000000075_url.xml,True,1,8,8,0,0.0,0.125
BIOMD0000000165_url.xml,True,2,30,30,0,0.0,0.06666666666666667
BIOMD0000000535_url.xml,True,30,71,71,0,0.0,0.4225352112676056
BIOMD0000000041_url.xml,False,0,9,9,0,0.0,0.0
BIOMD0000000632_url.xml,False,10,14,14,0,0.0,0.7142857142857143
BIOMD0000000166_url.xml,False,6,9,9,0,0.0,0.6666666666666666
BIOMD0000000429_url.xml,False,5,16,16,0,0.0,0.3125
BIOMD0000000547_url.xml,False,2,14,14,0,0.0,0.14285714285714285
BIOMD0000000032_url.xml,False,2,47,47,0,0.0,0.0425531914893617
BIOMD0000000270_url.xml,True,0,42,42,0,0.0,0.0
BIOMD0000000492_url.xml,False,0,88,88,0,0.0,0.0
BIOMD0000000491_url.xml,False,0,86,86,0,0.0,0.0
BIOMD0000000342_url.xml,True,0,29,29,0,0.0,0.0
BIOMD0000000235_url.xml,True,3,778,778,0,0.0,0.0038560411311053984
BIOMD0000000061_url.xml,False,0,24,24,0,0.0,0.0
BIOMD0000000060_url.xml,False,0,3,3,0,0.0,0.0
BIOMD0000000427_url.xml,True,2,22,22,0,0.0,0.09090909090909091
BIOMD0000000609_url.xml,True,7,10,10,0,0.0,0.7
BIOMD0000000231_url.xml,False,0,4,4,0,0.0,0.0
BIOMD0000000503_url.xml,False,2,34,34,0,0.0,0.058823529411764705
BIOMD0000000577_url.xml,False,59,64,64,0,0.0,0.921875
BIOMD0000000602_url.xml,True,0,42,42,0,0.0,0.0
BIOMD0000000112_url.xml,True,1,8,8,0,0.0,0.125
BIOMD0000000528_url.xml,True,0,12,12,0,0.0,0.0
BIOMD0000000581_url.xml,False,0,32,32,0,0.0,0.0
BIOMD0000000391_url.xml,False,4,21,21,0,0.0,0.19047619047619047
BIOMD0000000464_url.xml,False,0,10,10,0,0.0,0.0
BIOMD0000000253_url.xml,False,0,4,4,0,0.0,0.0
BIOMD0000000113_url.xml,True,4,7,7,0,0.0,0.5714285714285714
BIOMD0000000566_url.xml,False,0,2,2,0,0.0,0.0
BIOMD0000000150_url.xml,False,0,2,2,0,0.0,0.0
BIOMD0000000295_url.xml,False,6,8,8,0,0.0,0.75
BIOMD0000000406_url.xml,False,0,51,51,0,0.0,0.0
BIOMD0000000433_url.xml,False,0,10,10,0,0.0,0.0
BIOMD0000000556_url.xml,False,1,8,8,0,0.0,0.125
BIOMD0000000036_url.xml,False,0,5,5,0,0.0,0.0
BIOMD0000000636_url.xml,True,0,113,113,0,0.0,0.0
BIOMD0000000242_url.xml,False,9,12,12,0,0.0,0.75
BIOMD0000000043_url.xml,True,0,7,7,0,0.0,0.0
BIOMD0000000162_url.xml,True,27,45,45,0,0.0,0.6
BIOMD0000000098_url.xml,False,3,6,6,0,0.0,0.5
BIOMD0000000481_url.xml,True,0,28,28,0,0.0,0.0
BIOMD0000000210_url.xml,True,0,12,12,0,0.0,0.0
BIOMD0000000539_url.xml,False,8,11,11,0,0.0,0.7272727272727273
BIOMD0000000569_url.xml,False,0,62,62,0,0.0,0.0
BIOMD0000000245_url.xml,False,10,20,20,0,0.0,0.5
BIOMD0000000568_url.xml,False,25,69,69,0,0.0,0.36231884057971014
BIOMD0000000091_url.xml,False,1,23,23,0,0.0,0.043478260869565216
BIOMD0000000088_url.xml,False,0,110,110,0,0.0,0.0
BIOMD0000000625_url.xml,False,36,38,38,0,0.0,0.9473684210526315
BIOMD0000000390_url.xml,False,0,6,6,0,0.0,0.0
BIOMD0000000591_url.xml,False,0,9,9,0,0.0,0.0
BIOMD0000000393_url.xml,False,3,36,36,0,0.0,0.08333333333333333
BIOMD0000000411_url.xml,False,0,13,13,0,0.0,0.0
BIOMD0000000323_url.xml,False,3,6,6,0,0.0,0.5
BIOMD0000000168_url.xml,False,9,10,10,0,0.0,0.9
BIOMD0000000443_url.xml,False,5,22,22,0,0.0,0.22727272727272727
BIOMD0000000197_url.xml,False,0,10,10,0,0.0,0.0
BIOMD0000000392_url.xml,False,1,27,27,0,0.0,0.037037037037037035
BIOMD0000000648_url.xml,False,0,64,64,0,0.0,0.0
BIOMD0000000655_url.xml,False,0,63,63,0,0.0,0.0
BIOMD0000000358_url.xml,True,0,8,8,0,0.0,0.0
BIOMD0000000151_url.xml,False,6,72,72,0,0.0,0.08333333333333333
BIOMD0000000221_url.xml,False,0,11,11,0,0.0,0.0
BIOMD0000000076_url.xml,False,0,2,2,0,0.0,0.0
BIOMD0000000084_url.xml,False,0,8,8,0,0.0,0.0
BIOMD0000000573_url.xml,False,4,7,7,0,0.0,0.5714285714285714
BIOMD0000000120_url.xml,True,4,10,10,0,0.0,0.4
BIOMD0000000638_url.xml,False,0,48,48,0,0.0,0.0
BIOMD0000000156_url.xml,False,4,5,5,0,0.0,0.8
BIOMD0000000459_url.xml,False,0,3,3,0,0.0,0.0
BIOMD0000000095_url.xml,False,34,46,46,0,0.0,0.7391304347826086
BIOMD0000000520_url.xml,False,3,7,7,0,0.0,0.42857142857142855
BIOMD0000000476_url.xml,False,31,36,36,0,0.0,0.8611111111111112
BIOMD0000000574_url.xml,True,0,576,576,0,0.0,0.0
BIOMD0000000483_url.xml,False,0,8,8,0,0.0,0.0
BIOMD0000000396_url.xml,False,0,16,16,0,0.0,0.0
BIOMD0000000087_url.xml,False,0,43,43,0,0.0,0.0
BIOMD0000000157_url.xml,False,5,6,6,0,0.0,0.8333333333333334
BIOMD0000000465_url.xml,False,0,12,12,0,0.0,0.0
BIOMD0000000225_url.xml,True,0,3,3,0,0.0,0.0
BIOMD0000000405_url.xml,False,4,8,8,0,0.0,0.5
BIOMD0000000318_url.xml,False,13,17,17,0,0.0,0.7647058823529411
BIOMD0000000146_url.xml,False,0,34,34,0,0.0,0.0
BIOMD0000000320_url.xml,True,7,14,14,0,0.0,0.5
BIOMD0000000603_url.xml,False,34,58,58,0,0.0,0.5862068965517241
BIOMD0000000104_url.xml,False,0,2,2,0,0.0,0.0
BIOMD0000000249_url.xml,False,9,20,20,0,0.0,0.45
BIOMD0000000639_url.xml,True,4,10,10,0,0.0,0.4
BIOMD0000000144_url.xml,False,42,54,54,0,0.0,0.7777777777777778
BIOMD0000000449_url.xml,False,0,34,34,0,0.0,0.0
BIOMD0000000607_url.xml,False,34,58,58,0,0.0,0.5862068965517241
BIOMD0000000002_url.xml,False,0,17,17,0,0.0,0.0
BIOMD0000000218_url.xml,False,0,14,14,0,0.0,0.0
BIOMD0000000366_url.xml,True,0,8,8,0,0.0,0.0
BIOMD0000000097_url.xml,False,34,46,46,0,0.0,0.7391304347826086
BIOMD0000000517_url.xml,False,4,9,9,0,0.0,0.4444444444444444
BIOMD0000000137_url.xml,False,4,20,20,0,0.0,0.2
BIOMD0000000622_url.xml,False,4,17,17,0,0.0,0.23529411764705882
BIOMD0000000637_url.xml,False,0,22,22,0,0.0,0.0
MODEL0403988150_url.xml,True,92,806,806,0,0.0,0.1141439205955335
BIOMD0000000039_url.xml,True,0,7,7,0,0.0,0.0
BIOMD0000000018_url.xml,False,8,47,47,0,0.0,0.1702127659574468
BIOMD0000000219_url.xml,False,0,15,15,0,0.0,0.0
BIOMD0000000046_url.xml,False,0,15,15,0,0.0,0.0
BIOMD0000000122_url.xml,True,0,17,17,0,0.0,0.0
BIOMD0000000167_url.xml,True,0,7,7,0,0.0,0.0
BIOMD0000000267_url.xml,False,0,3,3,0,0.0,0.0
BIOMD0000000519_url.xml,False,3,7,7,0,0.0,0.42857142857142855
BIOMD0000000042_url.xml,False,15,25,25,0,0.0,0.6
BIOMD0000000452_url.xml,True,0,117,117,0,0.0,0.0
BIOMD0000000451_url.xml,False,0,53,53,0,0.0,0.0
BIOMD0000000454_url.xml,False,0,4,4,0,0.0,0.0
BIOMD0000000383_url.xml,False,0,4,4,0,0.0,0.0
BIOMD0000000327_url.xml,False,4,11,11,0,0.0,0.36363636363636365
BIOMD0000000077_url.xml,False,2,5,5,0,0.0,0.4
BIOMD0000000623_url.xml,False,0,31,31,0,0.0,0.0
MODEL0403928902_url.xml,True,92,805,805,0,0.0,0.11428571428571428
BIOMD0000000089_url.xml,False,31,36,36,0,0.0,0.8611111111111112
BIOMD0000000107_url.xml,True,6,23,23,0,0.0,0.2608695652173913
MODEL0403954746_url.xml,True,92,805,805,0,0.0,0.11428571428571428
BIOMD0000000415_url.xml,False,0,5,5,0,0.0,0.0
BIOMD0000000031_url.xml,False,0,4,4,0,0.0,0.0
BIOMD0000000233_url.xml,False,0,4,4,0,0.0,0.0
BIOMD0000000308_url.xml,False,2,6,6,0,0.0,0.3333333333333333
BIOMD0000000240_url.xml,False,10,14,14,0,0.0,0.7142857142857143
BIOMD0000000015_url.xml,False,5,37,37,0,0.0,0.13513513513513514
BIOMD0000000064_url.xml,False,1,17,17,0,0.0,0.058823529411764705
BIOMD0000000653_url.xml,False,0,62,62,0,0.0,0.0
BIOMD0000000050_url.xml,False,0,16,16,0,0.0,0.0
BIOMD0000000059_url.xml,True,16,18,18,0,0.0,0.8888888888888888
BIOMD0000000190_url.xml,False,2,13,13,0,0.0,0.15384615384615385
BIOMD0000000228_url.xml,False,14,22,22,0,0.0,0.6363636363636364
BIOMD0000000055_url.xml,False,24,32,32,0,0.0,0.75
BIOMD0000000444_url.xml,False,5,22,22,0,0.0,0.22727272727272727
BIOMD0000000567_url.xml,False,0,2,2,0,0.0,0.0
BIOMD0000000565_url.xml,True,39,64,64,0,0.0,0.609375
BIOMD0000000610_url.xml,False,34,58,58,0,0.0,0.5862068965517241
BIOMD0000000350_url.xml,True,27,30,30,0,0.0,0.9
BIOMD0000000023_url.xml,False,0,11,11,0,0.0,0.0
BIOMD0000000008_url.xml,False,9,13,13,0,0.0,0.6923076923076923
BIOMD0000000601_url.xml,True,0,3,3,0,0.0,0.0
BIOMD0000000297_url.xml,False,29,51,51,0,0.0,0.5686274509803921
BIOMD0000000081_url.xml,True,1,15,15,0,0.0,0.06666666666666667
BIOMD0000000174_url.xml,False,4,10,10,0,0.0,0.4
BIOMD0000000646_url.xml,False,10,24,24,0,0.0,0.4166666666666667
BIOMD0000000182_url.xml,True,0,32,32,0,0.0,0.0
BIOMD0000000052_url.xml,True,0,11,11,0,0.0,0.0
BIOMD0000000586_url.xml,False,7,23,23,0,0.0,0.30434782608695654
BIOMD0000000332_url.xml,True,0,69,69,0,0.0,0.0
BIOMD0000000409_url.xml,False,2,31,31,0,0.0,0.06451612903225806
BIOMD0000000024_url.xml,False,0,4,4,0,0.0,0.0
BIOMD0000000386_url.xml,False,0,4,4,0,0.0,0.0
BIOMD0000000307_url.xml,False,2,5,5,0,0.0,0.4
BIOMD0000000072_url.xml,False,3,7,7,0,0.0,0.42857142857142855
BIOMD0000000325_url.xml,False,7,10,10,0,0.0,0.7
BIOMD0000000321_url.xml,True,4,6,6,0,0.0,0.6666666666666666
BIOMD0000000495_url.xml,True,3,17,17,0,0.0,0.17647058823529413
BIOMD0000000456_url.xml,False,0,6,6,0,0.0,0.0
BIOMD0000000347_url.xml,True,11,36,36,0,0.0,0.3055555555555556
BIOMD0000000337_url.xml,False,3,5,5,0,0.0,0.6
BIOMD0000000106_url.xml,False,20,32,32,0,0.0,0.625
BIOMD0000000651_url.xml,False,0,16,16,0,0.0,0.0
BIOMD0000000385_url.xml,False,0,4,4,0,0.0,0.0
BIOMD0000000202_url.xml,True,11,15,15,0,0.0,0.7333333333333333
BIOMD0000000442_url.xml,False,0,12,12,0,0.0,0.0
BIOMD0000000292_url.xml,False,0,4,4,0,0.0,0.0
BIOMD0000000191_url.xml,False,3,5,5,0,0.0,0.6
BIOMD0000000126_url.xml,False,0,11,11,0,0.0,0.0
BIOMD0000000143_url.xml,True,3,20,20,0,0.0,0.15
BIOMD0000000035_url.xml,False,0,16,16,0,0.0,0.0
BIOMD0000000462_url.xml,False,0,8,8,0,0.0,0.0
BIOMD0000000352_url.xml,False,8,12,12,0,0.0,0.6666666666666666
BIOMD0000000482_url.xml,False,4,29,29,0,0.0,0.13793103448275862
BIOMD0000000640_url.xml,True,0,48,48,0,0.0,0.0
BIOMD0000000559_url.xml,False,0,136,136,0,0.0,0.0
BIOMD0000000606_url.xml,False,34,54,54,0,0.0,0.6296296296296297
BIOMD0000000322_url.xml,False,4,9,9,0,0.0,0.4444444444444444
BIOMD0000000005_url.xml,False,0,9,9,0,0.0,0.0
BIOMD0000000584_url.xml,True,12,14,14,0,0.0,0.8571428571428571
BIOMD0000000434_url.xml,False,0,35,35,0,0.0,0.0
BIOMD0000000227_url.xml,False,0,57,57,0,0.0,0.0
BIOMD0000000184_url.xml,False,4,7,7,0,0.0,0.5714285714285714
BIOMD0000000246_url.xml,True,28,41,41,0,0.0,0.6829268292682927
BIOMD0000000034_url.xml,False,17,22,22,0,0.0,0.7727272727272727
BIOMD0000000505_url.xml,False,4,59,59,0,0.0,0.06779661016949153
BIOMD0000000529_url.xml,True,0,12,12,0,0.0,0.0
BIOMD0000000512_url.xml,True,45,75,75,0,0.0,0.6
BIOMD0000000440_url.xml,False,0,10,10,0,0.0,0.0
BIOMD0000000268_url.xml,True,14,61,61,0,0.0,0.22950819672131148
BIOMD0000000273_url.xml,False,37,38,38,0,0.0,0.9736842105263158
BIOMD0000000635_url.xml,True,0,113,113,0,0.0,0.0
BIOMD0000000608_url.xml,False,44,140,140,0,0.0,0.3142857142857143
BIOMD0000000458_url.xml,False,0,3,3,0,0.0,0.0
BIOMD0000000269_url.xml,True,13,22,22,0,0.0,0.5909090909090909
BIOMD0000000477_url.xml,True,0,49,49,0,0.0,0.0
BIOMD0000000057_url.xml,False,0,5,5,0,0.0,0.0
BIOMD0000000108_url.xml,False,10,17,17,0,0.0,0.5882352941176471
BIOMD0000000109_url.xml,False,12,138,138,0,0.0,0.08695652173913043
BIOMD0000000209_url.xml,True,0,12,12,0,0.0,0.0
BIOMD0000000333_url.xml,True,0,45,45,0,0.0,0.0
BIOMD0000000070_url.xml,False,0,38,38,0,0.0,0.0
BIOMD0000000497_url.xml,False,0,285,284,1,0.0035087719298245615,0.0
BIOMD0000000496_url.xml,False,0,285,284,1,0.0035087719298245615,0.0
MODEL0072364382_url.xml,False,0,1857,1849,8,0.004308023694130318,0.0
BIOMD0000000205_url.xml,False,0,205,204,1,0.004878048780487805,0.0
BIOMD0000000469_url.xml,False,0,399,397,2,0.005012531328320802,0.0
BIOMD0000000470_url.xml,False,0,399,397,2,0.005012531328320802,0.0
BIOMD0000000457_url.xml,False,0,141,140,1,0.0070921985815602835,0.0
BIOMD0000000543_url.xml,False,9,127,126,1,0.00847457627118644,0.07086614173228346
BIOMD0000000544_url.xml,False,9,119,118,1,0.00909090909090909,0.07563025210084033
BIOMD0000000474_url.xml,True,0,367,363,4,0.010899182561307902,0.0
BIOMD0000000494_url.xml,True,0,71,70,1,0.014084507042253521,0.0
BIOMD0000000489_url.xml,False,0,59,58,1,0.01694915254237288,0.0
BIOMD0000000515_url.xml,True,0,40,39,1,0.025,0.0
BIOMD0000000161_url.xml,True,3,43,42,1,0.025,0.06976744186046512
BIOMD0000000510_url.xml,True,0,36,35,1,0.027777777777777776,0.0
BIOMD0000000514_url.xml,True,0,35,34,1,0.02857142857142857,0.0
BIOMD0000000431_url.xml,False,0,28,27,1,0.03571428571428571,0.0
BIOMD0000000430_url.xml,False,0,28,27,1,0.03571428571428571,0.0
BIOMD0000000175_url.xml,True,0,102,98,4,0.0392156862745098,0.0
BIOMD0000000475_url.xml,False,0,25,24,1,0.04,0.0
BIOMD0000000428_url.xml,True,0,23,22,1,0.043478260869565216,0.0
BIOMD0000000579_url.xml,False,0,175,167,8,0.045714285714285714,0.0
BIOMD0000000513_url.xml,True,0,21,20,1,0.047619047619047616,0.0
BIOMD0000000211_url.xml,False,0,21,20,1,0.047619047619047616,0.0
BIOMD0000000516_url.xml,True,0,40,38,2,0.05,0.0
BIOMD0000000287_url.xml,True,0,37,35,2,0.05405405405405406,0.0
BIOMD0000000511_url.xml,True,0,36,34,2,0.05555555555555555,0.0
BIOMD0000000599_url.xml,False,3,37,35,2,0.058823529411764705,0.08108108108108109
MODEL0568648427_url.xml,False,0,33,31,2,0.06060606060606061,0.0
BIOMD0000000239_url.xml,True,3,45,42,3,0.07142857142857142,0.06666666666666667
BIOMD0000000570_url.xml,False,5,18,17,1,0.07692307692307693,0.2777777777777778
BIOMD0000000498_url.xml,False,19,44,42,2,0.08,0.4318181818181818
BIOMD0000000285_url.xml,True,0,72,66,6,0.08333333333333333,0.0
BIOMD0000000398_url.xml,False,0,12,11,1,0.08333333333333333,0.0
BIOMD0000000086_url.xml,False,0,24,22,2,0.08333333333333333,0.0
BIOMD0000000395_url.xml,False,0,12,11,1,0.08333333333333333,0.0
BIOMD0000000575_url.xml,True,0,58,53,5,0.08620689655172414,0.0
BIOMD0000000030_url.xml,True,0,20,18,2,0.1,0.0
BIOMD0000000203_url.xml,True,0,10,9,1,0.1,0.0
BIOMD0000000394_url.xml,False,0,10,9,1,0.1,0.0
BIOMD0000000204_url.xml,True,0,10,9,1,0.1,0.0
BIOMD0000000250_url.xml,True,19,78,72,6,0.1016949152542373,0.24358974358974358
BIOMD0000000426_url.xml,False,0,29,26,3,0.10344827586206896,0.0
BIOMD0000000526_url.xml,True,0,19,17,2,0.10526315789473684,0.0
BIOMD0000000188_url.xml,True,1,20,18,2,0.10526315789473684,0.05
BIOMD0000000525_url.xml,True,0,19,17,2,0.10526315789473684,0.0
BIOMD0000000105_url.xml,True,0,94,83,11,0.11702127659574468,0.0
BIOMD0000000013_url.xml,True,0,21,18,3,0.14285714285714285,0.0
BIOMD0000000447_url.xml,False,19,32,30,2,0.15384615384615385,0.59375
BIOMD0000000524_url.xml,True,0,13,11,2,0.15384615384615385,0.0
BIOMD0000000523_url.xml,True,0,13,11,2,0.15384615384615385,0.0
BIOMD0000000116_url.xml,False,4,10,9,1,0.16666666666666666,0.4
BIOMD0000000542_url.xml,True,2,84,70,14,0.17073170731707318,0.023809523809523808
BIOMD0000000404_url.xml,True,0,35,29,6,0.17142857142857143,0.0
BIOMD0000000014_url.xml,False,0,300,248,52,0.17333333333333334,0.0
BIOMD0000000612_url.xml,True,0,76,62,14,0.18421052631578946,0.0
BIOMD0000000634_url.xml,True,0,112,91,21,0.1875,0.0
BIOMD0000000488_url.xml,True,0,112,91,21,0.1875,0.0
BIOMD0000000293_url.xml,True,0,316,256,60,0.189873417721519,0.0
BIOMD0000000286_url.xml,True,1,93,75,18,0.1956521739130435,0.010752688172043012
BIOMD0000000588_url.xml,True,20,157,129,28,0.20437956204379562,0.12738853503184713
BIOMD0000000183_url.xml,False,0,352,278,74,0.21022727272727273,0.0
BIOMD0000000340_url.xml,True,65,116,105,11,0.21568627450980393,0.5603448275862069
BIOMD0000000338_url.xml,True,64,115,104,11,0.21568627450980393,0.5565217391304348
BIOMD0000000339_url.xml,True,64,115,104,11,0.21568627450980393,0.5565217391304348
BIOMD0000000560_url.xml,True,0,117,91,26,0.2222222222222222,0.0
BIOMD0000000189_url.xml,True,1,14,11,3,0.23076923076923078,0.07142857142857142
BIOMD0000000223_url.xml,True,1,109,84,25,0.23148148148148148,0.009174311926605505
BIOMD0000000074_url.xml,False,40,57,53,4,0.23529411764705882,0.7017543859649122
BIOMD0000000028_url.xml,True,0,17,13,4,0.23529411764705882,0.0
BIOMD0000000600_url.xml,True,4,29,23,6,0.24,0.13793103448275862
BIOMD0000000103_url.xml,True,17,42,36,6,0.24,0.40476190476190477
BIOMD0000000364_url.xml,False,0,16,12,4,0.25,0.0
BIOMD0000000073_url.xml,False,32,48,44,4,0.25,0.6666666666666666
BIOMD0000000078_url.xml,False,32,48,44,4,0.25,0.6666666666666666
BIOMD0000000357_url.xml,False,0,8,6,2,0.25,0.0
BIOMD0000000365_url.xml,True,0,33,24,9,0.2727272727272727,0.0
BIOMD0000000504_url.xml,True,0,132,96,36,0.2727272727272727,0.0
BIOMD0000000611_url.xml,True,0,62,45,17,0.27419354838709675,0.0
BIOMD0000000628_url.xml,True,3,587,421,166,0.2842465753424658,0.005110732538330494
BIOMD0000000198_url.xml,False,0,7,5,2,0.2857142857142857,0.0
BIOMD0000000407_url.xml,True,54,88,78,10,0.29411764705882354,0.6136363636363636
BIOMD0000000326_url.xml,True,4,91,65,26,0.2988505747126437,0.04395604395604396
BIOMD0000000578_url.xml,True,4,96,68,28,0.30434782608695654,0.041666666666666664
BIOMD0000000256_url.xml,True,20,56,45,11,0.3055555555555556,0.35714285714285715
BIOMD0000000336_url.xml,True,1,20,14,6,0.3157894736842105,0.05
BIOMD0000000424_url.xml,True,1,58,40,18,0.3157894736842105,0.017241379310344827
BIOMD0000000194_url.xml,True,0,3,2,1,0.3333333333333333,0.0
BIOMD0000000262_url.xml,True,2,11,8,3,0.3333333333333333,0.18181818181818182
BIOMD0000000193_url.xml,True,0,6,4,2,0.3333333333333333,0.0
BIOMD0000000264_url.xml,True,3,15,11,4,0.3333333333333333,0.2
BIOMD0000000530_url.xml,False,11,17,15,2,0.3333333333333333,0.6470588235294118
BIOMD0000000082_url.xml,True,0,6,4,2,0.3333333333333333,0.0
BIOMD0000000272_url.xml,True,2,8,6,2,0.3333333333333333,0.25
BIOMD0000000263_url.xml,True,2,11,8,3,0.3333333333333333,0.18181818181818182
BIOMD0000000271_url.xml,True,2,8,6,2,0.3333333333333333,0.25
BIOMD0000000080_url.xml,True,0,6,4,2,0.3333333333333333,0.0
BIOMD0000000152_url.xml,True,0,120,78,42,0.35,0.0
BIOMD0000000153_url.xml,True,0,152,98,54,0.35526315789473684,0.0
BIOMD0000000049_url.xml,True,0,150,96,54,0.36,0.0
BIOMD0000000199_url.xml,True,0,10,6,4,0.4,0.0
BIOMD0000000187_url.xml,True,0,9,5,4,0.4444444444444444,0.0
BIOMD0000000344_url.xml,True,0,80,44,36,0.45,0.0
BIOMD0000000478_url.xml,True,0,39,21,18,0.46153846153846156,0.0
BIOMD0000000094_url.xml,True,3,45,25,20,0.47619047619047616,0.06666666666666667
BIOMD0000000093_url.xml,True,4,46,26,20,0.47619047619047616,0.08695652173913043
BIOMD0000000140_url.xml,True,14,45,30,15,0.4838709677419355,0.3111111111111111
BIOMD0000000139_url.xml,True,14,45,30,15,0.4838709677419355,0.3111111111111111
MODEL0318212660_url.xml,False,0,41,21,20,0.4878048780487805,0.0
BIOMD0000000009_url.xml,True,0,20,10,10,0.5,0.0
BIOMD0000000303_url.xml,True,3,45,24,21,0.5,0.06666666666666667
BIOMD0000000026_url.xml,True,0,10,5,5,0.5,0.0
BIOMD0000000362_url.xml,True,0,33,16,17,0.5151515151515151,0.0
BIOMD0000000220_url.xml,True,0,42,20,22,0.5238095238095238,0.0
BIOMD0000000243_url.xml,True,4,23,13,10,0.5263157894736842,0.17391304347826086
BIOMD0000000571_url.xml,True,41,92,65,27,0.5294117647058824,0.44565217391304346
BIOMD0000000335_url.xml,True,0,31,14,17,0.5483870967741935,0.0
BIOMD0000000186_url.xml,True,0,9,4,5,0.5555555555555556,0.0
BIOMD0000000315_url.xml,True,0,27,9,18,0.6666666666666666,0.0
BIOMD0000000647_url.xml,True,0,11,3,8,0.7272727272727273,0.0
BIOMD0000000361_url.xml,True,0,5,1,4,0.8,0.0
BIOMD0000000360_url.xml,True,0,8,1,7,0.875,0.0
BIOMD0000000359_url.xml,True,0,8,1,7,0.875,0.0
BIOMD0000000417_url.xml,False,2,2,2,0,,1.0
MODEL0847999575_url.xml,False,0,,0,,,
BIOMD0000000207_url.xml,False,6,6,6,0,,1.0
BIOMD0000000550_url.xml,False,0,,0,,,
MODEL0913049417_url.xml,False,0,,0,,,
BIOMD0000000650_url.xml,False,0,,0,,,
MODEL0406151557_url.xml,False,0,,0,,,
MODEL0848342500_url.xml,False,0,,0,,,
MODEL0911272039_url.xml,False,0,,0,,,
MODEL0912768548_url.xml,False,0,,0,,,
BIOMD0000000551_url.xml,False,0,,0,,,
BIOMD0000000241_url.xml,False,0,,0,,,
MODEL0847712949_url.xml,False,0,,0,,,
BIOMD0000000346_url.xml,False,0,,0,,,
BIOMD0000000402_url.xml,False,0,,0,,,
BIOMD0000000215_url.xml,False,14,14,14,0,,1.0
BIOMD0000000020_url.xml,False,0,,0,,,
BIOMD0000000238_url.xml,False,0,,0,,,
BIOMD0000000234_url.xml,False,0,,0,,,
BIOMD0000000276_url.xml,False,0,,0,,,
BIOMD0000000317_url.xml,False,6,6,6,0,,1.0
BIOMD0000000555_url.xml,False,0,,0,,,
BIOMD0000000538_url.xml,False,0,,0,,,
BIOMD0000000418_url.xml,False,2,2,2,0,,1.0
BIOMD0000000299_url.xml,False,0,,0,,,
BIOMD0000000370_url.xml,False,0,,0,,,
BIOMD0000000129_url.xml,False,0,,0,,,
BIOMD0000000527_url.xml,False,0,,0,,,
BIOMD0000000631_url.xml,False,33,33,33,0,,1.0
MODEL0848279215_url.xml,False,0,,0,,,
BIOMD0000000419_url.xml,False,6,6,6,0,,1.0
BIOMD0000000420_url.xml,False,4,4,4,0,,1.0
BIOMD0000000643_url.xml,False,0,,0,,,
BIOMD0000000376_url.xml,False,0,,0,,,
BIOMD0000000003_url.xml,False,7,7,7,0,,1.0
BIOMD0000000128_url.xml,False,3,3,3,0,,1.0
BIOMD0000000141_url.xml,False,0,,0,,,
BIOMD0000000343_url.xml,False,0,,0,,,
BIOMD0000000099_url.xml,False,14,14,12,2,,1.0
BIOMD0000000279_url.xml,False,0,,0,,,
BIOMD0000000304_url.xml,False,0,,0,,,
MODEL0912160001_url.xml,False,0,,0,,,
BIOMD0000000593_url.xml,False,0,,0,,,
BIOMD0000000554_url.xml,False,0,,0,,,
BIOMD0000000378_url.xml,False,0,,0,,,
BIOMD0000000377_url.xml,False,0,,0,,,
BIOMD0000000142_url.xml,False,0,,0,,,
BIOMD0000000373_url.xml,False,0,,0,,,
BIOMD0000000375_url.xml,False,0,,0,,,
BIOMD0000000280_url.xml,False,0,,0,,,
BIOMD0000000657_url.xml,False,3,3,3,0,,1.0
BIOMD0000000410_url.xml,False,31,,0,,,
BIOMD0000000615_url.xml,False,17,17,17,0,,1.0
MODEL0848116681_url.xml,False,0,,0,,,
BIOMD0000000131_url.xml,False,0,,0,,,
MODEL0912452142_url.xml,False,0,,0,,,
BIOMD0000000251_url.xml,False,9,9,9,0,,1.0
MODEL0847869198_url.xml,False,0,,0,,,
MODEL0913242281_url.xml,False,0,,0,,,
BIOMD0000000401_url.xml,False,0,,0,,,
BIOMD0000000621_url.xml,False,20,20,20,0,,1.0
BIOMD0000000508_url.xml,False,0,,0,,,
BIOMD0000000379_url.xml,False,0,,0,,,
BIOMD0000000312_url.xml,False,4,4,4,0,,1.0
BIOMD0000000374_url.xml,False,0,,0,,,
BIOMD0000000617_url.xml,False,4,4,4,0,,1.0
BIOMD0000000136_url.xml,False,0,,0,,,
BIOMD0000000133_url.xml,False,0,,0,,,
BIOMD0000000509_url.xml,False,0,,0,,,
BIOMD0000000645_url.xml,False,0,,0,,,
MODEL0911270005_url.xml,False,0,,0,,,
BIOMD0000000372_url.xml,False,0,,0,,,
BIOMD0000000425_url.xml,False,4,4,4,0,,1.0
BIOMD0000000521_url.xml,False,0,,0,,,
BIOMD0000000179_url.xml,False,17,17,17,0,,1.0
BIOMD0000000252_url.xml,False,0,,0,,,
MODEL0912044015_url.xml,False,0,,0,,,
BIOMD0000000627_url.xml,True,4,,0,,,
BIOMD0000000138_url.xml,False,1,1,1,0,,1.0
BIOMD0000000274_url.xml,False,0,,0,,,
MODEL0911202318_url.xml,False,0,,0,,,
BIOMD0000000012_url.xml,False,12,12,12,0,,1.0
MODEL0911270006_url.xml,False,0,,0,,,
MODEL0911376350_url.xml,False,0,,0,,,
BIOMD0000000134_url.xml,False,0,,0,,,
BIOMD0000000185_url.xml,False,20,20,20,0,,1.0
BIOMD0000000533_url.xml,False,0,,0,,,
MODEL0393108880_url.xml,False,0,,0,,,
BIOMD0000000620_url.xml,False,20,20,20,0,,1.0
BIOMD0000000416_url.xml,False,20,20,20,0,,1.0
MODEL0912160000_url.xml,False,0,,0,,,
BIOMD0000000532_url.xml,False,0,,0,,,
MODEL0911342562_url.xml,False,0,,0,,,
BIOMD0000000275_url.xml,True,9,9,9,0,,1.0
BIOMD0000000298_url.xml,False,0,,0,,,
BIOMD0000000641_url.xml,False,0,,0,,,
BIOMD0000000642_url.xml,False,0,,0,,,
BIOMD0000000062_url.xml,False,5,5,5,0,,1.0
BIOMD0000000111_url.xml,False,19,19,19,0,,1.0
MODEL0910846879_url.xml,False,0,,0,,,
BIOMD0000000522_url.xml,False,0,,0,,,
BIOMD0000000331_url.xml,False,0,,0,,,
BIOMD0000000585_url.xml,False,0,,0,,,
BIOMD0000000118_url.xml,False,0,,0,,,
BIOMD0000000148_url.xml,False,6,6,6,0,,1.0
BIOMD0000000324_url.xml,False,0,,0,,,
BIOMD0000000548_url.xml,False,0,,0,,,
MODEL0911231713_url.xml,False,0,,0,,,
MODEL0848676877_url.xml,False,0,,0,,,
BIOMD0000000316_url.xml,False,4,4,4,0,,1.0
BIOMD0000000553_url.xml,False,4,4,4,0,,1.0
MODEL0478740924_url.xml,False,0,,0,,,
MODEL0912160003_url.xml,False,0,,0,,,
BIOMD0000000414_url.xml,False,3,3,3,0,,1.0
BIOMD0000000291_url.xml,False,0,,0,,,
MODEL0911270007_url.xml,False,0,,0,,,
BIOMD0000000180_url.xml,False,20,20,20,0,,1.0
MODEL0912153452_url.xml,False,0,,0,,,
MODEL0406793751_url.xml,False,0,,0,,,
BIOMD0000000421_url.xml,False,4,4,4,0,,1.0
BIOMD0000000127_url.xml,False,0,,0,,,
BIOMD0000000626_url.xml,False,6,6,6,0,,1.0
BIOMD0000000278_url.xml,False,0,,0,,,
BIOMD0000000130_url.xml,False,0,,0,,,
MODEL0913003363_url.xml,False,0,,0,,,
BIOMD0000000558_url.xml,True,4,4,4,0,,1.0
BIOMD0000000367_url.xml,False,0,,0,,,
MODEL0406553884_url.xml,False,0,,0,,,
MODEL0911091440_url.xml,False,0,,0,,,
BIOMD0000000592_url.xml,False,0,,0,,,
MODEL0912388235_url.xml,False,0,,0,,,
MODEL0478895291_url.xml,False,0,,0,,,
MODEL0911601070_url.xml,False,0,,0,,,
BIOMD0000000277_url.xml,False,0,,0,,,
BIOMD0000000341_url.xml,False,0,,0,,,
MODEL0910928451_url.xml,False,0,,0,,,
MODEL0912940495_url.xml,False,0,,0,,,
BIOMD0000000561_url.xml,False,0,,0,,,
BIOMD0000000124_url.xml,False,2,2,2,0,,1.0
MODEL0913145131_url.xml,False,0,,0,,,
BIOMD0000000499_url.xml,False,0,,0,,,
BIOMD0000000549_url.xml,False,0,,0,,,
BIOMD0000000155_url.xml,False,4,4,4,0,,1.0
MODEL0911989198_url.xml,False,0,,0,,,
BIOMD0000000614_url.xml,False,4,4,4,0,,1.0
BIOMD0000000330_url.xml,False,0,,0,,,
BIOMD0000000301_url.xml,False,15,15,15,0,,1.0
BIOMD0000000125_url.xml,False,7,7,7,0,,1.0
MODEL0912180000_url.xml,False,0,,0,,,
BIOMD0000000154_url.xml,False,5,5,5,0,,1.0
MODEL0913285268_url.xml,False,0,,0,,,
BIOMD0000000493_url.xml,False,6,6,6,0,,1.0
BIOMD0000000119_url.xml,False,1,1,1,0,,1.0
MODEL0911665321_url.xml,False,0,,0,,,
BIOMD0000000348_url.xml,False,0,,0,,,
MODEL0406270966_url.xml,False,0,,0,,,
MODEL0848062679_url.xml,False,0,,0,,,
BIOMD0000000562_url.xml,False,0,,0,,,
BIOMD0000000507_url.xml,False,4,4,4,0,,1.0
BIOMD0000000368_url.xml,False,0,,0,,,
BIOMD0000000229_url.xml,False,14,14,14,0,,1.0
MODEL0848444339_url.xml,False,0,,0,,,
MODEL0909931851_url.xml,False,0,,0,,,
MODEL0910896131_url.xml,False,0,,0,,,
BIOMD0000000302_url.xml,False,0,,0,,,
BIOMD0000000054_url.xml,False,5,5,5,0,,1.0
MODEL0912887467_url.xml,False,0,,0,,,
BIOMD0000000618_url.xml,False,0,,0,,,
MODEL0912835813_url.xml,False,0,,0,,,
MODEL0912160004_url.xml,False,0,,0,,,
MODEL0479527919_url.xml,False,0,,0,,,
BIOMD0000000181_url.xml,False,18,18,18,0,,1.0
BIOMD0000000552_url.xml,False,4,4,4,0,,1.0
MODEL0912096133_url.xml,False,0,,0,,,
BIOMD0000000195_url.xml,False,20,20,20,0,,1.0
BIOMD0000000079_url.xml,False,6,6,6,0,,1.0
BIOMD0000000531_url.xml,False,0,,0,,,
MODEL0912503622_url.xml,False,0,,0,,,
BIOMD0000000349_url.xml,False,0,,0,,,
BIOMD0000000135_url.xml,False,0,,0,,,
MODEL0911047946_url.xml,False,0,,0,,,
BIOMD0000000596_url.xml,False,36,36,36,0,,1.0
BIOMD0000000345_url.xml,False,0,,0,,,
MODEL0491251823_url.xml,False,0,,0,,,
BIOMD0000000266_url.xml,False,0,,0,,,
MODEL0912160005_url.xml,False,0,,0,,,
BIOMD0000000132_url.xml,False,0,,0,,,
BIOMD0000000369_url.xml,False,0,,0,,,
MODEL0848507209_url.xml,False,0,,0,,,
MODEL0911270008_url.xml,False,0,,0,,,
BIOMD0000000403_url.xml,False,0,,0,,,
BIOMD0000000381_url.xml,False,0,,0,,,
BIOMD0000000254_url.xml,False,0,,0,,,
BIOMD0000000616_url.xml,False,10,10,10,0,,1.0
MODEL0911270004_url.xml,False,0,,0,,,
BIOMD0000000400_url.xml,False,0,,0,,,
BIOMD0000000371_url.xml,False,0,,0,,,
MODEL0911169699_url.xml,False,0,,0,,,
MODEL0911309080_url.xml,False,0,,0,,,
MODEL0911532520_url.xml,False,0,,0,,,
BIOMD0000000329_url.xml,False,8,8,8,0,,1.0
BIOMD0000000300_url.xml,False,10,10,10,0,,1.0
BIOMD0000000589_url.xml,False,0,,0,,,
BIOMD0000000435_url.xml,False,8,8,8,0,,1.0
MODEL0913095435_url.xml,False,0,,0,,,
MODEL0479926177_url.xml,False,0,,0,,,
BIOMD0000000644_url.xml,False,0,,0,,,
BIOMD0000000382_url.xml,False,0,,0,,,
BIOMD0000000288_url.xml,False,13,13,13,0,,1.0
